MonthDate;Month;CompanyCode;CompanyName;Country;HomeCountry;HomeCountryCode;Operation;NewUsers;Users;Sessions;Hits
2026-07-01 00:00:00.000;2026 07;;;;;;;0;1;3;4
2026-07-01 00:00:00.000;2026 07;;;;;null;;24;25;27;81
2026-07-01 00:00:00.000;2026 07;;;Afghanistan;;;;0;1;15;16
2026-07-01 00:00:00.000;2026 07;;;Albania;;;;0;1;17;17
2026-07-01 00:00:00.000;2026 07;;;Albania;;null;;0;2;2;3
2026-07-01 00:00:00.000;2026 07;;;Albania;Albania;AL;;0;1;14;15
2026-07-01 00:00:00.000;2026 07;;;Albania;Germany;DE;;0;1;3;6
2026-07-01 00:00:00.000;2026 07;;;Albania;United Kingdom;GB;;0;1;2;12
2026-07-01 00:00:00.000;2026 07;;;Algeria;;;;0;1;6;6
2026-07-01 00:00:00.000;2026 07;;;Algeria;;null;;5;9;10;15
2026-07-01 00:00:00.000;2026 07;;;Algeria;Algeria;DZ;;0;1;1;1
2026-07-01 00:00:00.000;2026 07;;;Algeria;Saudi Arabia;SA;;0;1;1;1
2026-07-01 00:00:00.000;2026 07;;;Andorra;;null;;1;1;1;3
2026-07-01 00:00:00.000;2026 07;;;Angola;;;;0;1;2;4
2026-07-01 00:00:00.000;2026 07;;;Angola;;null;;0;3;13;13
2026-07-01 00:00:00.000;2026 07;;;Anguilla;Anguilla;AI;;0;1;1;1
2026-07-01 00:00:00.000;2026 07;;;Antigua and Barbuda;Saint Lucia;LC;;0;1;1;4
2026-07-01 00:00:00.000;2026 07;;;Argentina;;;;0;1;38;52
2026-07-01 00:00:00.000;2026 07;;;Argentina;;null;;132;143;171;461
2026-07-01 00:00:00.000;2026 07;;;Argentina;Argentina;AR;;2;3;67;85
2026-07-01 00:00:00.000;2026 07;;;Argentina;Colombia;CO;;0;1;1;1
2026-07-01 00:00:00.000;2026 07;;;Argentina;Costa Rica;CR;;0;1;1;1
2026-07-01 00:00:00.000;2026 07;;;Argentina;Mexico;MX;;0;1;5;8
2026-07-01 00:00:00.000;2026 07;;;Armenia;;;;0;1;15;16
2026-07-01 00:00:00.000;2026 07;;;Armenia;;null;;3;3;3;3
2026-07-01 00:00:00.000;2026 07;;;Aruba;Aruba;AW;;0;1;1;1
2026-07-01 00:00:00.000;2026 07;;;Australia;;;;0;1;65;88
2026-07-01 00:00:00.000;2026 07;;;Australia;;null;;415;458;540;1139
2026-07-01 00:00:00.000;2026 07;;;Australia;Australia;AU;;1;2;1299;2821
2026-07-01 00:00:00.000;2026 07;;;Australia;Japan;JP;;0;1;2;4
2026-07-01 00:00:00.000;2026 07;;;Australia;Netherlands;NL;;0;1;1;2
2026-07-01 00:00:00.000;2026 07;;;Australia;New Zealand;NZ;;0;1;2;6
2026-07-01 00:00:00.000;2026 07;;;Australia;Philippines;PH;;0;1;2;11
2026-07-01 00:00:00.000;2026 07;;;Australia;Singapore;SG;;0;1;4;9
2026-07-01 00:00:00.000;2026 07;;;Austria;;;;0;1;54;111
2026-07-01 00:00:00.000;2026 07;;;Austria;;null;;141;169;195;522
2026-07-01 00:00:00.000;2026 07;;;Austria;Austria;AT;;0;1;186;333
2026-07-01 00:00:00.000;2026 07;;;Austria;Bulgaria;BG;;0;1;2;2
2026-07-01 00:00:00.000;2026 07;;;Austria;Czech Republic;CZ;;0;1;37;130
2026-07-01 00:00:00.000;2026 07;;;Austria;Hungary;HU;;0;1;5;15
2026-07-01 00:00:00.000;2026 07;;;Austria;Ireland;IE;;0;1;1;2
2026-07-01 00:00:00.000;2026 07;;;Austria;Israel;IL;;0;1;1;1
2026-07-01 00:00:00.000;2026 07;;;Austria;Netherlands;NL;;0;1;5;8
2026-07-01 00:00:00.000;2026 07;;;Austria;Poland;PL;;0;1;4;9
2026-07-01 00:00:00.000;2026 07;;;Austria;Romania;RO;;1;2;7;20
2026-07-01 00:00:00.000;2026 07;;;Austria;Serbia;RS;;0;1;2;7
2026-07-01 00:00:00.000;2026 07;;;Austria;Slovenia;SI;;0;1;1;1
2026-07-01 00:00:00.000;2026 07;;;Austria;Spain;ES;;0;1;6;15
2026-07-01 00:00:00.000;2026 07;;;Austria;Sweden;SE;;0;1;2;8
2026-07-01 00:00:00.000;2026 07;;;Austria;Switzerland;CH;;0;1;1;3
2026-07-01 00:00:00.000;2026 07;;;Austria;Turkey;TR;;0;1;5;27
2026-07-01 00:00:00.000;2026 07;;;Austria;United Kingdom;GB;;0;1;6;33
2026-07-01 00:00:00.000;2026 07;;;Azerbaijan;;;;0;1;1;1
2026-07-01 00:00:00.000;2026 07;;;Azerbaijan;;null;;11;12;15;25
2026-07-01 00:00:00.000;2026 07;;;Azerbaijan;Azerbaijan;AZ;;0;1;1;1
2026-07-01 00:00:00.000;2026 07;;;Bahamas;;null;;1;1;1;2
2026-07-01 00:00:00.000;2026 07;;;Bahamas;Bahamas;BS;;0;1;17;23
2026-07-01 00:00:00.000;2026 07;;;Bahrain;;;;0;1;14;36
2026-07-01 00:00:00.000;2026 07;;;Bahrain;;null;;152;156;176;371
2026-07-01 00:00:00.000;2026 07;;;Bahrain;Bahrain;BH;;0;1;2;2
2026-07-01 00:00:00.000;2026 07;;;Bangladesh;;;;0;1;19;20
2026-07-01 00:00:00.000;2026 07;;;Bangladesh;;null;;9;9;10;18
2026-07-01 00:00:00.000;2026 07;;;Bangladesh;Bangladesh;BD;;0;1;4;7
2026-07-01 00:00:00.000;2026 07;;;Barbados;Saint Kitts and Nevis;KN;;0;1;1;2
2026-07-01 00:00:00.000;2026 07;;;Belarus;;;;0;1;4;4
2026-07-01 00:00:00.000;2026 07;;;Belarus;;null;;0;1;1;1
2026-07-01 00:00:00.000;2026 07;;;Belarus;Belarus;BY;;0;1;2;7
2026-07-01 00:00:00.000;2026 07;;;Belgium;;;;0;1;33;67
2026-07-01 00:00:00.000;2026 07;;;Belgium;;null;;148;195;238;548
2026-07-01 00:00:00.000;2026 07;;;Belgium;Belgium;BE;;1;2;234;461
2026-07-01 00:00:00.000;2026 07;;;Belgium;Germany;DE;;0;1;1;1
2026-07-01 00:00:00.000;2026 07;;;Belgium;Luxembourg;LU;;0;1;1;3
2026-07-01 00:00:00.000;2026 07;;;Belgium;Netherlands;NL;;0;1;1;6
2026-07-01 00:00:00.000;2026 07;;;Belgium;United Kingdom;GB;;0;1;1;1
2026-07-01 00:00:00.000;2026 07;;;Benin;;;;0;1;1;1
2026-07-01 00:00:00.000;2026 07;;;Bermuda;;;;0;1;1;1
2026-07-01 00:00:00.000;2026 07;;;Bermuda;Bermuda;BM;;0;1;2;2
2026-07-01 00:00:00.000;2026 07;;;Bermuda;Canada;CA;;0;1;1;1
2026-07-01 00:00:00.000;2026 07;;;Bolivia;;;;0;1;4;4
2026-07-01 00:00:00.000;2026 07;;;Bolivia;;null;;0;1;1;2
2026-07-01 00:00:00.000;2026 07;;;Bosnia and Herzegovina;;;;0;1;3;4
2026-07-01 00:00:00.000;2026 07;;;Bosnia and Herzegovina;;null;;2;2;2;5
2026-07-01 00:00:00.000;2026 07;;;Botswana;;;;0;1;16;29
2026-07-01 00:00:00.000;2026 07;;;Botswana;;null;;58;68;79;186
2026-07-01 00:00:00.000;2026 07;;;Botswana;Botswana;BW;;0;1;1;2
2026-07-01 00:00:00.000;2026 07;;;Brazil;;;;0;1;68;122
2026-07-01 00:00:00.000;2026 07;;;Brazil;;null;;249;267;301;694
2026-07-01 00:00:00.000;2026 07;;;Brazil;Argentina;AR;;0;1;1;3
2026-07-01 00:00:00.000;2026 07;;;Brazil;Australia;AU;;0;1;1;2
2026-07-01 00:00:00.000;2026 07;;;Brazil;Belgium;BE;;0;1;5;5
2026-07-01 00:00:00.000;2026 07;;;Brazil;Brazil;BR;;0;1;310;634
2026-07-01 00:00:00.000;2026 07;;;Brazil;Canada;CA;;0;1;5;9
2026-07-01 00:00:00.000;2026 07;;;Brazil;Hong Kong;HK;;0;1;2;5
2026-07-01 00:00:00.000;2026 07;;;Brazil;Japan;JP;;0;1;1;1
2026-07-01 00:00:00.000;2026 07;;;Brazil;Mexico;MX;;0;1;3;3
2026-07-01 00:00:00.000;2026 07;;;Brazil;Netherlands;NL;;0;1;1;1
2026-07-01 00:00:00.000;2026 07;;;Brazil;Singapore;SG;;0;1;12;16
2026-07-01 00:00:00.000;2026 07;;;Brazil;United Arab Emirates;AE;;0;1;1;1
2026-07-01 00:00:00.000;2026 07;;;Brazil;United Kingdom;GB;;0;1;5;10
2026-07-01 00:00:00.000;2026 07;;;Brunei Darussalam;;null;;1;1;1;3
2026-07-01 00:00:00.000;2026 07;;;Bulgaria;;;;0;1;12;16
2026-07-01 00:00:00.000;2026 07;;;Bulgaria;;null;;30;31;34;77
2026-07-01 00:00:00.000;2026 07;;;Bulgaria;Bulgaria;BG;;0;1;52;109
2026-07-01 00:00:00.000;2026 07;;;Bulgaria;Iraq;IQ;;1;1;2;5
2026-07-01 00:00:00.000;2026 07;;;Bulgaria;Israel;IL;;0;1;1;3
2026-07-01 00:00:00.000;2026 07;;;Bulgaria;Poland;PL;;0;1;2;5
2026-07-01 00:00:00.000;2026 07;;;Cambodia;;null;;1;1;1;3
2026-07-01 00:00:00.000;2026 07;;;Cameroon;;null;;1;1;1;2
2026-07-01 00:00:00.000;2026 07;;;Canada;;;;0;1;197;343
2026-07-01 00:00:00.000;2026 07;;;Canada;;null;;178;209;250;594
2026-07-01 00:00:00.000;2026 07;;;Canada;Canada;CA;;0;1;1897;4046
2026-07-01 00:00:00.000;2026 07;;;Canada;India;IN;;0;1;3;6
2026-07-01 00:00:00.000;2026 07;;;Canada;Slovakia;SK;;0;1;1;3
2026-07-01 00:00:00.000;2026 07;;;Canada;United Kingdom;GB;;0;1;1;1
2026-07-01 00:00:00.000;2026 07;;;Cayman Islands;Cayman Islands;KY;;0;1;16;18
2026-07-01 00:00:00.000;2026 07;;;Chile;;;;0;1;10;10
2026-07-01 00:00:00.000;2026 07;;;Chile;;null;;55;61;72;143
2026-07-01 00:00:00.000;2026 07;;;Chile;Chile;CL;;0;1;66;123
2026-07-01 00:00:00.000;2026 07;;;Chile;Colombia;CO;;0;1;2;2
2026-07-01 00:00:00.000;2026 07;;;China;;;;0;1;2076;2090
2026-07-01 00:00:00.000;2026 07;;;China;;null;;98;109;139;223
2026-07-01 00:00:00.000;2026 07;;;China;China;CN;;0;1;46;94
2026-07-01 00:00:00.000;2026 07;;;China;Hong Kong;HK;;0;1;2;15
2026-07-01 00:00:00.000;2026 07;;;China;Japan;JP;;0;1;1;2
2026-07-01 00:00:00.000;2026 07;;;China;Republic of Korea;KR;;0;1;1;7
2026-07-01 00:00:00.000;2026 07;;;China;Taiwan (Republic of China);TW;;0;1;1;1
2026-07-01 00:00:00.000;2026 07;;;Colombia;;;;0;1;15;26
2026-07-01 00:00:00.000;2026 07;;;Colombia;;null;;73;84;97;204
2026-07-01 00:00:00.000;2026 07;;;Colombia;Colombia;CO;;0;1;287;713
2026-07-01 00:00:00.000;2026 07;;;Colombia;Costa Rica;CR;;0;1;4;10
2026-07-01 00:00:00.000;2026 07;;;Colombia;Ecuador;EC;;0;1;2;2
2026-07-01 00:00:00.000;2026 07;;;Colombia;Panama;PA;;0;1;7;12
2026-07-01 00:00:00.000;2026 07;;;Costa Rica;;;;0;1;13;16
2026-07-01 00:00:00.000;2026 07;;;Costa Rica;;null;;220;261;312;741
2026-07-01 00:00:00.000;2026 07;;;Costa Rica;Costa Rica;CR;;4;5;204;466
2026-07-01 00:00:00.000;2026 07;;;Croatia;;;;0;1;8;19
2026-07-01 00:00:00.000;2026 07;;;Croatia;;null;;11;13;15;26
2026-07-01 00:00:00.000;2026 07;;;Croatia;Austria;AT;;0;1;2;3
2026-07-01 00:00:00.000;2026 07;;;Croatia;Croatia;HR;;0;1;13;15
2026-07-01 00:00:00.000;2026 07;;;Croatia;Germany;DE;;0;1;2;4
2026-07-01 00:00:00.000;2026 07;;;Cuba;;null;;0;1;1;3
2026-07-01 00:00:00.000;2026 07;;;Curaçao;;null;;3;3;3;7
2026-07-01 00:00:00.000;2026 07;;;Cyprus;;;;0;1;2;2
2026-07-01 00:00:00.000;2026 07;;;Cyprus;;null;;5;5;5;10
2026-07-01 00:00:00.000;2026 07;;;Cyprus;Cyprus;CY;;0;1;4;6
2026-07-01 00:00:00.000;2026 07;;;Czech Republic;;;;0;2;15;46
2026-07-01 00:00:00.000;2026 07;;;Czech Republic;;null;;111;138;183;392
2026-07-01 00:00:00.000;2026 07;;;Czech Republic;Czech Republic;CZ;;0;1;150;339
2026-07-01 00:00:00.000;2026 07;;;Czech Republic;Denmark;DK;;0;1;1;2
2026-07-01 00:00:00.000;2026 07;;;Czech Republic;Hungary;HU;;0;1;1;2
2026-07-01 00:00:00.000;2026 07;;;Czech Republic;Portugal;PT;;0;1;1;1
2026-07-01 00:00:00.000;2026 07;;;Czech Republic;Republic of Korea;KR;;0;1;1;2
2026-07-01 00:00:00.000;2026 07;;;Czech Republic;Slovakia;SK;;0;1;10;11
2026-07-01 00:00:00.000;2026 07;;;Czech Republic;Ukraine;UA;;0;1;1;6
2026-07-01 00:00:00.000;2026 07;;;Czech Republic;United Kingdom;GB;;0;2;3;9
2026-07-01 00:00:00.000;2026 07;;;Côte d`Ivoire;;null;;1;1;1;3
2026-07-01 00:00:00.000;2026 07;;;Côte d`Ivoire;Côte d`Ivoire;CI;;0;1;1;1
2026-07-01 00:00:00.000;2026 07;;;Democratic Republic Congo;;null;;3;4;4;9
2026-07-01 00:00:00.000;2026 07;;;Denmark;;;;0;1;13;65
2026-07-01 00:00:00.000;2026 07;;;Denmark;;null;;50;61;68;155
2026-07-01 00:00:00.000;2026 07;;;Denmark;Denmark;DK;;0;1;85;216
2026-07-01 00:00:00.000;2026 07;;;Denmark;Sweden;SE;;0;1;3;7
2026-07-01 00:00:00.000;2026 07;;;Denmark;United Arab Emirates;AE;;0;1;7;9
2026-07-01 00:00:00.000;2026 07;;;Denmark;United Kingdom;GB;;0;1;3;3
2026-07-01 00:00:00.000;2026 07;;;Dominican Republic;;;;0;1;4;4
2026-07-01 00:00:00.000;2026 07;;;Dominican Republic;;null;;16;19;22;38
2026-07-01 00:00:00.000;2026 07;;;Dominican Republic;Dominican Republic;DO;;0;1;12;15
2026-07-01 00:00:00.000;2026 07;;;Ecuador;;;;0;1;4;4
2026-07-01 00:00:00.000;2026 07;;;Ecuador;;null;;12;17;30;57
2026-07-01 00:00:00.000;2026 07;;;Ecuador;Colombia;CO;;0;1;1;1
2026-07-01 00:00:00.000;2026 07;;;Ecuador;Ecuador;EC;;0;1;10;14
2026-07-01 00:00:00.000;2026 07;;;Egypt;;;;0;1;12;14
2026-07-01 00:00:00.000;2026 07;;;Egypt;;null;;151;199;244;539
2026-07-01 00:00:00.000;2026 07;;;Egypt;Egypt;EG;;0;1;43;62
2026-07-01 00:00:00.000;2026 07;;;Egypt;France;FR;;0;1;2;5
2026-07-01 00:00:00.000;2026 07;;;Egypt;Ireland;IE;;0;1;2;2
2026-07-01 00:00:00.000;2026 07;;;El Salvador;;null;;4;9;11;25
2026-07-01 00:00:00.000;2026 07;;;El Salvador;El Salvador;SV;;0;1;7;10
2026-07-01 00:00:00.000;2026 07;;;Estonia;;null;;15;21;23;62
2026-07-01 00:00:00.000;2026 07;;;Estonia;Estonia;EE;;0;1;1;3
2026-07-01 00:00:00.000;2026 07;;;Eswatini;;;;0;1;1;3
2026-07-01 00:00:00.000;2026 07;;;Eswatini;;null;;15;18;24;47
2026-07-01 00:00:00.000;2026 07;;;Ethiopia;;;;0;1;2;2
2026-07-01 00:00:00.000;2026 07;;;Ethiopia;;null;;2;2;2;4
2026-07-01 00:00:00.000;2026 07;;;Fiji;Fiji;FJ;;0;1;4;5
2026-07-01 00:00:00.000;2026 07;;;Finland;;;;0;1;9;16
2026-07-01 00:00:00.000;2026 07;;;Finland;;null;;33;37;46;106
2026-07-01 00:00:00.000;2026 07;;;Finland;Estonia;EE;;0;1;3;8
2026-07-01 00:00:00.000;2026 07;;;Finland;Finland;FI;;0;1;46;134
2026-07-01 00:00:00.000;2026 07;;;Finland;Lithuania;LT;;0;1;1;2
2026-07-01 00:00:00.000;2026 07;;;Finland;Sweden;SE;;0;1;1;3
2026-07-01 00:00:00.000;2026 07;;;France;;;;0;1;891;1553
2026-07-01 00:00:00.000;2026 07;;;France;;null;;367;472;555;1116
2026-07-01 00:00:00.000;2026 07;;;France;Belarus;BY;;0;1;1;5
2026-07-01 00:00:00.000;2026 07;;;France;Canada;CA;;0;1;2;3
2026-07-01 00:00:00.000;2026 07;;;France;Czech Republic;CZ;;0;1;3;33
2026-07-01 00:00:00.000;2026 07;;;France;Egypt;EG;;0;1;2;3
2026-07-01 00:00:00.000;2026 07;;;France;France;FR;;1;2;637;1347
2026-07-01 00:00:00.000;2026 07;;;France;Germany;DE;;0;1;3;10
2026-07-01 00:00:00.000;2026 07;;;France;Ireland;IE;;0;1;5;15
2026-07-01 00:00:00.000;2026 07;;;France;Italy;IT;;0;1;3;7
2026-07-01 00:00:00.000;2026 07;;;France;Luxembourg;LU;;0;1;1;2
2026-07-01 00:00:00.000;2026 07;;;France;Netherlands;NL;;0;1;3;7
2026-07-01 00:00:00.000;2026 07;;;France;Switzerland;CH;;0;1;3;6
2026-07-01 00:00:00.000;2026 07;;;France;Ukraine;UA;;0;1;1;4
2026-07-01 00:00:00.000;2026 07;;;France;United Arab Emirates;AE;;0;1;1;10
2026-07-01 00:00:00.000;2026 07;;;France;United Kingdom;GB;;0;1;8;12
2026-07-01 00:00:00.000;2026 07;;;Gabon;;;;0;1;1;2
2026-07-01 00:00:00.000;2026 07;;;Georgia;;;;0;1;1;1
2026-07-01 00:00:00.000;2026 07;;;Georgia;;null;;6;11;12;19
2026-07-01 00:00:00.000;2026 07;;;Germany;;;;0;1;2052;4521
2026-07-01 00:00:00.000;2026 07;;;Germany;;null;;1171;1357;1584;3532
2026-07-01 00:00:00.000;2026 07;;;Germany;Australia;AU;;0;1;2;4
2026-07-01 00:00:00.000;2026 07;;;Germany;Austria;AT;;0;1;1;1
2026-07-01 00:00:00.000;2026 07;;;Germany;Belgium;BE;;0;1;3;10
2026-07-01 00:00:00.000;2026 07;;;Germany;Czech Republic;CZ;;0;1;5;10
2026-07-01 00:00:00.000;2026 07;;;Germany;France;FR;;0;1;11;14
2026-07-01 00:00:00.000;2026 07;;;Germany;Germany;DE;;2;3;1678;3876
2026-07-01 00:00:00.000;2026 07;;;Germany;Ireland;IE;;0;1;7;20
2026-07-01 00:00:00.000;2026 07;;;Germany;Italy;IT;;0;1;1;1
2026-07-01 00:00:00.000;2026 07;;;Germany;Netherlands;NL;;0;1;11;18
2026-07-01 00:00:00.000;2026 07;;;Germany;Norway;NO;;0;1;1;3
2026-07-01 00:00:00.000;2026 07;;;Germany;Poland;PL;;0;1;12;18
2026-07-01 00:00:00.000;2026 07;;;Germany;Romania;RO;;0;1;1;1
2026-07-01 00:00:00.000;2026 07;;;Germany;Russia;RU;;0;1;1;1
2026-07-01 00:00:00.000;2026 07;;;Germany;Singapore;SG;;0;1;1;4
2026-07-01 00:00:00.000;2026 07;;;Germany;Slovenia;SI;;0;1;1;7
2026-07-01 00:00:00.000;2026 07;;;Germany;Spain;ES;;0;1;5;21
2026-07-01 00:00:00.000;2026 07;;;Germany;Sweden;SE;;0;1;1;2
2026-07-01 00:00:00.000;2026 07;;;Germany;Switzerland;CH;;0;1;29;80
2026-07-01 00:00:00.000;2026 07;;;Germany;Turkey;TR;;0;1;1;3
2026-07-01 00:00:00.000;2026 07;;;Germany;United Kingdom;GB;;0;1;6;24
2026-07-01 00:00:00.000;2026 07;;;Ghana;;;;0;1;3;3
2026-07-01 00:00:00.000;2026 07;;;Ghana;;null;;64;73;85;173
2026-07-01 00:00:00.000;2026 07;;;Ghana;Ghana;GH;;0;2;3;6
2026-07-01 00:00:00.000;2026 07;;;Gibraltar;;null;;2;2;2;4
2026-07-01 00:00:00.000;2026 07;;;Greece;;;;0;1;7;9
2026-07-01 00:00:00.000;2026 07;;;Greece;;null;;22;34;41;72
2026-07-01 00:00:00.000;2026 07;;;Greece;Greece;GR;;1;2;47;82
2026-07-01 00:00:00.000;2026 07;;;Greece;Switzerland;CH;;0;1;1;1
2026-07-01 00:00:00.000;2026 07;;;Greece;United Kingdom;GB;;0;1;2;4
2026-07-01 00:00:00.000;2026 07;;;Guatemala;;;;0;1;8;8
2026-07-01 00:00:00.000;2026 07;;;Guatemala;;null;;16;24;27;52
2026-07-01 00:00:00.000;2026 07;;;Guatemala;Guatemala;GT;;0;1;41;82
2026-07-01 00:00:00.000;2026 07;;;Guernsey;;;;0;1;5;5
2026-07-01 00:00:00.000;2026 07;;;Guernsey;;null;;89;115;148;279
2026-07-01 00:00:00.000;2026 07;;;Guernsey;Guernsey;GG;;0;1;9;13
2026-07-01 00:00:00.000;2026 07;;;Guyana;Guyana;GY;;0;1;1;1
2026-07-01 00:00:00.000;2026 07;;;Honduras;;;;0;1;2;2
2026-07-01 00:00:00.000;2026 07;;;Honduras;;null;;5;9;10;19
2026-07-01 00:00:00.000;2026 07;;;Honduras;Honduras;HN;;1;2;8;17
2026-07-01 00:00:00.000;2026 07;;;Hong Kong;;;;0;1;79;144
2026-07-01 00:00:00.000;2026 07;;;Hong Kong;;null;;362;395;436;1025
2026-07-01 00:00:00.000;2026 07;;;Hong Kong;China;CN;;0;1;7;24
2026-07-01 00:00:00.000;2026 07;;;Hong Kong;Hong Kong;HK;;2;3;179;325
2026-07-01 00:00:00.000;2026 07;;;Hong Kong;Malaysia;MY;;0;1;3;3
2026-07-01 00:00:00.000;2026 07;;;Hong Kong;Philippines;PH;;0;1;1;1
2026-07-01 00:00:00.000;2026 07;;;Hungary;;;;0;1;95;225
2026-07-01 00:00:00.000;2026 07;;;Hungary;;null;;129;155;169;435
2026-07-01 00:00:00.000;2026 07;;;Hungary;Hungary;HU;;1;2;88;177
2026-07-01 00:00:00.000;2026 07;;;Hungary;Ireland;IE;;0;1;1;1
2026-07-01 00:00:00.000;2026 07;;;Hungary;Spain;ES;;0;1;2;2
2026-07-01 00:00:00.000;2026 07;;;Iceland;Iceland;IS;;0;1;11;18
2026-07-01 00:00:00.000;2026 07;;;India;;;;0;1;185;323
2026-07-01 00:00:00.000;2026 07;;;India;;null;;735;857;995;2309
2026-07-01 00:00:00.000;2026 07;;;India;Canada;CA;;0;1;1;2
2026-07-01 00:00:00.000;2026 07;;;India;Czech Republic;CZ;;0;1;3;8
2026-07-01 00:00:00.000;2026 07;;;India;Germany;DE;;0;1;2;12
2026-07-01 00:00:00.000;2026 07;;;India;India;IN;;2;3;5329;14179
2026-07-01 00:00:00.000;2026 07;;;India;Indonesia;ID;;0;1;1;1
2026-07-01 00:00:00.000;2026 07;;;India;Ireland;IE;;0;1;1;5
2026-07-01 00:00:00.000;2026 07;;;India;Malaysia;MY;;0;1;3;3
2026-07-01 00:00:00.000;2026 07;;;India;Singapore;SG;;0;1;4;16
2026-07-01 00:00:00.000;2026 07;;;India;Switzerland;CH;;0;1;1;5
2026-07-01 00:00:00.000;2026 07;;;India;Taiwan (Republic of China);TW;;0;1;24;63
2026-07-01 00:00:00.000;2026 07;;;India;United Kingdom;GB;;0;1;12;19
2026-07-01 00:00:00.000;2026 07;;;Indonesia;;;;0;1;22;29
2026-07-01 00:00:00.000;2026 07;;;Indonesia;;null;;70;101;129;297
2026-07-01 00:00:00.000;2026 07;;;Indonesia;Australia;AU;;0;1;1;3
2026-07-01 00:00:00.000;2026 07;;;Indonesia;Indonesia;ID;;0;1;70;118
2026-07-01 00:00:00.000;2026 07;;;Iraq;;;;1;3;24;31
2026-07-01 00:00:00.000;2026 07;;;Iraq;;null;;164;208;249;524
2026-07-01 00:00:00.000;2026 07;;;Iraq;Iraq;IQ;;1;2;3;6
2026-07-01 00:00:00.000;2026 07;;;Ireland;;;;0;1;10324;10569
2026-07-01 00:00:00.000;2026 07;;;Ireland;;null;;324;359;401;805
2026-07-01 00:00:00.000;2026 07;;;Ireland;Belgium;BE;;0;1;1;4
2026-07-01 00:00:00.000;2026 07;;;Ireland;France;FR;;0;1;4;5
2026-07-01 00:00:00.000;2026 07;;;Ireland;Germany;DE;;0;1;83;165
2026-07-01 00:00:00.000;2026 07;;;Ireland;Greece;GR;;0;1;2;9
2026-07-01 00:00:00.000;2026 07;;;Ireland;India;IN;;0;1;87;199
2026-07-01 00:00:00.000;2026 07;;;Ireland;Ireland;IE;;1;2;1714;3886
2026-07-01 00:00:00.000;2026 07;;;Ireland;Israel;IL;;0;1;41;106
2026-07-01 00:00:00.000;2026 07;;;Ireland;Latvia;LV;;0;1;2;3
2026-07-01 00:00:00.000;2026 07;;;Ireland;Mexico;MX;;0;1;17;52
2026-07-01 00:00:00.000;2026 07;;;Ireland;Netherlands;NL;;0;1;1;2
2026-07-01 00:00:00.000;2026 07;;;Ireland;Poland;PL;;0;1;5;21
2026-07-01 00:00:00.000;2026 07;;;Ireland;Portugal;PT;;0;1;2;4
2026-07-01 00:00:00.000;2026 07;;;Ireland;Romania;RO;;0;1;2;3
2026-07-01 00:00:00.000;2026 07;;;Ireland;Spain;ES;;0;1;12;24
2026-07-01 00:00:00.000;2026 07;;;Ireland;Sweden;SE;;0;1;2;2
2026-07-01 00:00:00.000;2026 07;;;Ireland;Switzerland;CH;;0;1;10;32
2026-07-01 00:00:00.000;2026 07;;;Ireland;Turkey;TR;;0;1;2;2
2026-07-01 00:00:00.000;2026 07;;;Ireland;United Arab Emirates;AE;;0;1;2;2
2026-07-01 00:00:00.000;2026 07;;;Ireland;United Kingdom;GB;;0;1;79;136
2026-07-01 00:00:00.000;2026 07;;;Isle of Man;;null;;3;4;4;10
2026-07-01 00:00:00.000;2026 07;;;Israel;;;;0;1;17;22
2026-07-01 00:00:00.000;2026 07;;;Israel;;null;;33;40;46;85
2026-07-01 00:00:00.000;2026 07;;;Israel;Ireland;IE;;0;1;1;12
2026-07-01 00:00:00.000;2026 07;;;Israel;Israel;IL;;0;1;604;1575
2026-07-01 00:00:00.000;2026 07;;;Israel;Poland;PL;;0;1;9;13
2026-07-01 00:00:00.000;2026 07;;;Israel;Portugal;PT;;0;1;1;5
2026-07-01 00:00:00.000;2026 07;;;Israel;United Arab Emirates;AE;;0;1;1;1
2026-07-01 00:00:00.000;2026 07;;;Italy;;;;0;1;317;572
2026-07-01 00:00:00.000;2026 07;;;Italy;;null;;367;445;525;1118
2026-07-01 00:00:00.000;2026 07;;;Italy;Belgium;BE;;0;1;2;3
2026-07-01 00:00:00.000;2026 07;;;Italy;Egypt;EG;;0;1;1;1
2026-07-01 00:00:00.000;2026 07;;;Italy;Germany;DE;;0;1;2;5
2026-07-01 00:00:00.000;2026 07;;;Italy;Italy;IT;;1;2;394;826
2026-07-01 00:00:00.000;2026 07;;;Italy;Netherlands;NL;;0;1;1;2
2026-07-01 00:00:00.000;2026 07;;;Italy;Poland;PL;;0;1;3;4
2026-07-01 00:00:00.000;2026 07;;;Italy;Russia;RU;;0;1;1;4
2026-07-01 00:00:00.000;2026 07;;;Italy;Spain;ES;;0;1;7;14
2026-07-01 00:00:00.000;2026 07;;;Italy;Switzerland;CH;;0;1;2;9
2026-07-01 00:00:00.000;2026 07;;;Italy;Turkey;TR;;0;1;2;2
2026-07-01 00:00:00.000;2026 07;;;Italy;United Kingdom;GB;;0;1;2;2
2026-07-01 00:00:00.000;2026 07;;;Jamaica;Jamaica;JM;;0;1;25;28
2026-07-01 00:00:00.000;2026 07;;;Japan;;;;0;1;46;59
2026-07-01 00:00:00.000;2026 07;;;Japan;;null;;78;93;124;253
2026-07-01 00:00:00.000;2026 07;;;Japan;Australia;AU;;0;1;12;15
2026-07-01 00:00:00.000;2026 07;;;Japan;China;CN;;0;1;1;4
2026-07-01 00:00:00.000;2026 07;;;Japan;Egypt;EG;;0;1;1;1
2026-07-01 00:00:00.000;2026 07;;;Japan;Hong Kong;HK;;0;1;1;6
2026-07-01 00:00:00.000;2026 07;;;Japan;India;IN;;0;1;1;4
2026-07-01 00:00:00.000;2026 07;;;Japan;Japan;JP;;0;1;810;1982
2026-07-01 00:00:00.000;2026 07;;;Japan;Republic of Korea;KR;;0;1;12;23
2026-07-01 00:00:00.000;2026 07;;;Japan;Singapore;SG;;0;1;9;11
2026-07-01 00:00:00.000;2026 07;;;Japan;Taiwan (Republic of China);TW;;0;1;4;24
2026-07-01 00:00:00.000;2026 07;;;Japan;United Kingdom;GB;;0;1;2;11
2026-07-01 00:00:00.000;2026 07;;;Jersey;;null;;22;22;25;44
2026-07-01 00:00:00.000;2026 07;;;Jordan;;;;0;1;7;7
2026-07-01 00:00:00.000;2026 07;;;Jordan;;null;;29;42;54;84
2026-07-01 00:00:00.000;2026 07;;;Jordan;Jordan;JO;;0;1;2;3
2026-07-01 00:00:00.000;2026 07;;;Kazakhstan;;;;0;1;5;5
2026-07-01 00:00:00.000;2026 07;;;Kazakhstan;;null;;12;15;16;35
2026-07-01 00:00:00.000;2026 07;;;Kazakhstan;Kazakhstan;KZ;;0;1;6;19
2026-07-01 00:00:00.000;2026 07;;;Kenya;;;;0;1;11;19
2026-07-01 00:00:00.000;2026 07;;;Kenya;;null;;495;606;665;1469
2026-07-01 00:00:00.000;2026 07;;;Kenya;Kenya;KE;;0;1;31;43
2026-07-01 00:00:00.000;2026 07;;;Kenya;Netherlands;NL;;0;1;1;2
2026-07-01 00:00:00.000;2026 07;;;Kuwait;;;;0;1;4;7
2026-07-01 00:00:00.000;2026 07;;;Kuwait;;null;;101;115;143;286
2026-07-01 00:00:00.000;2026 07;;;Kyrgyzstan;;null;;2;2;2;3
2026-07-01 00:00:00.000;2026 07;;;Latvia;;;;0;1;3;4
2026-07-01 00:00:00.000;2026 07;;;Latvia;;null;;9;10;11;24
2026-07-01 00:00:00.000;2026 07;;;Latvia;Latvia;LV;;0;1;4;4
2026-07-01 00:00:00.000;2026 07;;;Lebanon;;;;0;1;4;11
2026-07-01 00:00:00.000;2026 07;;;Lebanon;;null;;21;23;35;71
2026-07-01 00:00:00.000;2026 07;;;Lebanon;Lebanon;LB;;0;1;2;3
2026-07-01 00:00:00.000;2026 07;;;Lesotho;;;;0;1;6;12
2026-07-01 00:00:00.000;2026 07;;;Lesotho;;null;;10;13;18;30
2026-07-01 00:00:00.000;2026 07;;;Lesotho;Lesotho;LS;;0;1;1;1
2026-07-01 00:00:00.000;2026 07;;;Libya;;null;;0;1;1;2
2026-07-01 00:00:00.000;2026 07;;;Lithuania;;;;0;1;55;55
2026-07-01 00:00:00.000;2026 07;;;Lithuania;;null;;2;3;3;6
2026-07-01 00:00:00.000;2026 07;;;Lithuania;Lithuania;LT;;0;1;9;15
2026-07-01 00:00:00.000;2026 07;;;Lithuania;United Kingdom;GB;;0;1;1;1
2026-07-01 00:00:00.000;2026 07;;;Luxembourg;;;;0;1;48;114
2026-07-01 00:00:00.000;2026 07;;;Luxembourg;;null;;30;36;44;86
2026-07-01 00:00:00.000;2026 07;;;Luxembourg;Germany;DE;;0;1;2;2
2026-07-01 00:00:00.000;2026 07;;;Luxembourg;Luxembourg;LU;;0;1;24;62
2026-07-01 00:00:00.000;2026 07;;;Luxembourg;Spain;ES;;0;1;1;4
2026-07-01 00:00:00.000;2026 07;;;Macao;;null;;1;1;1;3
2026-07-01 00:00:00.000;2026 07;;;Macao;Macao;MO;;0;1;4;5
2026-07-01 00:00:00.000;2026 07;;;Madagascar;;;;0;1;1;1
2026-07-01 00:00:00.000;2026 07;;;Madagascar;;null;;1;1;1;3
2026-07-01 00:00:00.000;2026 07;;;Madagascar;Madagascar;MG;;0;1;1;1
2026-07-01 00:00:00.000;2026 07;;;Malawi;;;;0;1;4;5
2026-07-01 00:00:00.000;2026 07;;;Malawi;;null;;49;54;64;139
2026-07-01 00:00:00.000;2026 07;;;Malaysia;;;;0;1;536;1220
2026-07-01 00:00:00.000;2026 07;;;Malaysia;;null;;256;323;395;850
2026-07-01 00:00:00.000;2026 07;;;Malaysia;Australia;AU;;0;1;1;5
2026-07-01 00:00:00.000;2026 07;;;Malaysia;Belgium;BE;;0;1;1;2
2026-07-01 00:00:00.000;2026 07;;;Malaysia;Bulgaria;BG;;0;1;2;5
2026-07-01 00:00:00.000;2026 07;;;Malaysia;Canada;CA;;0;1;1;7
2026-07-01 00:00:00.000;2026 07;;;Malaysia;Costa Rica;CR;;0;1;2;5
2026-07-01 00:00:00.000;2026 07;;;Malaysia;Croatia;HR;;0;1;2;4
2026-07-01 00:00:00.000;2026 07;;;Malaysia;Czech Republic;CZ;;0;1;2;4
2026-07-01 00:00:00.000;2026 07;;;Malaysia;Greece;GR;;0;1;7;25
2026-07-01 00:00:00.000;2026 07;;;Malaysia;Hong Kong;HK;;0;1;1;6
2026-07-01 00:00:00.000;2026 07;;;Malaysia;India;IN;;0;1;13;35
2026-07-01 00:00:00.000;2026 07;;;Malaysia;Indonesia;ID;;1;1;1;1
2026-07-01 00:00:00.000;2026 07;;;Malaysia;Israel;IL;;0;1;1;5
2026-07-01 00:00:00.000;2026 07;;;Malaysia;Japan;JP;;0;1;27;41
2026-07-01 00:00:00.000;2026 07;;;Malaysia;Jersey;JE;;0;1;2;4
2026-07-01 00:00:00.000;2026 07;;;Malaysia;Latvia;LV;;0;1;3;7
2026-07-01 00:00:00.000;2026 07;;;Malaysia;Lithuania;LT;;0;1;2;11
2026-07-01 00:00:00.000;2026 07;;;Malaysia;Malaysia;MY;;0;2;229;474
2026-07-01 00:00:00.000;2026 07;;;Malaysia;Netherlands;NL;;0;1;2;3
2026-07-01 00:00:00.000;2026 07;;;Malaysia;Nigeria;NG;;0;1;2;9
2026-07-01 00:00:00.000;2026 07;;;Malaysia;Norway;NO;;0;1;4;14
2026-07-01 00:00:00.000;2026 07;;;Malaysia;Philippines;PH;;0;1;9;21
2026-07-01 00:00:00.000;2026 07;;;Malaysia;Poland;PL;;0;1;1;6
2026-07-01 00:00:00.000;2026 07;;;Malaysia;Senegal;SN;;0;1;4;15
2026-07-01 00:00:00.000;2026 07;;;Malaysia;Singapore;SG;;0;1;17;74
2026-07-01 00:00:00.000;2026 07;;;Malaysia;Switzerland;CH;;0;1;2;7
2026-07-01 00:00:00.000;2026 07;;;Malaysia;Ukraine;UA;;0;1;2;5
2026-07-01 00:00:00.000;2026 07;;;Malaysia;United Kingdom;GB;;0;1;7;29
2026-07-01 00:00:00.000;2026 07;;;Malaysia;Vietnam;VN;;0;1;2;5
2026-07-01 00:00:00.000;2026 07;;;Malaysia;Virgin Islands (British);VG;;0;1;1;2
2026-07-01 00:00:00.000;2026 07;;;Maldives;;;;0;1;1;1
2026-07-01 00:00:00.000;2026 07;;;Maldives;;null;;1;1;1;2
2026-07-01 00:00:00.000;2026 07;;;Mali;;null;;1;1;1;2
2026-07-01 00:00:00.000;2026 07;;;Malta;;;;0;1;22;45
2026-07-01 00:00:00.000;2026 07;;;Malta;;null;;72;100;129;287
2026-07-01 00:00:00.000;2026 07;;;Malta;Belgium;BE;;0;1;1;5
2026-07-01 00:00:00.000;2026 07;;;Malta;Malta;MT;;0;1;14;26
2026-07-01 00:00:00.000;2026 07;;;Malta;New Zealand;NZ;;1;1;1;2
2026-07-01 00:00:00.000;2026 07;;;Mauritania;;null;;1;1;1;2
2026-07-01 00:00:00.000;2026 07;;;Mauritius;;;;0;1;8;18
2026-07-01 00:00:00.000;2026 07;;;Mauritius;;null;;53;81;100;290
2026-07-01 00:00:00.000;2026 07;;;Mauritius;Mauritius;MU;;0;1;2;2
2026-07-01 00:00:00.000;2026 07;;;Mayotte;Djibouti;DJ;;0;1;5;5
2026-07-01 00:00:00.000;2026 07;;;Mexico;;;;0;1;344;570
2026-07-01 00:00:00.000;2026 07;;;Mexico;;null;;2454;2847;3316;6882
2026-07-01 00:00:00.000;2026 07;;;Mexico;Costa Rica;CR;;0;1;26;50
2026-07-01 00:00:00.000;2026 07;;;Mexico;Mexico;MX;;1;3;941;1928
2026-07-01 00:00:00.000;2026 07;;;Moldova;;;;0;1;1;5
2026-07-01 00:00:00.000;2026 07;;;Moldova;Moldova;MD;;0;1;1;3
2026-07-01 00:00:00.000;2026 07;;;Monaco;;;;0;1;1;1
2026-07-01 00:00:00.000;2026 07;;;Montenegro;;;;0;1;1;1
2026-07-01 00:00:00.000;2026 07;;;Montenegro;Montenegro;ME;;0;1;6;25
2026-07-01 00:00:00.000;2026 07;;;Montenegro;United Kingdom;GB;;0;1;1;10
2026-07-01 00:00:00.000;2026 07;;;Montserrat;;;;0;1;1;2
2026-07-01 00:00:00.000;2026 07;;;Morocco;;;;0;1;12;17
2026-07-01 00:00:00.000;2026 07;;;Morocco;;null;;25;31;36;64
2026-07-01 00:00:00.000;2026 07;;;Morocco;Morocco;MA;;0;1;14;22
2026-07-01 00:00:00.000;2026 07;;;Morocco;Poland;PL;;0;1;1;4
2026-07-01 00:00:00.000;2026 07;;;Mozambique;;;;0;1;1;1
2026-07-01 00:00:00.000;2026 07;;;Mozambique;;null;;4;5;5;7
2026-07-01 00:00:00.000;2026 07;;;Myanmar;;;;0;1;2;2
2026-07-01 00:00:00.000;2026 07;;;Myanmar;;null;;1;1;1;2
2026-07-01 00:00:00.000;2026 07;;;Namibia;;;;0;1;5;6
2026-07-01 00:00:00.000;2026 07;;;Namibia;;null;;29;36;53;120
2026-07-01 00:00:00.000;2026 07;;;Nepal;;;;0;1;2;2
2026-07-01 00:00:00.000;2026 07;;;Nepal;;null;;2;3;3;4
2026-07-01 00:00:00.000;2026 07;;;Netherlands;;;;0;1;225;320
2026-07-01 00:00:00.000;2026 07;;;Netherlands;;null;;591;679;758;1605
2026-07-01 00:00:00.000;2026 07;;;Netherlands;Austria;AT;;0;1;3;8
2026-07-01 00:00:00.000;2026 07;;;Netherlands;Belgium;BE;;0;1;5;15
2026-07-01 00:00:00.000;2026 07;;;Netherlands;Bonaire, Sint Eustatius and Saba;BQ;;0;1;4;6
2026-07-01 00:00:00.000;2026 07;;;Netherlands;Canada;CA;;0;1;2;2
2026-07-01 00:00:00.000;2026 07;;;Netherlands;Czech Republic;CZ;;0;1;7;20
2026-07-01 00:00:00.000;2026 07;;;Netherlands;Denmark;DK;;0;1;2;3
2026-07-01 00:00:00.000;2026 07;;;Netherlands;Egypt;EG;;0;1;3;6
2026-07-01 00:00:00.000;2026 07;;;Netherlands;France;FR;;0;1;19;45
2026-07-01 00:00:00.000;2026 07;;;Netherlands;Germany;DE;;0;1;29;72
2026-07-01 00:00:00.000;2026 07;;;Netherlands;Hungary;HU;;0;1;2;3
2026-07-01 00:00:00.000;2026 07;;;Netherlands;India;IN;;0;1;1;3
2026-07-01 00:00:00.000;2026 07;;;Netherlands;Ireland;IE;;0;1;8;13
2026-07-01 00:00:00.000;2026 07;;;Netherlands;Israel;IL;;0;1;1;8
2026-07-01 00:00:00.000;2026 07;;;Netherlands;Italy;IT;;0;1;2;6
2026-07-01 00:00:00.000;2026 07;;;Netherlands;Kazakhstan;KZ;;0;1;1;4
2026-07-01 00:00:00.000;2026 07;;;Netherlands;Netherlands;NL;;0;3;839;1734
2026-07-01 00:00:00.000;2026 07;;;Netherlands;Oman;OM;;0;1;1;4
2026-07-01 00:00:00.000;2026 07;;;Netherlands;Poland;PL;;0;1;2;4
2026-07-01 00:00:00.000;2026 07;;;Netherlands;Portugal;PT;;0;1;2;5
2026-07-01 00:00:00.000;2026 07;;;Netherlands;South Africa;ZA;;0;1;8;15
2026-07-01 00:00:00.000;2026 07;;;Netherlands;Spain;ES;;0;1;6;9
2026-07-01 00:00:00.000;2026 07;;;Netherlands;Sweden;SE;;0;1;1;1
2026-07-01 00:00:00.000;2026 07;;;Netherlands;Switzerland;CH;;0;1;347;516
2026-07-01 00:00:00.000;2026 07;;;Netherlands;Turkey;TR;;0;1;2;2
2026-07-01 00:00:00.000;2026 07;;;Netherlands;United Arab Emirates;AE;;0;1;11;36
2026-07-01 00:00:00.000;2026 07;;;Netherlands;United Kingdom;GB;;0;1;102;261
2026-07-01 00:00:00.000;2026 07;;;New Zealand;;;;0;1;25;31
2026-07-01 00:00:00.000;2026 07;;;New Zealand;;null;;159;172;183;302
2026-07-01 00:00:00.000;2026 07;;;New Zealand;Australia;AU;;0;1;1;3
2026-07-01 00:00:00.000;2026 07;;;New Zealand;New Zealand;NZ;;2;3;109;197
2026-07-01 00:00:00.000;2026 07;;;Nicaragua;;;;0;1;1;1
2026-07-01 00:00:00.000;2026 07;;;Nicaragua;Canada;CA;;0;1;1;3
2026-07-01 00:00:00.000;2026 07;;;Nicaragua;Nicaragua;NI;;0;1;3;3
2026-07-01 00:00:00.000;2026 07;;;Niger;;null;;0;1;3;3
2026-07-01 00:00:00.000;2026 07;;;Nigeria;;;;0;1;13;23
2026-07-01 00:00:00.000;2026 07;;;Nigeria;;null;;57;75;88;188
2026-07-01 00:00:00.000;2026 07;;;Nigeria;Nigeria;NG;;0;1;12;16
2026-07-01 00:00:00.000;2026 07;;;North Macedonia;;;;0;1;85;300
2026-07-01 00:00:00.000;2026 07;;;North Macedonia;;null;;2;4;11;11
2026-07-01 00:00:00.000;2026 07;;;North Macedonia;North Macedonia;MK;;0;1;3;8
2026-07-01 00:00:00.000;2026 07;;;Norway;;;;0;1;14;32
2026-07-01 00:00:00.000;2026 07;;;Norway;;null;;13;18;22;40
2026-07-01 00:00:00.000;2026 07;;;Norway;Norway;NO;;0;1;23;40
2026-07-01 00:00:00.000;2026 07;;;Norway;Sweden;SE;;0;1;1;1
2026-07-01 00:00:00.000;2026 07;;;Oman;;;;0;1;10;15
2026-07-01 00:00:00.000;2026 07;;;Oman;;null;;77;87;103;202
2026-07-01 00:00:00.000;2026 07;;;Oman;Oman;OM;;0;1;16;49
2026-07-01 00:00:00.000;2026 07;;;Pakistan;;;;0;1;17;23
2026-07-01 00:00:00.000;2026 07;;;Pakistan;;null;;14;17;22;47
2026-07-01 00:00:00.000;2026 07;;;Pakistan;Pakistan;PK;;0;1;10;13
2026-07-01 00:00:00.000;2026 07;;;Palestine;;;;0;1;4;4
2026-07-01 00:00:00.000;2026 07;;;Palestine;;null;;3;3;4;8
2026-07-01 00:00:00.000;2026 07;;;Palestine;Palestine;PS;;0;1;1;1
2026-07-01 00:00:00.000;2026 07;;;Panama;;;;0;1;3;3
2026-07-01 00:00:00.000;2026 07;;;Panama;;null;;14;19;20;38
2026-07-01 00:00:00.000;2026 07;;;Panama;Norway;NO;;0;1;1;2
2026-07-01 00:00:00.000;2026 07;;;Panama;Panama;PA;;0;1;14;16
2026-07-01 00:00:00.000;2026 07;;;Papua New Guinea;;null;;7;7;7;17
2026-07-01 00:00:00.000;2026 07;;;Paraguay;;;;0;1;3;3
2026-07-01 00:00:00.000;2026 07;;;Paraguay;;null;;4;4;5;9
2026-07-01 00:00:00.000;2026 07;;;Paraguay;Paraguay;PY;;0;1;1;1
2026-07-01 00:00:00.000;2026 07;;;Peru;;;;0;1;2;2
2026-07-01 00:00:00.000;2026 07;;;Peru;;null;;24;30;33;75
2026-07-01 00:00:00.000;2026 07;;;Peru;Peru;PE;;0;1;28;48
2026-07-01 00:00:00.000;2026 07;;;Philippines;;;;0;1;65;109
2026-07-01 00:00:00.000;2026 07;;;Philippines;;null;;400;470;570;1330
2026-07-01 00:00:00.000;2026 07;;;Philippines;Philippines;PH;;0;1;295;629
2026-07-01 00:00:00.000;2026 07;;;Poland;;;;0;1;57;87
2026-07-01 00:00:00.000;2026 07;;;Poland;;null;;264;307;408;913
2026-07-01 00:00:00.000;2026 07;;;Poland;Austria;AT;;0;1;2;2
2026-07-01 00:00:00.000;2026 07;;;Poland;Germany;DE;;0;1;4;19
2026-07-01 00:00:00.000;2026 07;;;Poland;Poland;PL;;1;2;681;1671
2026-07-01 00:00:00.000;2026 07;;;Poland;Portugal;PT;;0;1;2;6
2026-07-01 00:00:00.000;2026 07;;;Poland;South Africa;ZA;;0;1;2;3
2026-07-01 00:00:00.000;2026 07;;;Poland;Spain;ES;;0;1;1;1
2026-07-01 00:00:00.000;2026 07;;;Poland;Sweden;SE;;0;1;4;9
2026-07-01 00:00:00.000;2026 07;;;Poland;Switzerland;CH;;0;1;2;6
2026-07-01 00:00:00.000;2026 07;;;Poland;Ukraine;UA;;0;1;1;2
2026-07-01 00:00:00.000;2026 07;;;Poland;United Kingdom;GB;;0;1;2;6
2026-07-01 00:00:00.000;2026 07;;;Portugal;;;;0;1;24;43
2026-07-01 00:00:00.000;2026 07;;;Portugal;;null;;86;106;133;301
2026-07-01 00:00:00.000;2026 07;;;Portugal;Ireland;IE;;0;1;1;1
2026-07-01 00:00:00.000;2026 07;;;Portugal;Morocco;MA;;0;1;4;5
2026-07-01 00:00:00.000;2026 07;;;Portugal;Netherlands;NL;;0;1;1;1
2026-07-01 00:00:00.000;2026 07;;;Portugal;Poland;PL;;0;1;1;3
2026-07-01 00:00:00.000;2026 07;;;Portugal;Portugal;PT;;0;1;95;208
2026-07-01 00:00:00.000;2026 07;;;Portugal;Spain;ES;;0;1;2;12
2026-07-01 00:00:00.000;2026 07;;;Portugal;United Kingdom;GB;;0;1;1;1
2026-07-01 00:00:00.000;2026 07;;;Puerto Rico;;;;0;1;2;2
2026-07-01 00:00:00.000;2026 07;;;Puerto Rico;;null;;5;5;5;11
2026-07-01 00:00:00.000;2026 07;;;Puerto Rico;Costa Rica;CR;;0;1;1;3
2026-07-01 00:00:00.000;2026 07;;;Puerto Rico;Puerto Rico;PR;;0;1;1;3
2026-07-01 00:00:00.000;2026 07;;;Qatar;;;;0;1;6;18
2026-07-01 00:00:00.000;2026 07;;;Qatar;;null;;62;76;89;218
2026-07-01 00:00:00.000;2026 07;;;Qatar;Qatar;QA;;1;2;5;7
2026-07-01 00:00:00.000;2026 07;;;Republic of Korea;;;;0;1;24;36
2026-07-01 00:00:00.000;2026 07;;;Republic of Korea;;null;;59;65;71;167
2026-07-01 00:00:00.000;2026 07;;;Republic of Korea;Republic of Korea;KR;;1;2;260;733
2026-07-01 00:00:00.000;2026 07;;;Republic of Korea;Singapore;SG;;0;1;1;1
2026-07-01 00:00:00.000;2026 07;;;Republic of Korea;Taiwan (Republic of China);TW;;0;1;3;6
2026-07-01 00:00:00.000;2026 07;;;Romania;;;;0;1;11;26
2026-07-01 00:00:00.000;2026 07;;;Romania;;null;;44;58;89;143
2026-07-01 00:00:00.000;2026 07;;;Romania;Austria;AT;;0;1;3;3
2026-07-01 00:00:00.000;2026 07;;;Romania;Romania;RO;;0;1;56;101
2026-07-01 00:00:00.000;2026 07;;;Romania;Spain;ES;;0;1;13;78
2026-07-01 00:00:00.000;2026 07;;;Romania;Switzerland;CH;;0;1;1;3
2026-07-01 00:00:00.000;2026 07;;;Russia;;;;0;1;45;47
2026-07-01 00:00:00.000;2026 07;;;Russia;;null;;9;10;10;22
2026-07-01 00:00:00.000;2026 07;;;Russia;Finland;FI;;0;1;1;1
2026-07-01 00:00:00.000;2026 07;;;Russia;Russia;RU;;0;1;27;27
2026-07-01 00:00:00.000;2026 07;;;Rwanda;;;;0;1;1;1
2026-07-01 00:00:00.000;2026 07;;;Rwanda;;null;;1;2;2;8
2026-07-01 00:00:00.000;2026 07;;;Rwanda;Rwanda;RW;;0;1;2;3
2026-07-01 00:00:00.000;2026 07;;;Rwanda;United Kingdom;GB;;0;1;2;4
2026-07-01 00:00:00.000;2026 07;;;Saint Kitts and Nevis;;null;;0;1;1;3
2026-07-01 00:00:00.000;2026 07;;;Saint Lucia;Saint Lucia;LC;;0;1;1;1
2026-07-01 00:00:00.000;2026 07;;;Saudi Arabia;;;;0;1;18;24
2026-07-01 00:00:00.000;2026 07;;;Saudi Arabia;;null;;300;369;449;1000
2026-07-01 00:00:00.000;2026 07;;;Saudi Arabia;Israel;IL;;0;1;3;3
2026-07-01 00:00:00.000;2026 07;;;Saudi Arabia;Saudi Arabia;SA;;0;1;37;77
2026-07-01 00:00:00.000;2026 07;;;Senegal;;;;0;1;2;2
2026-07-01 00:00:00.000;2026 07;;;Senegal;;null;;7;7;7;14
2026-07-01 00:00:00.000;2026 07;;;Senegal;Senegal;SN;;0;1;1;1
2026-07-01 00:00:00.000;2026 07;;;Serbia;;;;0;1;7;19
2026-07-01 00:00:00.000;2026 07;;;Serbia;;XK;;0;1;4;4
2026-07-01 00:00:00.000;2026 07;;;Serbia;;null;;25;35;51;85
2026-07-01 00:00:00.000;2026 07;;;Serbia;Serbia;RS;;0;1;24;80
2026-07-01 00:00:00.000;2026 07;;;Seychelles;;;;0;1;6;22
2026-07-01 00:00:00.000;2026 07;;;Seychelles;;null;;2;3;6;15
2026-07-01 00:00:00.000;2026 07;;;Singapore;;;;0;1;7340;9212
2026-07-01 00:00:00.000;2026 07;;;Singapore;;null;;341;385;493;1122
2026-07-01 00:00:00.000;2026 07;;;Singapore;Australia;AU;;0;1;32;129
2026-07-01 00:00:00.000;2026 07;;;Singapore;Canada;CA;;0;1;2;2
2026-07-01 00:00:00.000;2026 07;;;Singapore;China;CN;;0;1;16;43
2026-07-01 00:00:00.000;2026 07;;;Singapore;Germany;DE;;0;1;6;11
2026-07-01 00:00:00.000;2026 07;;;Singapore;Hong Kong;HK;;0;1;16;75
2026-07-01 00:00:00.000;2026 07;;;Singapore;India;IN;;0;1;70;178
2026-07-01 00:00:00.000;2026 07;;;Singapore;Indonesia;ID;;0;1;35;81
2026-07-01 00:00:00.000;2026 07;;;Singapore;Japan;JP;;0;1;38;84
2026-07-01 00:00:00.000;2026 07;;;Singapore;Malaysia;MY;;0;1;8;23
2026-07-01 00:00:00.000;2026 07;;;Singapore;New Zealand;NZ;;0;1;1;1
2026-07-01 00:00:00.000;2026 07;;;Singapore;Philippines;PH;;0;1;43;143
2026-07-01 00:00:00.000;2026 07;;;Singapore;Republic of Korea;KR;;0;1;9;23
2026-07-01 00:00:00.000;2026 07;;;Singapore;Singapore;SG;;0;1;1386;3222
2026-07-01 00:00:00.000;2026 07;;;Singapore;Taiwan (Republic of China);TW;;0;1;2;8
2026-07-01 00:00:00.000;2026 07;;;Singapore;Thailand;TH;;0;1;12;41
2026-07-01 00:00:00.000;2026 07;;;Singapore;United Kingdom;GB;;0;1;1;2
2026-07-01 00:00:00.000;2026 07;;;Singapore;Vietnam;VN;;0;1;3;9
2026-07-01 00:00:00.000;2026 07;;;Slovenia;;;;0;1;6;9
2026-07-01 00:00:00.000;2026 07;;;Slovenia;;null;;1;2;2;5
2026-07-01 00:00:00.000;2026 07;;;Slovenia;Bulgaria;BG;;0;1;1;1
2026-07-01 00:00:00.000;2026 07;;;Slovenia;Poland;PL;;0;1;1;1
2026-07-01 00:00:00.000;2026 07;;;Slovenia;Slovenia;SI;;0;1;3;3
2026-07-01 00:00:00.000;2026 07;;;South Africa;;;;0;1;5397;9735
2026-07-01 00:00:00.000;2026 07;;;South Africa;;null;;6520;7890;10139;23512
2026-07-01 00:00:00.000;2026 07;;;South Africa;Argentina;AR;;0;1;1;2
2026-07-01 00:00:00.000;2026 07;;;South Africa;Armenia;AM;;0;1;1;6
2026-07-01 00:00:00.000;2026 07;;;South Africa;Australia;AU;;1;2;6;11
2026-07-01 00:00:00.000;2026 07;;;South Africa;Belgium;BE;;0;1;7;15
2026-07-01 00:00:00.000;2026 07;;;South Africa;Brazil;BR;;0;1;1;1
2026-07-01 00:00:00.000;2026 07;;;South Africa;Bulgaria;BG;;0;1;1;2
2026-07-01 00:00:00.000;2026 07;;;South Africa;Canada;CA;;0;1;8;24
2026-07-01 00:00:00.000;2026 07;;;South Africa;Central African Republic;CF;;0;1;1;2
2026-07-01 00:00:00.000;2026 07;;;South Africa;Costa Rica;CR;;0;1;3;5
2026-07-01 00:00:00.000;2026 07;;;South Africa;Croatia;HR;;0;1;1;2
2026-07-01 00:00:00.000;2026 07;;;South Africa;Czech Republic;CZ;;0;1;1;2
2026-07-01 00:00:00.000;2026 07;;;South Africa;El Salvador;SV;;0;1;1;18
2026-07-01 00:00:00.000;2026 07;;;South Africa;Eswatini;SZ;;0;1;3;13
2026-07-01 00:00:00.000;2026 07;;;South Africa;France;FR;;0;1;1;3
2026-07-01 00:00:00.000;2026 07;;;South Africa;Georgia;GE;;0;1;2;4
2026-07-01 00:00:00.000;2026 07;;;South Africa;Germany;DE;;0;1;23;84
2026-07-01 00:00:00.000;2026 07;;;South Africa;Gibraltar;GI;;0;1;2;10
2026-07-01 00:00:00.000;2026 07;;;South Africa;Greece;GR;;0;1;24;38
2026-07-01 00:00:00.000;2026 07;;;South Africa;Honduras;HN;;0;1;2;3
2026-07-01 00:00:00.000;2026 07;;;South Africa;India;IN;;0;1;16;47
2026-07-01 00:00:00.000;2026 07;;;South Africa;Ireland;IE;;0;1;14;23
2026-07-01 00:00:00.000;2026 07;;;South Africa;Israel;IL;;0;1;22;74
2026-07-01 00:00:00.000;2026 07;;;South Africa;Japan;JP;;0;1;5;16
2026-07-01 00:00:00.000;2026 07;;;South Africa;Kenya;KE;;0;1;1;1
2026-07-01 00:00:00.000;2026 07;;;South Africa;Lao People`s Democratic Republic;LA;;0;1;1;6
2026-07-01 00:00:00.000;2026 07;;;South Africa;Lesotho;LS;;0;1;3;6
2026-07-01 00:00:00.000;2026 07;;;South Africa;Liechtenstein;LI;;0;1;1;2
2026-07-01 00:00:00.000;2026 07;;;South Africa;Lithuania;LT;;0;1;16;48
2026-07-01 00:00:00.000;2026 07;;;South Africa;Madagascar;MG;;0;1;1;2
2026-07-01 00:00:00.000;2026 07;;;South Africa;Malawi;MW;;0;1;1;2
2026-07-01 00:00:00.000;2026 07;;;South Africa;Malaysia;MY;;0;2;2;6
2026-07-01 00:00:00.000;2026 07;;;South Africa;Mauritania;MR;;0;1;1;2
2026-07-01 00:00:00.000;2026 07;;;South Africa;Mauritius;MU;;0;1;1;2
2026-07-01 00:00:00.000;2026 07;;;South Africa;Moldova;MD;;0;1;1;2
2026-07-01 00:00:00.000;2026 07;;;South Africa;Mozambique;MZ;;0;1;1;3
2026-07-01 00:00:00.000;2026 07;;;South Africa;Namibia;NA;;0;1;3;4
2026-07-01 00:00:00.000;2026 07;;;South Africa;Netherlands;NL;;0;1;9;31
2026-07-01 00:00:00.000;2026 07;;;South Africa;Nigeria;NG;;0;1;8;23
2026-07-01 00:00:00.000;2026 07;;;South Africa;Norway;NO;;0;1;1;7
2026-07-01 00:00:00.000;2026 07;;;South Africa;Philippines;PH;;0;1;1;3
2026-07-01 00:00:00.000;2026 07;;;South Africa;Qatar;QA;;0;1;2;3
2026-07-01 00:00:00.000;2026 07;;;South Africa;Senegal;SN;;0;1;7;16
2026-07-01 00:00:00.000;2026 07;;;South Africa;Singapore;SG;;0;1;16;71
2026-07-01 00:00:00.000;2026 07;;;South Africa;Sint Maarten (Dutch part);SX;;0;1;3;11
2026-07-01 00:00:00.000;2026 07;;;South Africa;South Africa;ZA;;11;20;700;1682
2026-07-01 00:00:00.000;2026 07;;;South Africa;Switzerland;CH;;0;1;9;23
2026-07-01 00:00:00.000;2026 07;;;South Africa;Taiwan (Republic of China);TW;;0;1;10;30
2026-07-01 00:00:00.000;2026 07;;;South Africa;Ukraine;UA;;0;1;2;6
2026-07-01 00:00:00.000;2026 07;;;South Africa;United Kingdom;GB;;0;1;15;40
2026-07-01 00:00:00.000;2026 07;;;South Africa;Virgin Islands (British);VG;;0;1;13;38
2026-07-01 00:00:00.000;2026 07;;;Spain;;;;0;1;86;127
2026-07-01 00:00:00.000;2026 07;;;Spain;;null;;604;735;939;2354
2026-07-01 00:00:00.000;2026 07;;;Spain;Brazil;BR;;0;1;2;9
2026-07-01 00:00:00.000;2026 07;;;Spain;Germany;DE;;0;1;1;1
2026-07-01 00:00:00.000;2026 07;;;Spain;Ireland;IE;;0;1;6;14
2026-07-01 00:00:00.000;2026 07;;;Spain;Israel;IL;;0;1;3;9
2026-07-01 00:00:00.000;2026 07;;;Spain;Italy;IT;;0;1;1;1
2026-07-01 00:00:00.000;2026 07;;;Spain;Mexico;MX;;0;1;3;5
2026-07-01 00:00:00.000;2026 07;;;Spain;Morocco;MA;;0;1;2;2
2026-07-01 00:00:00.000;2026 07;;;Spain;Poland;PL;;0;1;1;3
2026-07-01 00:00:00.000;2026 07;;;Spain;Portugal;PT;;0;1;2;8
2026-07-01 00:00:00.000;2026 07;;;Spain;Singapore;SG;;0;1;7;14
2026-07-01 00:00:00.000;2026 07;;;Spain;Spain;ES;;0;1;915;2173
2026-07-01 00:00:00.000;2026 07;;;Spain;Switzerland;CH;;0;1;10;23
2026-07-01 00:00:00.000;2026 07;;;Spain;United Kingdom;GB;;0;1;3;7
2026-07-01 00:00:00.000;2026 07;;;Sri Lanka;;;;0;1;3;4
2026-07-01 00:00:00.000;2026 07;;;Sri Lanka;;null;;6;7;8;37
2026-07-01 00:00:00.000;2026 07;;;Sri Lanka;Sri Lanka;LK;;1;1;1;2
2026-07-01 00:00:00.000;2026 07;;;Sudan;;;;0;1;1;3
2026-07-01 00:00:00.000;2026 07;;;Sudan;;null;;6;6;6;13
2026-07-01 00:00:00.000;2026 07;;;Suriname;;null;;9;10;12;25
2026-07-01 00:00:00.000;2026 07;;;Sweden;;;;0;1;76;211
2026-07-01 00:00:00.000;2026 07;;;Sweden;;null;;178;222;278;477
2026-07-01 00:00:00.000;2026 07;;;Sweden;Australia;AU;;0;1;6;13
2026-07-01 00:00:00.000;2026 07;;;Sweden;Finland;FI;;0;1;25;35
2026-07-01 00:00:00.000;2026 07;;;Sweden;France;FR;;0;1;2;7
2026-07-01 00:00:00.000;2026 07;;;Sweden;Germany;DE;;0;1;11;41
2026-07-01 00:00:00.000;2026 07;;;Sweden;Hong Kong;HK;;0;1;18;30
2026-07-01 00:00:00.000;2026 07;;;Sweden;India;IN;;0;1;52;89
2026-07-01 00:00:00.000;2026 07;;;Sweden;Lithuania;LT;;0;1;8;15
2026-07-01 00:00:00.000;2026 07;;;Sweden;Netherlands;NL;;0;1;5;8
2026-07-01 00:00:00.000;2026 07;;;Sweden;Norway;NO;;0;1;2;2
2026-07-01 00:00:00.000;2026 07;;;Sweden;Philippines;PH;;0;1;11;19
2026-07-01 00:00:00.000;2026 07;;;Sweden;Poland;PL;;0;1;13;21
2026-07-01 00:00:00.000;2026 07;;;Sweden;Romania;RO;;0;1;1;2
2026-07-01 00:00:00.000;2026 07;;;Sweden;Singapore;SG;;0;1;7;9
2026-07-01 00:00:00.000;2026 07;;;Sweden;Spain;ES;;0;1;2;13
2026-07-01 00:00:00.000;2026 07;;;Sweden;Sweden;SE;;0;1;161;307
2026-07-01 00:00:00.000;2026 07;;;Sweden;Ukraine;UA;;0;1;5;16
2026-07-01 00:00:00.000;2026 07;;;Sweden;United Kingdom;GB;;0;1;8;15
2026-07-01 00:00:00.000;2026 07;;;Switzerland;;;;0;1;1523;3051
2026-07-01 00:00:00.000;2026 07;;;Switzerland;;null;;416;508;616;1290
2026-07-01 00:00:00.000;2026 07;;;Switzerland;Argentina;AR;;0;1;1;1
2026-07-01 00:00:00.000;2026 07;;;Switzerland;Australia;AU;;0;1;35;95
2026-07-01 00:00:00.000;2026 07;;;Switzerland;Belgium;BE;;0;1;6;20
2026-07-01 00:00:00.000;2026 07;;;Switzerland;Brazil;BR;;0;1;22;35
2026-07-01 00:00:00.000;2026 07;;;Switzerland;Canada;CA;;0;1;43;105
2026-07-01 00:00:00.000;2026 07;;;Switzerland;China;CN;;0;1;5;17
2026-07-01 00:00:00.000;2026 07;;;Switzerland;Colombia;CO;;0;1;4;15
2026-07-01 00:00:00.000;2026 07;;;Switzerland;Czech Republic;CZ;;0;1;1;1
2026-07-01 00:00:00.000;2026 07;;;Switzerland;Denmark;DK;;0;1;3;13
2026-07-01 00:00:00.000;2026 07;;;Switzerland;France;FR;;0;1;26;94
2026-07-01 00:00:00.000;2026 07;;;Switzerland;Germany;DE;;0;1;92;325
2026-07-01 00:00:00.000;2026 07;;;Switzerland;Greece;GR;;0;1;1;2
2026-07-01 00:00:00.000;2026 07;;;Switzerland;India;IN;;0;1;269;782
2026-07-01 00:00:00.000;2026 07;;;Switzerland;Indonesia;ID;;0;1;10;30
2026-07-01 00:00:00.000;2026 07;;;Switzerland;Ireland;IE;;0;1;165;550
2026-07-01 00:00:00.000;2026 07;;;Switzerland;Israel;IL;;0;1;9;21
2026-07-01 00:00:00.000;2026 07;;;Switzerland;Italy;IT;;0;1;7;12
2026-07-01 00:00:00.000;2026 07;;;Switzerland;Japan;JP;;0;1;55;178
2026-07-01 00:00:00.000;2026 07;;;Switzerland;Kenya;KE;;0;1;1;1
2026-07-01 00:00:00.000;2026 07;;;Switzerland;Malaysia;MY;;0;1;1;5
2026-07-01 00:00:00.000;2026 07;;;Switzerland;Mexico;MX;;0;1;16;54
2026-07-01 00:00:00.000;2026 07;;;Switzerland;Netherlands;NL;;0;1;23;69
2026-07-01 00:00:00.000;2026 07;;;Switzerland;New Zealand;NZ;;0;1;1;6
2026-07-01 00:00:00.000;2026 07;;;Switzerland;Norway;NO;;0;1;1;1
2026-07-01 00:00:00.000;2026 07;;;Switzerland;Philippines;PH;;0;1;18;36
2026-07-01 00:00:00.000;2026 07;;;Switzerland;Poland;PL;;0;1;83;244
2026-07-01 00:00:00.000;2026 07;;;Switzerland;Portugal;PT;;0;1;2;4
2026-07-01 00:00:00.000;2026 07;;;Switzerland;Republic of Korea;KR;;0;1;20;55
2026-07-01 00:00:00.000;2026 07;;;Switzerland;Romania;RO;;0;1;5;9
2026-07-01 00:00:00.000;2026 07;;;Switzerland;Saudi Arabia;SA;;0;1;3;12
2026-07-01 00:00:00.000;2026 07;;;Switzerland;Singapore;SG;;0;1;52;213
2026-07-01 00:00:00.000;2026 07;;;Switzerland;Spain;ES;;0;1;4;10
2026-07-01 00:00:00.000;2026 07;;;Switzerland;Sweden;SE;;0;1;5;17
2026-07-01 00:00:00.000;2026 07;;;Switzerland;Switzerland;CH;;0;1;847;2517
2026-07-01 00:00:00.000;2026 07;;;Switzerland;Taiwan (Republic of China);TW;;0;1;48;168
2026-07-01 00:00:00.000;2026 07;;;Switzerland;Turkey;TR;;0;1;1;1
2026-07-01 00:00:00.000;2026 07;;;Switzerland;United Arab Emirates;AE;;0;1;6;23
2026-07-01 00:00:00.000;2026 07;;;Switzerland;United Kingdom;GB;;0;1;152;423
2026-07-01 00:00:00.000;2026 07;;;Syrian Arab Republic;;;;0;1;1;1
2026-07-01 00:00:00.000;2026 07;;;Syrian Arab Republic;;null;;2;4;4;6
2026-07-01 00:00:00.000;2026 07;;;Taiwan (Republic of China);;;;0;1;14;30
2026-07-01 00:00:00.000;2026 07;;;Taiwan (Republic of China);;null;;50;56;63;156
2026-07-01 00:00:00.000;2026 07;;;Taiwan (Republic of China);Cambodia;KH;;0;1;1;1
2026-07-01 00:00:00.000;2026 07;;;Taiwan (Republic of China);China;CN;;0;1;1;1
2026-07-01 00:00:00.000;2026 07;;;Taiwan (Republic of China);Philippines;PH;;0;1;1;3
2026-07-01 00:00:00.000;2026 07;;;Taiwan (Republic of China);Republic of Korea;KR;;0;1;1;1
2026-07-01 00:00:00.000;2026 07;;;Taiwan (Republic of China);Taiwan (Republic of China);TW;;0;1;332;871
2026-07-01 00:00:00.000;2026 07;;;Tajikistan;;null;;1;2;3;6
2026-07-01 00:00:00.000;2026 07;;;Tanzania;;;;0;1;5;5
2026-07-01 00:00:00.000;2026 07;;;Tanzania;;null;;4;6;7;13
2026-07-01 00:00:00.000;2026 07;;;Tanzania;Tanzania;TZ;;0;1;7;10
2026-07-01 00:00:00.000;2026 07;;;Thailand;;;;0;1;29;79
2026-07-01 00:00:00.000;2026 07;;;Thailand;;null;;67;79;87;184
2026-07-01 00:00:00.000;2026 07;;;Thailand;Hong Kong;HK;;0;1;4;7
2026-07-01 00:00:00.000;2026 07;;;Thailand;Singapore;SG;;0;1;7;13
2026-07-01 00:00:00.000;2026 07;;;Thailand;Thailand;TH;;0;1;87;138
2026-07-01 00:00:00.000;2026 07;;;Trinidad and Tobago;;;;0;1;3;4
2026-07-01 00:00:00.000;2026 07;;;Trinidad and Tobago;;null;;7;9;14;38
2026-07-01 00:00:00.000;2026 07;;;Trinidad and Tobago;Trinidad and Tobago;TT;;0;1;3;6
2026-07-01 00:00:00.000;2026 07;;;Tunisia;;;;0;1;4;7
2026-07-01 00:00:00.000;2026 07;;;Tunisia;;null;;3;6;8;10
2026-07-01 00:00:00.000;2026 07;;;Tunisia;Germany;DE;;0;1;1;1
2026-07-01 00:00:00.000;2026 07;;;Tunisia;Tunisia;TN;;0;1;2;3
2026-07-01 00:00:00.000;2026 07;;;Turkey;;;;0;1;25;37
2026-07-01 00:00:00.000;2026 07;;;Turkey;;null;;254;327;455;855
2026-07-01 00:00:00.000;2026 07;;;Turkey;Austria;AT;;0;1;1;1
2026-07-01 00:00:00.000;2026 07;;;Turkey;India;IN;;0;1;1;1
2026-07-01 00:00:00.000;2026 07;;;Turkey;Turkey;TR;;0;1;184;270
2026-07-01 00:00:00.000;2026 07;;;Uganda;;null;;8;8;8;12
2026-07-01 00:00:00.000;2026 07;;;Uganda;Uganda;UG;;0;1;1;1
2026-07-01 00:00:00.000;2026 07;;;Ukraine;;;;0;1;13;19
2026-07-01 00:00:00.000;2026 07;;;Ukraine;;null;;25;33;37;83
2026-07-01 00:00:00.000;2026 07;;;Ukraine;Canada;CA;;0;1;3;6
2026-07-01 00:00:00.000;2026 07;;;Ukraine;Ukraine;UA;;0;1;54;175
2026-07-01 00:00:00.000;2026 07;;;United Arab Emirates;;;;0;1;182;408
2026-07-01 00:00:00.000;2026 07;;;United Arab Emirates;;null;;991;1210;1522;2849
2026-07-01 00:00:00.000;2026 07;;;United Arab Emirates;Belgium;BE;;0;1;1;3
2026-07-01 00:00:00.000;2026 07;;;United Arab Emirates;Hong Kong;HK;;0;1;1;1
2026-07-01 00:00:00.000;2026 07;;;United Arab Emirates;Qatar;QA;;0;1;1;1
2026-07-01 00:00:00.000;2026 07;;;United Arab Emirates;United Arab Emirates;AE;;0;2;178;415
2026-07-01 00:00:00.000;2026 07;;;United Kingdom;;;;0;1;511;1376
2026-07-01 00:00:00.000;2026 07;;;United Kingdom;;null;;1952;2253;2769;6165
2026-07-01 00:00:00.000;2026 07;;;United Kingdom;Australia;AU;;0;1;20;23
2026-07-01 00:00:00.000;2026 07;;;United Kingdom;Canada;CA;;0;1;37;42
2026-07-01 00:00:00.000;2026 07;;;United Kingdom;Colombia;CO;;0;1;1;5
2026-07-01 00:00:00.000;2026 07;;;United Kingdom;Costa Rica;CR;;0;1;1;5
2026-07-01 00:00:00.000;2026 07;;;United Kingdom;Czech Republic;CZ;;0;1;3;17
2026-07-01 00:00:00.000;2026 07;;;United Kingdom;Denmark;DK;;0;1;1;1
2026-07-01 00:00:00.000;2026 07;;;United Kingdom;Finland;FI;;0;1;1;3
2026-07-01 00:00:00.000;2026 07;;;United Kingdom;France;FR;;0;1;5;8
2026-07-01 00:00:00.000;2026 07;;;United Kingdom;Germany;DE;;1;2;26;52
2026-07-01 00:00:00.000;2026 07;;;United Kingdom;Greece;GR;;0;1;4;10
2026-07-01 00:00:00.000;2026 07;;;United Kingdom;Hungary;HU;;0;1;47;109
2026-07-01 00:00:00.000;2026 07;;;United Kingdom;India;IN;;0;1;240;552
2026-07-01 00:00:00.000;2026 07;;;United Kingdom;Ireland;IE;;0;1;248;655
2026-07-01 00:00:00.000;2026 07;;;United Kingdom;Israel;IL;;0;1;1;1
2026-07-01 00:00:00.000;2026 07;;;United Kingdom;Italy;IT;;0;1;4;11
2026-07-01 00:00:00.000;2026 07;;;United Kingdom;Kuwait;KW;;0;1;4;5
2026-07-01 00:00:00.000;2026 07;;;United Kingdom;Malaysia;MY;;0;1;3;7
2026-07-01 00:00:00.000;2026 07;;;United Kingdom;Netherlands;NL;;0;1;8;11
2026-07-01 00:00:00.000;2026 07;;;United Kingdom;New Zealand;NZ;;0;1;17;17
2026-07-01 00:00:00.000;2026 07;;;United Kingdom;Philippines;PH;;0;1;21;26
2026-07-01 00:00:00.000;2026 07;;;United Kingdom;Poland;PL;;0;1;11;35
2026-07-01 00:00:00.000;2026 07;;;United Kingdom;Portugal;PT;;0;1;8;14
2026-07-01 00:00:00.000;2026 07;;;United Kingdom;Republic of Korea;KR;;0;1;17;17
2026-07-01 00:00:00.000;2026 07;;;United Kingdom;Romania;RO;;0;1;1;2
2026-07-01 00:00:00.000;2026 07;;;United Kingdom;Saudi Arabia;SA;;0;1;2;7
2026-07-01 00:00:00.000;2026 07;;;United Kingdom;Singapore;SG;;0;1;2;6
2026-07-01 00:00:00.000;2026 07;;;United Kingdom;Spain;ES;;0;1;26;106
2026-07-01 00:00:00.000;2026 07;;;United Kingdom;Sweden;SE;;0;1;4;11
2026-07-01 00:00:00.000;2026 07;;;United Kingdom;United Arab Emirates;AE;;0;1;5;11
2026-07-01 00:00:00.000;2026 07;;;United Kingdom;United Kingdom;GB;;0;6;6712;14459
2026-07-01 00:00:00.000;2026 07;;;United Kingdom;Zimbabwe;ZW;;0;1;17;17
2026-07-01 00:00:00.000;2026 07;;;United States of America;;;;0;1;4412;8812
2026-07-01 00:00:00.000;2026 07;;;United States of America;;null;;2791;2958;3277;7633
2026-07-01 00:00:00.000;2026 07;;;United States of America;Afghanistan;AF;;0;1;25;72
2026-07-01 00:00:00.000;2026 07;;;United States of America;Albania;AL;;0;1;2;6
2026-07-01 00:00:00.000;2026 07;;;United States of America;Algeria;DZ;;0;1;289;891
2026-07-01 00:00:00.000;2026 07;;;United States of America;American Samoa;AS;;0;1;1;4
2026-07-01 00:00:00.000;2026 07;;;United States of America;Andorra;AD;;0;1;1;4
2026-07-01 00:00:00.000;2026 07;;;United States of America;Anguilla;AI;;0;1;1;3
2026-07-01 00:00:00.000;2026 07;;;United States of America;Argentina;AR;;0;1;2;2
2026-07-01 00:00:00.000;2026 07;;;United States of America;Australia;AU;;0;1;700;2181
2026-07-01 00:00:00.000;2026 07;;;United States of America;Austria;AT;;0;1;1;1
2026-07-01 00:00:00.000;2026 07;;;United States of America;Bahamas;BS;;0;1;5;16
2026-07-01 00:00:00.000;2026 07;;;United States of America;Belgium;BE;;0;1;9;26
2026-07-01 00:00:00.000;2026 07;;;United States of America;Belize;BZ;;0;1;1;3
2026-07-01 00:00:00.000;2026 07;;;United States of America;Bermuda;BM;;0;1;1;1
2026-07-01 00:00:00.000;2026 07;;;United States of America;Bosnia and Herzegovina;BA;;0;1;1;3
2026-07-01 00:00:00.000;2026 07;;;United States of America;Botswana;BW;;0;1;1;3
2026-07-01 00:00:00.000;2026 07;;;United States of America;Brazil;BR;;0;1;890;1273
2026-07-01 00:00:00.000;2026 07;;;United States of America;Brunei Darussalam;BN;;0;1;1;1
2026-07-01 00:00:00.000;2026 07;;;United States of America;Bulgaria;BG;;0;1;3;8
2026-07-01 00:00:00.000;2026 07;;;United States of America;Canada;CA;;0;1;1137;2623
2026-07-01 00:00:00.000;2026 07;;;United States of America;China;CN;;0;1;12;27
2026-07-01 00:00:00.000;2026 07;;;United States of America;Colombia;CO;;0;1;11;32
2026-07-01 00:00:00.000;2026 07;;;United States of America;Comoros;KM;;0;1;5;8
2026-07-01 00:00:00.000;2026 07;;;United States of America;Costa Rica;CR;;0;1;22;65
2026-07-01 00:00:00.000;2026 07;;;United States of America;Czech Republic;CZ;;0;1;2;3
2026-07-01 00:00:00.000;2026 07;;;United States of America;Denmark;DK;;0;1;2;4
2026-07-01 00:00:00.000;2026 07;;;United States of America;Ecuador;EC;;0;1;1;3
2026-07-01 00:00:00.000;2026 07;;;United States of America;Egypt;EG;;0;1;2;4
2026-07-01 00:00:00.000;2026 07;;;United States of America;Eswatini;SZ;;0;1;1;3
2026-07-01 00:00:00.000;2026 07;;;United States of America;Finland;FI;;0;1;1;2
2026-07-01 00:00:00.000;2026 07;;;United States of America;France;FR;;0;1;71;241
2026-07-01 00:00:00.000;2026 07;;;United States of America;French Guiana;GF;;0;1;1;3
2026-07-01 00:00:00.000;2026 07;;;United States of America;Georgia;GE;;0;1;4;16
2026-07-01 00:00:00.000;2026 07;;;United States of America;Germany;DE;;0;1;323;737
2026-07-01 00:00:00.000;2026 07;;;United States of America;Gibraltar;GI;;0;1;1;7
2026-07-01 00:00:00.000;2026 07;;;United States of America;Greece;GR;;0;1;5;22
2026-07-01 00:00:00.000;2026 07;;;United States of America;Guam;GU;;0;1;2;5
2026-07-01 00:00:00.000;2026 07;;;United States of America;Guatemala;GT;;0;1;1;1
2026-07-01 00:00:00.000;2026 07;;;United States of America;Holy See (Vatican City State);VA;;0;1;3;9
2026-07-01 00:00:00.000;2026 07;;;United States of America;Honduras;HN;;0;1;2;5
2026-07-01 00:00:00.000;2026 07;;;United States of America;Hong Kong;HK;;0;1;72;160
2026-07-01 00:00:00.000;2026 07;;;United States of America;Hungary;HU;;0;1;9;21
2026-07-01 00:00:00.000;2026 07;;;United States of America;India;IN;;0;1;197;562
2026-07-01 00:00:00.000;2026 07;;;United States of America;Indonesia;ID;;0;1;1;1
2026-07-01 00:00:00.000;2026 07;;;United States of America;Ireland;IE;;0;1;231;582
2026-07-01 00:00:00.000;2026 07;;;United States of America;Israel;IL;;0;1;24;46
2026-07-01 00:00:00.000;2026 07;;;United States of America;Italy;IT;;0;1;8;18
2026-07-01 00:00:00.000;2026 07;;;United States of America;Jamaica;JM;;0;1;2;5
2026-07-01 00:00:00.000;2026 07;;;United States of America;Japan;JP;;0;1;93;219
2026-07-01 00:00:00.000;2026 07;;;United States of America;Kuwait;KW;;0;1;66;94
2026-07-01 00:00:00.000;2026 07;;;United States of America;Lao People`s Democratic Republic;LA;;0;1;7;32
2026-07-01 00:00:00.000;2026 07;;;United States of America;Latvia;LV;;0;1;1;3
2026-07-01 00:00:00.000;2026 07;;;United States of America;Lesotho;LS;;0;1;1;3
2026-07-01 00:00:00.000;2026 07;;;United States of America;Liechtenstein;LI;;0;1;1;3
2026-07-01 00:00:00.000;2026 07;;;United States of America;Lithuania;LT;;0;1;3;8
2026-07-01 00:00:00.000;2026 07;;;United States of America;Madagascar;MG;;0;1;4;14
2026-07-01 00:00:00.000;2026 07;;;United States of America;Malawi;MW;;0;1;6;20
2026-07-01 00:00:00.000;2026 07;;;United States of America;Malaysia;MY;;0;1;9;23
2026-07-01 00:00:00.000;2026 07;;;United States of America;Mali;ML;;0;1;1;3
2026-07-01 00:00:00.000;2026 07;;;United States of America;Malta;MT;;0;1;2;2
2026-07-01 00:00:00.000;2026 07;;;United States of America;Mauritania;MR;;0;1;4;12
2026-07-01 00:00:00.000;2026 07;;;United States of America;Mauritius;MU;;0;1;1;6
2026-07-01 00:00:00.000;2026 07;;;United States of America;Mexico;MX;;0;2;215;504
2026-07-01 00:00:00.000;2026 07;;;United States of America;Mozambique;MZ;;0;1;1;3
2026-07-01 00:00:00.000;2026 07;;;United States of America;Netherlands;NL;;0;1;45;85
2026-07-01 00:00:00.000;2026 07;;;United States of America;New Caledonia;NC;;0;1;1;4
2026-07-01 00:00:00.000;2026 07;;;United States of America;New Zealand;NZ;;0;1;41;44
2026-07-01 00:00:00.000;2026 07;;;United States of America;Nicaragua;NI;;0;1;1;1
2026-07-01 00:00:00.000;2026 07;;;United States of America;Nigeria;NG;;0;1;3;6
2026-07-01 00:00:00.000;2026 07;;;United States of America;Norway;NO;;0;1;3;16
2026-07-01 00:00:00.000;2026 07;;;United States of America;Panama;PA;;0;1;9;14
2026-07-01 00:00:00.000;2026 07;;;United States of America;Paraguay;PY;;0;1;1;3
2026-07-01 00:00:00.000;2026 07;;;United States of America;Peru;PE;;0;1;1;2
2026-07-01 00:00:00.000;2026 07;;;United States of America;Philippines;PH;;0;1;110;214
2026-07-01 00:00:00.000;2026 07;;;United States of America;Poland;PL;;0;1;27;64
2026-07-01 00:00:00.000;2026 07;;;United States of America;Portugal;PT;;0;1;4;14
2026-07-01 00:00:00.000;2026 07;;;United States of America;Puerto Rico;PR;;0;1;13;24
2026-07-01 00:00:00.000;2026 07;;;United States of America;Qatar;QA;;0;1;3;8
2026-07-01 00:00:00.000;2026 07;;;United States of America;Republic of Korea;KR;;0;1;171;276
2026-07-01 00:00:00.000;2026 07;;;United States of America;Romania;RO;;0;1;1;1
2026-07-01 00:00:00.000;2026 07;;;United States of America;Russia;RU;;0;1;5;6
2026-07-01 00:00:00.000;2026 07;;;United States of America;Saudi Arabia;SA;;0;1;4;12
2026-07-01 00:00:00.000;2026 07;;;United States of America;Senegal;SN;;0;1;15;62
2026-07-01 00:00:00.000;2026 07;;;United States of America;Sierra Leone;SL;;0;1;1;3
2026-07-01 00:00:00.000;2026 07;;;United States of America;Singapore;SG;;0;1;469;1266
2026-07-01 00:00:00.000;2026 07;;;United States of America;Sint Maarten (Dutch part);SX;;0;1;10;33
2026-07-01 00:00:00.000;2026 07;;;United States of America;South Africa;ZA;;0;1;17;197
2026-07-01 00:00:00.000;2026 07;;;United States of America;Spain;ES;;0;1;65;154
2026-07-01 00:00:00.000;2026 07;;;United States of America;Sweden;SE;;0;1;4;12
2026-07-01 00:00:00.000;2026 07;;;United States of America;Switzerland;CH;;0;1;22;102
2026-07-01 00:00:00.000;2026 07;;;United States of America;Taiwan (Republic of China);TW;;0;1;99;420
2026-07-01 00:00:00.000;2026 07;;;United States of America;Tanzania;TZ;;0;1;1;1
2026-07-01 00:00:00.000;2026 07;;;United States of America;Thailand;TH;;0;1;21;78
2026-07-01 00:00:00.000;2026 07;;;United States of America;Timor-Leste;TL;;0;1;1;2
2026-07-01 00:00:00.000;2026 07;;;United States of America;Trinidad and Tobago;TT;;0;1;1;1
2026-07-01 00:00:00.000;2026 07;;;United States of America;Uganda;UG;;0;1;1;3
2026-07-01 00:00:00.000;2026 07;;;United States of America;Ukraine;UA;;0;1;1;4
2026-07-01 00:00:00.000;2026 07;;;United States of America;United Arab Emirates;AE;;0;1;5;10
2026-07-01 00:00:00.000;2026 07;;;United States of America;United Kingdom;GB;;0;1;1526;3780
2026-07-01 00:00:00.000;2026 07;;;United States of America;United States of America;US;;1;2;2;4
2026-07-01 00:00:00.000;2026 07;;;United States of America;Uruguay;UY;;0;1;107;390
2026-07-01 00:00:00.000;2026 07;;;United States of America;Uzbekistan;UZ;;0;1;3;7
2026-07-01 00:00:00.000;2026 07;;;United States of America;Venezuela;VE;;0;1;39;75
2026-07-01 00:00:00.000;2026 07;;;United States of America;Vietnam;VN;;0;1;2;4
2026-07-01 00:00:00.000;2026 07;;;United States of America;Virgin Islands (British);VG;;0;1;5;10
2026-07-01 00:00:00.000;2026 07;;;United States of America;Wallis and Futuna;WF;;0;1;1;3
2026-07-01 00:00:00.000;2026 07;;;United States of America;Åland Islands;AX;;0;1;25;54
2026-07-01 00:00:00.000;2026 07;;;Uruguay;;;;0;1;4;4
2026-07-01 00:00:00.000;2026 07;;;Uruguay;;null;;7;9;10;20
2026-07-01 00:00:00.000;2026 07;;;Uruguay;Uruguay;UY;;0;1;5;5
2026-07-01 00:00:00.000;2026 07;;;Uzbekistan;;;;0;1;5;5
2026-07-01 00:00:00.000;2026 07;;;Uzbekistan;United Kingdom;GB;;0;1;2;4
2026-07-01 00:00:00.000;2026 07;;;Uzbekistan;Uzbekistan;UZ;;0;1;4;4
2026-07-01 00:00:00.000;2026 07;;;Venezuela;;;;0;1;6;7
2026-07-01 00:00:00.000;2026 07;;;Venezuela;;null;;25;27;35;86
2026-07-01 00:00:00.000;2026 07;;;Vietnam;;;;0;1;59;61
2026-07-01 00:00:00.000;2026 07;;;Vietnam;;null;;80;89;99;208
2026-07-01 00:00:00.000;2026 07;;;Vietnam;Singapore;SG;;0;1;1;1
2026-07-01 00:00:00.000;2026 07;;;Vietnam;United Kingdom;GB;;0;1;2;41
2026-07-01 00:00:00.000;2026 07;;;Vietnam;Vietnam;VN;;0;1;39;99
2026-07-01 00:00:00.000;2026 07;;;Zambia;;null;;8;8;9;14
2026-07-01 00:00:00.000;2026 07;;;Zimbabwe;;;;0;1;2;6
2026-07-01 00:00:00.000;2026 07;;;Zimbabwe;;null;;3;7;8;17
2026-07-01 00:00:00.000;2026 07;2025EF;Envía Flores;Mexico;;null;Lyra Mexico and Central America;8;9;9;9
2026-07-01 00:00:00.000;2026 07;2025EF;Envía Flores;Mexico;Mexico;MX;Lyra Mexico and Central America;8;9;16;87
2026-07-01 00:00:00.000;2026 07;22001;22 On Sloane;South Africa;;null;Lyra Southern Africa Pty Ltd;3;3;4;4
2026-07-01 00:00:00.000;2026 07;22001;22 On Sloane;South Africa;South Africa;ZA;Lyra Southern Africa Pty Ltd;4;4;7;16
2026-07-01 00:00:00.000;2026 07;2M2CHUB;Centre de Congrès Montreux SA;Switzerland;Switzerland;CH;Lyra Schweiz GmbH;1;1;1;1
2026-07-01 00:00:00.000;2026 07;AAHUNGER;Action Against Hunger;Germany;;null;Lyra Health International Ltd;1;1;1;1
2026-07-01 00:00:00.000;2026 07;AAHUNGER;Action Against Hunger;Germany;Sudan;SD;Lyra Health International Ltd;1;1;1;18
2026-07-01 00:00:00.000;2026 07;AAHUNGER;Action Against Hunger;Guatemala;;null;Lyra Health International Ltd;0;3;4;4
2026-07-01 00:00:00.000;2026 07;AAHUNGER;Action Against Hunger;Guatemala;Guatemala;GT;Lyra Health International Ltd;0;4;10;133
2026-07-01 00:00:00.000;2026 07;AAHUNGER;Action Against Hunger;Honduras;;null;Lyra Health International Ltd;0;1;1;1
2026-07-01 00:00:00.000;2026 07;AAHUNGER;Action Against Hunger;Honduras;Honduras;HN;Lyra Health International Ltd;0;1;3;29
2026-07-01 00:00:00.000;2026 07;AAHUNGER;Action Against Hunger;Italy;Spain;ES;Lyra Health International Ltd;1;1;1;1
2026-07-01 00:00:00.000;2026 07;AAHUNGER;Action Against Hunger;Lebanon;;null;Lyra Health International Ltd;2;2;2;2
2026-07-01 00:00:00.000;2026 07;AAHUNGER;Action Against Hunger;Lebanon;Lebanon;LB;Lyra Health International Ltd;2;2;3;17
2026-07-01 00:00:00.000;2026 07;AAHUNGER;Action Against Hunger;Mauritania;;null;Lyra Health International Ltd;1;1;1;1
2026-07-01 00:00:00.000;2026 07;AAHUNGER;Action Against Hunger;Mauritania;Mauritania;MR;Lyra Health International Ltd;1;1;1;19
2026-07-01 00:00:00.000;2026 07;AAHUNGER;Action Against Hunger;Palestine;;null;Lyra Health International Ltd;2;2;2;2
2026-07-01 00:00:00.000;2026 07;AAHUNGER;Action Against Hunger;Palestine;Palestine;PS;Lyra Health International Ltd;3;4;7;88
2026-07-01 00:00:00.000;2026 07;AAHUNGER;Action Against Hunger;Philippines;;null;Lyra Health International Ltd;2;2;2;2
2026-07-01 00:00:00.000;2026 07;AAHUNGER;Action Against Hunger;Philippines;Philippines;PH;Lyra Health International Ltd;2;2;2;4
2026-07-01 00:00:00.000;2026 07;AAHUNGER;Action Against Hunger;Spain;;null;Lyra Health International Ltd;14;18;19;21
2026-07-01 00:00:00.000;2026 07;AAHUNGER;Action Against Hunger;Spain;Spain;ES;Lyra Health International Ltd;14;18;28;208
2026-07-01 00:00:00.000;2026 07;AAHUNGER;Action Against Hunger;Sudan;;null;Lyra Health International Ltd;2;2;2;2
2026-07-01 00:00:00.000;2026 07;AAHUNGER;Action Against Hunger;Sudan;Sudan;SD;Lyra Health International Ltd;3;3;4;22
2026-07-01 00:00:00.000;2026 07;AAHUNGER;Action Against Hunger;Syrian Arab Republic;Syrian Arab Republic;SY;Lyra Health International Ltd;1;1;1;12
2026-07-01 00:00:00.000;2026 07;AAHUNGER;Action Against Hunger;United States of America;Guatemala;GT;Lyra Health International Ltd;1;1;1;4
2026-07-01 00:00:00.000;2026 07;AAHUNGER;Action Against Hunger;Venezuela;;null;Lyra Health International Ltd;6;6;6;6
2026-07-01 00:00:00.000;2026 07;AAHUNGER;Action Against Hunger;Venezuela;Venezuela;VE;Lyra Health International Ltd;6;6;12;65
2026-07-01 00:00:00.000;2026 07;ABBOTTNL;Abbott Netherlands;Brazil;Netherlands;NL;Lyra Netherlands BV;1;1;4;17
2026-07-01 00:00:00.000;2026 07;ABBOTTNL;Abbott Netherlands;Germany;;null;Lyra Netherlands BV;0;1;1;1
2026-07-01 00:00:00.000;2026 07;ABBOTTNL;Abbott Netherlands;Germany;Netherlands;NL;Lyra Netherlands BV;0;1;1;62
2026-07-01 00:00:00.000;2026 07;ABBOTTNL;Abbott Netherlands;Netherlands;;null;Lyra Netherlands BV;17;19;19;19
2026-07-01 00:00:00.000;2026 07;ABBOTTNL;Abbott Netherlands;Netherlands;Netherlands;NL;Lyra Netherlands BV;18;21;33;254
2026-07-01 00:00:00.000;2026 07;ABBOTTNL;Abbott Netherlands;Spain;;null;Lyra Netherlands BV;1;1;1;1
2026-07-01 00:00:00.000;2026 07;ABBOTTNL;Abbott Netherlands;Spain;Netherlands;NL;Lyra Netherlands BV;1;1;1;19
2026-07-01 00:00:00.000;2026 07;ABC;ABC Fitness;Australia;;null;Lyra Health International Ltd;1;1;1;1
2026-07-01 00:00:00.000;2026 07;ABC;ABC Fitness;Australia;Australia;AU;Lyra Health International Ltd;1;1;1;2
2026-07-01 00:00:00.000;2026 07;ABC;ABC Fitness;Brazil;;null;Lyra Health International Ltd;1;1;1;1
2026-07-01 00:00:00.000;2026 07;ABC;ABC Fitness;Brazil;Brazil;BR;Lyra Health International Ltd;1;1;1;4
2026-07-01 00:00:00.000;2026 07;ABC;ABC Fitness;Spain;;null;Lyra Health International Ltd;1;1;1;1
2026-07-01 00:00:00.000;2026 07;ABC;ABC Fitness;Spain;Spain;ES;Lyra Health International Ltd;1;1;1;8
2026-07-01 00:00:00.000;2026 07;ABCC;ABC Consultants;India;;null;Lyra Mental Health India Private Limited;1;1;1;1
2026-07-01 00:00:00.000;2026 07;ABCC;ABC Consultants;India;India;IN;Lyra Mental Health India Private Limited;1;1;2;4
2026-07-01 00:00:00.000;2026 07;ABL001;African Bank Limited;South Africa;;null;Lyra Southern Africa Pty Ltd;12;12;13;13
2026-07-01 00:00:00.000;2026 07;ABL001;African Bank Limited;South Africa;South Africa;ZA;Lyra Southern Africa Pty Ltd;11;11;15;103
2026-07-01 00:00:00.000;2026 07;ABPIE;ABP - Ireland;Ireland;;null;Lyra UK & Ireland Ltd;4;6;7;7
2026-07-01 00:00:00.000;2026 07;ABPIE;ABP - Ireland;Ireland;Ireland;IE;Lyra UK & Ireland Ltd;5;8;13;136
2026-07-01 00:00:00.000;2026 07;ABPIE;ABP - Ireland;United Kingdom;;null;Lyra UK & Ireland Ltd;0;1;1;1
2026-07-01 00:00:00.000;2026 07;ABPIE;ABP - Ireland;United Kingdom;Ireland;IE;Lyra UK & Ireland Ltd;0;1;3;129
2026-07-01 00:00:00.000;2026 07;ABPPL;ABP - Poland;Poland;Poland;PL;Lyra UK & Ireland Ltd;1;1;1;1
2026-07-01 00:00:00.000;2026 07;ABPUK;ABP - UK;Ireland;;null;Lyra UK & Ireland Ltd;1;1;1;1
2026-07-01 00:00:00.000;2026 07;ABPUK;ABP - UK;Philippines;;null;Lyra UK & Ireland Ltd;1;1;1;1
2026-07-01 00:00:00.000;2026 07;ABPUK;ABP - UK;Philippines;United Kingdom;GB;Lyra UK & Ireland Ltd;1;1;1;7
2026-07-01 00:00:00.000;2026 07;ABPUK;ABP - UK;United Kingdom;;null;Lyra UK & Ireland Ltd;16;21;21;24
2026-07-01 00:00:00.000;2026 07;ABPUK;ABP - UK;United Kingdom;United Kingdom;GB;Lyra UK & Ireland Ltd;15;21;27;219
2026-07-01 00:00:00.000;2026 07;ABS003;Absa Fellowship Programme;South Africa;;null;Lyra Southern Africa Pty Ltd;4;4;4;4
2026-07-01 00:00:00.000;2026 07;ABS003;Absa Fellowship Programme;South Africa;South Africa;ZA;Lyra Southern Africa Pty Ltd;5;6;8;41
2026-07-01 00:00:00.000;2026 07;ABS005;ABSA Seychelles;Seychelles;;null;Lyra Southern Africa Pty Ltd;2;3;3;3
2026-07-01 00:00:00.000;2026 07;ABS005;ABSA Seychelles;Seychelles;Seychelles;SC;Lyra Southern Africa Pty Ltd;2;3;5;16
2026-07-01 00:00:00.000;2026 07;ABS005;ABSA Seychelles;South Africa;;null;Lyra Southern Africa Pty Ltd;0;1;1;1
2026-07-01 00:00:00.000;2026 07;ABS005;ABSA Seychelles;South Africa;Seychelles;SC;Lyra Southern Africa Pty Ltd;0;1;2;5
2026-07-01 00:00:00.000;2026 07;ACC002;Accounting Intelligence Inc;South Africa;;null;Lyra Southern Africa Pty Ltd;1;2;2;2
2026-07-01 00:00:00.000;2026 07;ACC002;Accounting Intelligence Inc;South Africa;South Africa;ZA;Lyra Southern Africa Pty Ltd;1;3;3;17
2026-07-01 00:00:00.000;2026 07;ACCAHUB22;ACCA;United Kingdom;;null;Lyra Health International Ltd;2;2;2;2
2026-07-01 00:00:00.000;2026 07;ACCAHUB22;ACCA;United Kingdom;United Kingdom;GB;Lyra Health International Ltd;2;3;4;11
2026-07-01 00:00:00.000;2026 07;ACH001;Achievement Awards Group;South Africa;;null;Lyra Southern Africa Pty Ltd;3;3;3;4
2026-07-01 00:00:00.000;2026 07;ACH001;Achievement Awards Group;South Africa;South Africa;ZA;Lyra Southern Africa Pty Ltd;3;3;6;54
2026-07-01 00:00:00.000;2026 07;ACI001;Acino;South Africa;;null;Lyra Southern Africa Pty Ltd;6;7;7;7
2026-07-01 00:00:00.000;2026 07;ACI001;Acino;South Africa;South Africa;ZA;Lyra Southern Africa Pty Ltd;7;9;13;61
2026-07-01 00:00:00.000;2026 07;ACIMMUNEHUB;AC Immune SA;Switzerland;;null;Lyra Schweiz GmbH;1;1;1;1
2026-07-01 00:00:00.000;2026 07;ACIMMUNEHUB;AC Immune SA;Switzerland;Switzerland;CH;Lyra Schweiz GmbH;1;1;3;32
2026-07-01 00:00:00.000;2026 07;ADAC;ADAC;Luxembourg;;null;Lyra Spain SLU;2;2;2;5
2026-07-01 00:00:00.000;2026 07;ADAC;ADAC;Luxembourg;Spain;ES;Lyra Spain SLU;1;1;1;26
2026-07-01 00:00:00.000;2026 07;ADCUBUMEAP;Adcubum AG;Switzerland;Switzerland;CH;Lyra Schweiz GmbH;0;1;1;6
2026-07-01 00:00:00.000;2026 07;ADEVINTA;Adevinta;Germany;;null;Lyra Health International Ltd;3;4;4;4
2026-07-01 00:00:00.000;2026 07;ADEVINTA;Adevinta;Germany;Germany;DE;Lyra Health International Ltd;3;4;4;43
2026-07-01 00:00:00.000;2026 07;ADEVINTA;Adevinta;Netherlands;;null;Lyra Health International Ltd;1;1;1;1
2026-07-01 00:00:00.000;2026 07;ADEVINTA;Adevinta;Netherlands;Netherlands;NL;Lyra Health International Ltd;1;1;3;14
2026-07-01 00:00:00.000;2026 07;ADEVINTA26;ADEVINTIA INFORMATION SERVICES;Spain;;null;Lyra Spain SLU;2;3;3;3
2026-07-01 00:00:00.000;2026 07;ADEVINTA26;ADEVINTIA INFORMATION SERVICES;Spain;Spain;ES;Lyra Spain SLU;2;3;4;15
2026-07-01 00:00:00.000;2026 07;ADNOCXLYRA;ADNOC;Armenia;United Arab Emirates;AE;Lyra Health International Ltd (DMCC) Branch (MENA);1;1;1;1
2026-07-01 00:00:00.000;2026 07;ADNOCXLYRA;ADNOC;Canada;;null;Lyra Health International Ltd (DMCC) Branch (MENA);1;1;1;1
2026-07-01 00:00:00.000;2026 07;ADNOCXLYRA;ADNOC;Canada;United Arab Emirates;AE;Lyra Health International Ltd (DMCC) Branch (MENA);1;1;1;8
2026-07-01 00:00:00.000;2026 07;ADNOCXLYRA;ADNOC;Egypt;United Arab Emirates;AE;Lyra Health International Ltd (DMCC) Branch (MENA);1;2;2;9
2026-07-01 00:00:00.000;2026 07;ADNOCXLYRA;ADNOC;India;;null;Lyra Health International Ltd (DMCC) Branch (MENA);3;3;3;3
2026-07-01 00:00:00.000;2026 07;ADNOCXLYRA;ADNOC;India;India;IN;Lyra Health International Ltd (DMCC) Branch (MENA);3;3;3;7
2026-07-01 00:00:00.000;2026 07;ADNOCXLYRA;ADNOC;India;United Arab Emirates;AE;Lyra Health International Ltd (DMCC) Branch (MENA);2;2;2;2
2026-07-01 00:00:00.000;2026 07;ADNOCXLYRA;ADNOC;Jordan;United Arab Emirates;AE;Lyra Health International Ltd (DMCC) Branch (MENA);1;1;1;1
2026-07-01 00:00:00.000;2026 07;ADNOCXLYRA;ADNOC;Kuwait;India;IN;Lyra Health International Ltd (DMCC) Branch (MENA);1;1;1;1
2026-07-01 00:00:00.000;2026 07;ADNOCXLYRA;ADNOC;Tanzania;United Arab Emirates;AE;Lyra Health International Ltd (DMCC) Branch (MENA);1;1;1;1
2026-07-01 00:00:00.000;2026 07;ADNOCXLYRA;ADNOC;United Arab Emirates;;null;Lyra Health International Ltd (DMCC) Branch (MENA);42;48;48;48
2026-07-01 00:00:00.000;2026 07;ADNOCXLYRA;ADNOC;United Arab Emirates;India;IN;Lyra Health International Ltd (DMCC) Branch (MENA);3;4;4;42
2026-07-01 00:00:00.000;2026 07;ADNOCXLYRA;ADNOC;United Arab Emirates;United Arab Emirates;AE;Lyra Health International Ltd (DMCC) Branch (MENA);59;71;95;527
2026-07-01 00:00:00.000;2026 07;ADNOCXLYRA;ADNOC;United Arab Emirates;Vietnam;VN;Lyra Health International Ltd (DMCC) Branch (MENA);1;1;1;8
2026-07-01 00:00:00.000;2026 07;ADP;Automatic Data Processing (ADP);Brazil;;null;Lyra Health International Ltd;1;1;1;1
2026-07-01 00:00:00.000;2026 07;ADP;Automatic Data Processing (ADP);Brazil;Brazil;BR;Lyra Health International Ltd;1;1;1;5
2026-07-01 00:00:00.000;2026 07;ADP;Automatic Data Processing (ADP);Czech Republic;;null;Lyra Health International Ltd;3;3;3;3
2026-07-01 00:00:00.000;2026 07;ADP;Automatic Data Processing (ADP);Czech Republic;Czech Republic;CZ;Lyra Health International Ltd;2;2;6;43
2026-07-01 00:00:00.000;2026 07;ADP;Automatic Data Processing (ADP);France;;null;Lyra Health International Ltd;4;7;10;12
2026-07-01 00:00:00.000;2026 07;ADP;Automatic Data Processing (ADP);France;Czech Republic;CZ;Lyra Health International Ltd;2;2;2;18
2026-07-01 00:00:00.000;2026 07;ADP;Automatic Data Processing (ADP);France;France;FR;Lyra Health International Ltd;1;2;3;5
2026-07-01 00:00:00.000;2026 07;ADP;Automatic Data Processing (ADP);France;Spain;ES;Lyra Health International Ltd;2;4;7;51
2026-07-01 00:00:00.000;2026 07;ADP;Automatic Data Processing (ADP);Germany;;null;Lyra Health International Ltd;3;3;3;3
2026-07-01 00:00:00.000;2026 07;ADP;Automatic Data Processing (ADP);Germany;Germany;DE;Lyra Health International Ltd;2;2;2;49
2026-07-01 00:00:00.000;2026 07;ADP;Automatic Data Processing (ADP);Germany;Netherlands;NL;Lyra Health International Ltd;1;1;1;10
2026-07-01 00:00:00.000;2026 07;ADP;Automatic Data Processing (ADP);India;;null;Lyra Health International Ltd;1;1;1;1
2026-07-01 00:00:00.000;2026 07;ADP;Automatic Data Processing (ADP);India;India;IN;Lyra Health International Ltd;1;1;1;7
2026-07-01 00:00:00.000;2026 07;ADP;Automatic Data Processing (ADP);Italy;;null;Lyra Health International Ltd;3;3;3;3
2026-07-01 00:00:00.000;2026 07;ADP;Automatic Data Processing (ADP);Italy;Italy;IT;Lyra Health International Ltd;3;3;3;22
2026-07-01 00:00:00.000;2026 07;ADP;Automatic Data Processing (ADP);Mexico;;null;Lyra Health International Ltd;23;23;23;23
2026-07-01 00:00:00.000;2026 07;ADP;Automatic Data Processing (ADP);Mexico;Mexico;MX;Lyra Health International Ltd;24;24;26;282
2026-07-01 00:00:00.000;2026 07;ADP;Automatic Data Processing (ADP);Netherlands;;null;Lyra Health International Ltd;0;1;1;1
2026-07-01 00:00:00.000;2026 07;ADP;Automatic Data Processing (ADP);Netherlands;Netherlands;NL;Lyra Health International Ltd;0;1;1;2
2026-07-01 00:00:00.000;2026 07;ADP;Automatic Data Processing (ADP);Philippines;;null;Lyra Health International Ltd;19;21;21;21
2026-07-01 00:00:00.000;2026 07;ADP;Automatic Data Processing (ADP);Philippines;Philippines;PH;Lyra Health International Ltd;20;22;28;170
2026-07-01 00:00:00.000;2026 07;ADP;Automatic Data Processing (ADP);Qatar;;null;Lyra Health International Ltd;1;1;1;3
2026-07-01 00:00:00.000;2026 07;ADP;Automatic Data Processing (ADP);Qatar;Philippines;PH;Lyra Health International Ltd;1;1;1;13
2026-07-01 00:00:00.000;2026 07;ADP;Automatic Data Processing (ADP);Romania;;null;Lyra Health International Ltd;1;1;1;1
2026-07-01 00:00:00.000;2026 07;ADP;Automatic Data Processing (ADP);Romania;Romania;RO;Lyra Health International Ltd;1;3;4;8
2026-07-01 00:00:00.000;2026 07;ADP;Automatic Data Processing (ADP);South Africa;;null;Lyra Health International Ltd;1;2;2;2
2026-07-01 00:00:00.000;2026 07;ADP;Automatic Data Processing (ADP);South Africa;South Africa;ZA;Lyra Health International Ltd;1;1;2;5
2026-07-01 00:00:00.000;2026 07;ADP;Automatic Data Processing (ADP);South Africa;Spain;ES;Lyra Health International Ltd;0;1;1;7
2026-07-01 00:00:00.000;2026 07;ADP;Automatic Data Processing (ADP);Spain;;null;Lyra Health International Ltd;4;5;5;8
2026-07-01 00:00:00.000;2026 07;ADP;Automatic Data Processing (ADP);Spain;Spain;ES;Lyra Health International Ltd;4;5;5;23
2026-07-01 00:00:00.000;2026 07;ADP;Automatic Data Processing (ADP);United States of America;;null;Lyra Health International Ltd;1;1;1;1
2026-07-01 00:00:00.000;2026 07;ADP;Automatic Data Processing (ADP);United States of America;Mexico;MX;Lyra Health International Ltd;1;1;1;13
2026-07-01 00:00:00.000;2026 07;ADQXLYRA;ADQ (Abu Dhabi Developmental Holdings Company PJSC);United Arab Emirates;;null;Lyra Health International Ltd (DMCC) Branch (MENA);1;1;1;1
2026-07-01 00:00:00.000;2026 07;ADQXLYRA;ADQ (Abu Dhabi Developmental Holdings Company PJSC);United Arab Emirates;United Arab Emirates;AE;Lyra Health International Ltd (DMCC) Branch (MENA);1;1;2;22
2026-07-01 00:00:00.000;2026 07;ADVANTAGE;Advantage Finance Ltd;United Kingdom;;null;Lyra UK & Ireland Ltd;5;6;6;6
2026-07-01 00:00:00.000;2026 07;ADVANTAGE;Advantage Finance Ltd;United Kingdom;United Kingdom;GB;Lyra UK & Ireland Ltd;5;7;12;64
2026-07-01 00:00:00.000;2026 07;AEC001;AECI;South Africa;;null;Lyra Southern Africa Pty Ltd;0;1;1;1
2026-07-01 00:00:00.000;2026 07;AEC001;AECI;South Africa;South Africa;ZA;Lyra Southern Africa Pty Ltd;2;3;5;40
2026-07-01 00:00:00.000;2026 07;AEROBAL;Aerobal;Mexico;;null;Lyra Mexico and Central America;1;1;1;1
2026-07-01 00:00:00.000;2026 07;AEROBAL;Aerobal;Mexico;Mexico;MX;Lyra Mexico and Central America;2;2;2;19
2026-07-01 00:00:00.000;2026 07;AFH001;AFHCO Holdings;South Africa;;null;Lyra Southern Africa Pty Ltd;3;3;4;4
2026-07-01 00:00:00.000;2026 07;AFH001;AFHCO Holdings;South Africa;South Africa;ZA;Lyra Southern Africa Pty Ltd;5;5;6;35
2026-07-01 00:00:00.000;2026 07;AFILIADOSPAE;Lyra Mexico Affiliates (Test Preview);Mexico;;null;Lyra Mexico and Central America;0;1;1;1
2026-07-01 00:00:00.000;2026 07;AFILIADOSPAE;Lyra Mexico Affiliates (Test Preview);Mexico;Mexico;MX;Lyra Mexico and Central America;0;1;1;31
2026-07-01 00:00:00.000;2026 07;AFR002;African Rainbow Mineral;South Africa;;null;Lyra Southern Africa Pty Ltd;2;2;2;2
2026-07-01 00:00:00.000;2026 07;AFR002;African Rainbow Mineral;South Africa;South Africa;ZA;Lyra Southern Africa Pty Ltd;3;4;8;31
2026-07-01 00:00:00.000;2026 07;AFR003;Afrocentric;Mauritius;Mauritius;MU;Lyra Southern Africa Pty Ltd;0;1;2;4
2026-07-01 00:00:00.000;2026 07;AFR003;Afrocentric;South Africa;;null;Lyra Southern Africa Pty Ltd;5;6;6;6
2026-07-01 00:00:00.000;2026 07;AFR003;Afrocentric;South Africa;South Africa;ZA;Lyra Southern Africa Pty Ltd;6;8;8;58
2026-07-01 00:00:00.000;2026 07;AFR005;Africa Health Research Institute;South Africa;South Africa;ZA;Lyra Southern Africa Pty Ltd;0;1;1;1
2026-07-01 00:00:00.000;2026 07;AFR015;Afrocentric Mauritius;Mauritius;;null;Lyra Southern Africa Pty Ltd;13;24;29;29
2026-07-01 00:00:00.000;2026 07;AFR015;Afrocentric Mauritius;Mauritius;Mauritius;MU;Lyra Southern Africa Pty Ltd;14;31;90;766
2026-07-01 00:00:00.000;2026 07;AG001;Aggreko;South Africa;;null;Lyra Southern Africa Pty Ltd;0;1;1;1
2026-07-01 00:00:00.000;2026 07;AG001;Aggreko;South Africa;South Africa;ZA;Lyra Southern Africa Pty Ltd;0;1;2;7
2026-07-01 00:00:00.000;2026 07;AGI0001;Ariston Global Investments (Pty) Ltd;Botswana;;null;Lyra Southern Africa Pty Ltd;1;1;1;1
2026-07-01 00:00:00.000;2026 07;AGI0001;Ariston Global Investments (Pty) Ltd;Botswana;South Africa;ZA;Lyra Southern Africa Pty Ltd;1;1;2;10
2026-07-01 00:00:00.000;2026 07;AGI0001;Ariston Global Investments (Pty) Ltd;South Africa;;null;Lyra Southern Africa Pty Ltd;19;20;20;20
2026-07-01 00:00:00.000;2026 07;AGI0001;Ariston Global Investments (Pty) Ltd;South Africa;South Africa;ZA;Lyra Southern Africa Pty Ltd;20;21;28;454
2026-07-01 00:00:00.000;2026 07;AGI001;Agile Capital Pty Ltd;South Africa;;null;Lyra Southern Africa Pty Ltd;1;1;1;1
2026-07-01 00:00:00.000;2026 07;AGI001;Agile Capital Pty Ltd;South Africa;South Africa;ZA;Lyra Southern Africa Pty Ltd;1;1;2;11
2026-07-01 00:00:00.000;2026 07;AGODA;Agoda Services Co Ltd;India;;null;Lyra Health International Ltd;3;4;4;5
2026-07-01 00:00:00.000;2026 07;AGODA;Agoda Services Co Ltd;India;India;IN;Lyra Health International Ltd;3;4;5;15
2026-07-01 00:00:00.000;2026 07;AGODA;Agoda Services Co Ltd;India;Thailand;TH;Lyra Health International Ltd;2;2;2;2
2026-07-01 00:00:00.000;2026 07;AGODA;Agoda Services Co Ltd;Japan;;null;Lyra Health International Ltd;2;2;2;2
2026-07-01 00:00:00.000;2026 07;AGODA;Agoda Services Co Ltd;Japan;Japan;JP;Lyra Health International Ltd;2;2;2;41
2026-07-01 00:00:00.000;2026 07;AGODA;Agoda Services Co Ltd;Japan;Malaysia;MY;Lyra Health International Ltd;1;1;1;2
2026-07-01 00:00:00.000;2026 07;AGODA;Agoda Services Co Ltd;Malaysia;;null;Lyra Health International Ltd;4;6;6;6
2026-07-01 00:00:00.000;2026 07;AGODA;Agoda Services Co Ltd;Malaysia;Indonesia;ID;Lyra Health International Ltd;1;1;1;4
2026-07-01 00:00:00.000;2026 07;AGODA;Agoda Services Co Ltd;Malaysia;Malaysia;MY;Lyra Health International Ltd;3;5;8;54
2026-07-01 00:00:00.000;2026 07;AGODA;Agoda Services Co Ltd;Republic of Korea;;null;Lyra Health International Ltd;1;1;1;1
2026-07-01 00:00:00.000;2026 07;AGODA;Agoda Services Co Ltd;Republic of Korea;Japan;JP;Lyra Health International Ltd;1;1;1;1
2026-07-01 00:00:00.000;2026 07;AGODA;Agoda Services Co Ltd;Republic of Korea;Republic of Korea;KR;Lyra Health International Ltd;1;1;1;1
2026-07-01 00:00:00.000;2026 07;AGODA;Agoda Services Co Ltd;Thailand;;null;Lyra Health International Ltd;14;15;15;15
2026-07-01 00:00:00.000;2026 07;AGODA;Agoda Services Co Ltd;Thailand;China;CN;Lyra Health International Ltd;1;1;1;4
2026-07-01 00:00:00.000;2026 07;AGODA;Agoda Services Co Ltd;Thailand;India;IN;Lyra Health International Ltd;1;1;2;6
2026-07-01 00:00:00.000;2026 07;AGODA;Agoda Services Co Ltd;Thailand;Thailand;TH;Lyra Health International Ltd;12;14;20;170
2026-07-01 00:00:00.000;2026 07;AGODA;Agoda Services Co Ltd;United States of America;;null;Lyra Health International Ltd;1;1;1;1
2026-07-01 00:00:00.000;2026 07;AGODA;Agoda Services Co Ltd;United States of America;United States of America;US;Lyra Health International Ltd;1;1;3;10
2026-07-01 00:00:00.000;2026 07;AGS001;Afrimat Group Services (Pty) Ltd;South Africa;;null;Lyra Southern Africa Pty Ltd;4;5;5;5
2026-07-01 00:00:00.000;2026 07;AGS001;Afrimat Group Services (Pty) Ltd;South Africa;South Africa;ZA;Lyra Southern Africa Pty Ltd;3;5;6;50
2026-07-01 00:00:00.000;2026 07;AIG001;AIG;South Africa;;null;Lyra Southern Africa Pty Ltd;3;5;5;5
2026-07-01 00:00:00.000;2026 07;AIG001;AIG;South Africa;South Africa;ZA;Lyra Southern Africa Pty Ltd;4;7;10;69
2026-07-01 00:00:00.000;2026 07;AIG001;AIG;United Kingdom;;null;Lyra Southern Africa Pty Ltd;4;4;4;4
2026-07-01 00:00:00.000;2026 07;AIG001;AIG;United Kingdom;South Africa;ZA;Lyra Southern Africa Pty Ltd;4;4;5;23
2026-07-01 00:00:00.000;2026 07;AIR001;Airlines Association of Southern Africa;South Africa;;null;Lyra Southern Africa Pty Ltd;0;1;1;1
2026-07-01 00:00:00.000;2026 07;AIR001;Airlines Association of Southern Africa;South Africa;South Africa;ZA;Lyra Southern Africa Pty Ltd;0;1;1;6
2026-07-01 00:00:00.000;2026 07;AIR003;Air Liquide;South Africa;South Africa;ZA;Lyra Southern Africa Pty Ltd;0;3;5;19
2026-07-01 00:00:00.000;2026 07;AIR010;Air Chefs Soc Limited;South Africa;South Africa;ZA;Lyra Southern Africa Pty Ltd;1;1;1;1
2026-07-01 00:00:00.000;2026 07;AIRBNB;Airbnb;Canada;;null;Lyra Health International Ltd;1;1;1;1
2026-07-01 00:00:00.000;2026 07;AIRBNB;Airbnb;Canada;Canada;CA;Lyra Health International Ltd;1;1;1;5
2026-07-01 00:00:00.000;2026 07;AIREXEAP;Airex AG;Switzerland;Switzerland;CH;Lyra Schweiz GmbH;1;1;1;1
2026-07-01 00:00:00.000;2026 07;AKZ001;Akzonobel;South Africa;South Africa;ZA;Lyra Southern Africa Pty Ltd;0;1;2;2
2026-07-01 00:00:00.000;2026 07;AKZ001;Akzonobel;Spain;;null;Lyra Southern Africa Pty Ltd;2;2;2;2
2026-07-01 00:00:00.000;2026 07;AKZ001;Akzonobel;Spain;Spain;ES;Lyra Southern Africa Pty Ltd;2;2;2;16
2026-07-01 00:00:00.000;2026 07;ALB001;ALBDS;South Africa;;null;Lyra Southern Africa Pty Ltd;62;64;64;64
2026-07-01 00:00:00.000;2026 07;ALB001;ALBDS;South Africa;South Africa;ZA;Lyra Southern Africa Pty Ltd;56;58;89;720
2026-07-01 00:00:00.000;2026 07;ALB005;ALBSTS;South Africa;;null;Lyra Southern Africa Pty Ltd;2;2;2;2
2026-07-01 00:00:00.000;2026 07;ALB005;ALBSTS;South Africa;South Africa;ZA;Lyra Southern Africa Pty Ltd;2;2;6;21
2026-07-01 00:00:00.000;2026 07;ALCOAPAE;ALCOA;United States of America;;null;Lyra Spain SLU;1;1;1;1
2026-07-01 00:00:00.000;2026 07;ALCOAPAE;ALCOA;United States of America;Spain;ES;Lyra Spain SLU;1;1;1;14
2026-07-01 00:00:00.000;2026 07;ALJ;ALJ;Australia;Egypt;EG;Lyra Health International Ltd;1;1;2;12
2026-07-01 00:00:00.000;2026 07;ALJ;ALJ;Egypt;;null;Lyra Health International Ltd;3;3;3;3
2026-07-01 00:00:00.000;2026 07;ALJ;ALJ;Egypt;Egypt;EG;Lyra Health International Ltd;4;6;6;42
2026-07-01 00:00:00.000;2026 07;ALJ;ALJ;India;;null;Lyra Health International Ltd;1;1;1;1
2026-07-01 00:00:00.000;2026 07;ALJ;ALJ;India;India;IN;Lyra Health International Ltd;1;1;1;3
2026-07-01 00:00:00.000;2026 07;ALJ;ALJ;Iraq;;null;Lyra Health International Ltd;1;1;1;1
2026-07-01 00:00:00.000;2026 07;ALJ;ALJ;Iraq;Iraq;IQ;Lyra Health International Ltd;1;1;1;2
2026-07-01 00:00:00.000;2026 07;ALJ;ALJ;Italy;;null;Lyra Health International Ltd;0;1;1;1
2026-07-01 00:00:00.000;2026 07;ALJ;ALJ;Italy;Spain;ES;Lyra Health International Ltd;0;1;1;28
2026-07-01 00:00:00.000;2026 07;ALJ;ALJ;Malaysia;Saudi Arabia;SA;Lyra Health International Ltd;1;1;1;1
2026-07-01 00:00:00.000;2026 07;ALJ;ALJ;Poland;;null;Lyra Health International Ltd;1;1;1;1
2026-07-01 00:00:00.000;2026 07;ALJ;ALJ;Poland;United Arab Emirates;AE;Lyra Health International Ltd;1;1;2;10
2026-07-01 00:00:00.000;2026 07;ALJ;ALJ;Saudi Arabia;;null;Lyra Health International Ltd;1;1;1;1
2026-07-01 00:00:00.000;2026 07;ALJ;ALJ;Saudi Arabia;Saudi Arabia;SA;Lyra Health International Ltd;2;2;2;2
2026-07-01 00:00:00.000;2026 07;ALJ;ALJ;Singapore;;null;Lyra Health International Ltd;2;2;2;2
2026-07-01 00:00:00.000;2026 07;ALJ;ALJ;Singapore;United Kingdom;GB;Lyra Health International Ltd;1;1;1;3
2026-07-01 00:00:00.000;2026 07;ALJ;ALJ;United Kingdom;;null;Lyra Health International Ltd;0;1;1;1
2026-07-01 00:00:00.000;2026 07;ALJ;ALJ;United States of America;Lebanon;LB;Lyra Health International Ltd;0;1;1;1
2026-07-01 00:00:00.000;2026 07;ALKABELLOBV;ALK-AbellóArzneimittel GmbH;Netherlands;;null;Lyra Health International Ltd;1;1;1;1
2026-07-01 00:00:00.000;2026 07;ALKABELLOBV;ALK-AbellóArzneimittel GmbH;Netherlands;Netherlands;NL;Lyra Health International Ltd;1;1;1;12
2026-07-01 00:00:00.000;2026 07;ALL003;Allan Gray;South Africa;;null;Lyra Southern Africa Pty Ltd;18;25;26;26
2026-07-01 00:00:00.000;2026 07;ALL003;Allan Gray;South Africa;South Africa;ZA;Lyra Southern Africa Pty Ltd;20;30;43;317
2026-07-01 00:00:00.000;2026 07;ALL003;Allan Gray;United Kingdom;;null;Lyra Southern Africa Pty Ltd;1;1;1;1
2026-07-01 00:00:00.000;2026 07;ALL003;Allan Gray;United Kingdom;South Africa;ZA;Lyra Southern Africa Pty Ltd;1;1;1;3
2026-07-01 00:00:00.000;2026 07;ALL004;Allan and Gill Gray Philanthropy Africa;South Africa;;null;Lyra Southern Africa Pty Ltd;3;3;3;3
2026-07-01 00:00:00.000;2026 07;ALL004;Allan and Gill Gray Philanthropy Africa;South Africa;South Africa;ZA;Lyra Southern Africa Pty Ltd;3;4;6;26
2026-07-01 00:00:00.000;2026 07;ALL005;Alliance Insurance Limited;Lesotho;;null;Lyra Southern Africa Pty Ltd;1;1;1;1
2026-07-01 00:00:00.000;2026 07;ALLEGISHUB22;Allegis;Hungary;;null;Lyra Health International Ltd;1;1;1;1
2026-07-01 00:00:00.000;2026 07;ALLEGISHUB22;Allegis;Hungary;Hungary;HU;Lyra Health International Ltd;1;1;1;2
2026-07-01 00:00:00.000;2026 07;ALLEGISHUB22;Allegis;United Kingdom;;null;Lyra Health International Ltd;8;9;9;10
2026-07-01 00:00:00.000;2026 07;ALLEGISHUB22;Allegis;United Kingdom;Hungary;HU;Lyra Health International Ltd;0;1;1;1
2026-07-01 00:00:00.000;2026 07;ALLEGISHUB22;Allegis;United Kingdom;Netherlands;NL;Lyra Health International Ltd;1;1;1;19
2026-07-01 00:00:00.000;2026 07;ALLEGISHUB22;Allegis;United Kingdom;United Kingdom;GB;Lyra Health International Ltd;6;6;6;74
2026-07-01 00:00:00.000;2026 07;ALLIANCE;Alliance International Servicing Ltd.;Saint Kitts and Nevis;;null;Lyra Health International Ltd;0;1;1;1
2026-07-01 00:00:00.000;2026 07;ALLIANCE;Alliance International Servicing Ltd.;Saint Kitts and Nevis;Saint Kitts and Nevis;KN;Lyra Health International Ltd;0;1;7;8
2026-07-01 00:00:00.000;2026 07;ALS002;Alstom Ubunye;France;;null;Lyra Southern Africa Pty Ltd;0;1;1;1
2026-07-01 00:00:00.000;2026 07;ALS002;Alstom Ubunye;France;South Africa;ZA;Lyra Southern Africa Pty Ltd;0;1;1;5
2026-07-01 00:00:00.000;2026 07;ALS002;Alstom Ubunye;South Africa;South Africa;ZA;Lyra Southern Africa Pty Ltd;1;2;2;25
2026-07-01 00:00:00.000;2026 07;ALSHAYAGLOBALXLYRA;Alshaya Group;India;;null;Lyra Health International Ltd (DMCC) Branch (MENA);2;2;2;2
2026-07-01 00:00:00.000;2026 07;ALSHAYAGLOBALXLYRA;Alshaya Group;India;India;IN;Lyra Health International Ltd (DMCC) Branch (MENA);2;2;2;9
2026-07-01 00:00:00.000;2026 07;ALSHAYAGLOBALXLYRA;Alshaya Group;Turkey;;null;Lyra Health International Ltd (DMCC) Branch (MENA);47;56;59;59
2026-07-01 00:00:00.000;2026 07;ALSHAYAGLOBALXLYRA;Alshaya Group;Turkey;Turkey;TR;Lyra Health International Ltd (DMCC) Branch (MENA);64;76;137;919
2026-07-01 00:00:00.000;2026 07;ALSHAYAXLYRA;Alshaya Group;Bahrain;Bahrain;BH;Lyra Health International Ltd (DMCC) Branch (MENA);1;1;1;25
2026-07-01 00:00:00.000;2026 07;ALSHAYAXLYRA;Alshaya Group;Egypt;;null;Lyra Health International Ltd (DMCC) Branch (MENA);4;5;5;5
2026-07-01 00:00:00.000;2026 07;ALSHAYAXLYRA;Alshaya Group;Egypt;Egypt;EG;Lyra Health International Ltd (DMCC) Branch (MENA);4;4;7;20
2026-07-01 00:00:00.000;2026 07;ALSHAYAXLYRA;Alshaya Group;Egypt;Kuwait;KW;Lyra Health International Ltd (DMCC) Branch (MENA);0;1;3;12
2026-07-01 00:00:00.000;2026 07;ALSHAYAXLYRA;Alshaya Group;Egypt;Saudi Arabia;SA;Lyra Health International Ltd (DMCC) Branch (MENA);1;1;1;5
2026-07-01 00:00:00.000;2026 07;ALSHAYAXLYRA;Alshaya Group;Germany;;null;Lyra Health International Ltd (DMCC) Branch (MENA);1;1;1;1
2026-07-01 00:00:00.000;2026 07;ALSHAYAXLYRA;Alshaya Group;Germany;United Arab Emirates;AE;Lyra Health International Ltd (DMCC) Branch (MENA);1;1;1;7
2026-07-01 00:00:00.000;2026 07;ALSHAYAXLYRA;Alshaya Group;India;;null;Lyra Health International Ltd (DMCC) Branch (MENA);1;1;1;1
2026-07-01 00:00:00.000;2026 07;ALSHAYAXLYRA;Alshaya Group;India;Kuwait;KW;Lyra Health International Ltd (DMCC) Branch (MENA);1;1;1;1
2026-07-01 00:00:00.000;2026 07;ALSHAYAXLYRA;Alshaya Group;India;United Arab Emirates;AE;Lyra Health International Ltd (DMCC) Branch (MENA);1;1;5;120
2026-07-01 00:00:00.000;2026 07;ALSHAYAXLYRA;Alshaya Group;Jordan;United Arab Emirates;AE;Lyra Health International Ltd (DMCC) Branch (MENA);0;1;1;6
2026-07-01 00:00:00.000;2026 07;ALSHAYAXLYRA;Alshaya Group;Kuwait;;null;Lyra Health International Ltd (DMCC) Branch (MENA);24;27;27;28
2026-07-01 00:00:00.000;2026 07;ALSHAYAXLYRA;Alshaya Group;Kuwait;Kuwait;KW;Lyra Health International Ltd (DMCC) Branch (MENA);31;37;59;251
2026-07-01 00:00:00.000;2026 07;ALSHAYAXLYRA;Alshaya Group;Netherlands;Saudi Arabia;SA;Lyra Health International Ltd (DMCC) Branch (MENA);0;1;1;1
2026-07-01 00:00:00.000;2026 07;ALSHAYAXLYRA;Alshaya Group;Oman;Oman;OM;Lyra Health International Ltd (DMCC) Branch (MENA);1;1;1;1
2026-07-01 00:00:00.000;2026 07;ALSHAYAXLYRA;Alshaya Group;Qatar;;null;Lyra Health International Ltd (DMCC) Branch (MENA);6;6;7;7
2026-07-01 00:00:00.000;2026 07;ALSHAYAXLYRA;Alshaya Group;Qatar;Qatar;QA;Lyra Health International Ltd (DMCC) Branch (MENA);8;10;18;93
2026-07-01 00:00:00.000;2026 07;ALSHAYAXLYRA;Alshaya Group;Saudi Arabia;;null;Lyra Health International Ltd (DMCC) Branch (MENA);4;6;6;6
2026-07-01 00:00:00.000;2026 07;ALSHAYAXLYRA;Alshaya Group;Saudi Arabia;Saudi Arabia;SA;Lyra Health International Ltd (DMCC) Branch (MENA);9;11;18;99
2026-07-01 00:00:00.000;2026 07;ALSHAYAXLYRA;Alshaya Group;United Arab Emirates;;null;Lyra Health International Ltd (DMCC) Branch (MENA);21;23;24;24
2026-07-01 00:00:00.000;2026 07;ALSHAYAXLYRA;Alshaya Group;United Arab Emirates;Kuwait;KW;Lyra Health International Ltd (DMCC) Branch (MENA);0;1;2;6
2026-07-01 00:00:00.000;2026 07;ALSHAYAXLYRA;Alshaya Group;United Arab Emirates;United Arab Emirates;AE;Lyra Health International Ltd (DMCC) Branch (MENA);28;35;56;308
2026-07-01 00:00:00.000;2026 07;ALT001;Altron Management Services;South Africa;;null;Lyra Southern Africa Pty Ltd;23;24;25;25
2026-07-01 00:00:00.000;2026 07;ALT001;Altron Management Services;South Africa;South Africa;ZA;Lyra Southern Africa Pty Ltd;26;27;44;306
2026-07-01 00:00:00.000;2026 07;ALT001;Altron Management Services;United Arab Emirates;South Africa;ZA;Lyra Southern Africa Pty Ltd;1;1;1;5
2026-07-01 00:00:00.000;2026 07;ALTAMIMIXLYRA;Al Tamimi & Company Limited;Egypt;;null;Lyra Health International Ltd (DMCC) Branch (MENA);0;1;1;1
2026-07-01 00:00:00.000;2026 07;ALTAMIMIXLYRA;Al Tamimi & Company Limited;Egypt;Egypt;EG;Lyra Health International Ltd (DMCC) Branch (MENA);0;1;1;4
2026-07-01 00:00:00.000;2026 07;ALTAMIMIXLYRA;Al Tamimi & Company Limited;Saudi Arabia;Saudi Arabia;SA;Lyra Health International Ltd (DMCC) Branch (MENA);0;1;1;1
2026-07-01 00:00:00.000;2026 07;ALTAMIMIXLYRA;Al Tamimi & Company Limited;United Arab Emirates;;null;Lyra Health International Ltd (DMCC) Branch (MENA);4;5;5;5
2026-07-01 00:00:00.000;2026 07;ALTAMIMIXLYRA;Al Tamimi & Company Limited;United Arab Emirates;United Arab Emirates;AE;Lyra Health International Ltd (DMCC) Branch (MENA);5;9;13;86
2026-07-01 00:00:00.000;2026 07;ALTIUSMEDTEST;AltiusMedibank (Test Preview);Australia;;null;Lyra Health International Ltd;3;3;3;3
2026-07-01 00:00:00.000;2026 07;ALTIUSMEDTEST;AltiusMedibank (Test Preview);Australia;United Kingdom;GB;Lyra Health International Ltd;3;3;4;111
2026-07-01 00:00:00.000;2026 07;ALTIUSMEDTEST;AltiusMedibank (Test Preview);Singapore;;null;Lyra Health International Ltd;0;2;3;3
2026-07-01 00:00:00.000;2026 07;ALTIUSMEDTEST;AltiusMedibank (Test Preview);Singapore;United Kingdom;GB;Lyra Health International Ltd;0;2;12;107
2026-07-01 00:00:00.000;2026 07;ALVOGEN;Alvogen;Greece;;null;Lyra Health International Ltd;1;2;3;3
2026-07-01 00:00:00.000;2026 07;ALVOGEN;Alvogen;Greece;United Kingdom;GB;Lyra Health International Ltd;1;2;3;22
2026-07-01 00:00:00.000;2026 07;ALVOGEN;Alvogen;India;;null;Lyra Health International Ltd;0;1;1;1
2026-07-01 00:00:00.000;2026 07;ALVOGEN;Alvogen;India;India;IN;Lyra Health International Ltd;0;1;1;5
2026-07-01 00:00:00.000;2026 07;ALVOGEN;Alvogen;Malta;;null;Lyra Health International Ltd;3;5;5;5
2026-07-01 00:00:00.000;2026 07;ALVOGEN;Alvogen;Malta;Malta;MT;Lyra Health International Ltd;3;6;13;106
2026-07-01 00:00:00.000;2026 07;ALVOGEN;Alvogen;Russia;;null;Lyra Health International Ltd;1;1;1;1
2026-07-01 00:00:00.000;2026 07;ALVOGEN;Alvogen;Russia;Bulgaria;BG;Lyra Health International Ltd;1;1;1;28
2026-07-01 00:00:00.000;2026 07;AMADEUSEAP;Amadeus;Germany;;null;Lyra Deutschland GmBH;5;5;5;5
2026-07-01 00:00:00.000;2026 07;AMADEUSEAP;Amadeus;Germany;Germany;DE;Lyra Deutschland GmBH;5;6;7;99
2026-07-01 00:00:00.000;2026 07;AMADEUSEAP;Amadeus;Netherlands;;null;Lyra Deutschland GmBH;5;5;5;5
2026-07-01 00:00:00.000;2026 07;AMADEUSEAP;Amadeus;Netherlands;Germany;DE;Lyra Deutschland GmBH;5;6;9;34
2026-07-01 00:00:00.000;2026 07;AMC;AMC Networks International (Zonemedia);Hungary;;null;Lyra Health International Ltd;2;2;2;2
2026-07-01 00:00:00.000;2026 07;AMC;AMC Networks International (Zonemedia);Hungary;Hungary;HU;Lyra Health International Ltd;2;2;2;2
2026-07-01 00:00:00.000;2026 07;AMCOR;AMCOR;Belgium;;null;Lyra Health International Ltd;2;2;2;2
2026-07-01 00:00:00.000;2026 07;AMCOR;AMCOR;Belgium;Belgium;BE;Lyra Health International Ltd;2;2;5;57
2026-07-01 00:00:00.000;2026 07;AMCOR;AMCOR;Czech Republic;;null;Lyra Health International Ltd;1;1;1;1
2026-07-01 00:00:00.000;2026 07;AMCOR;AMCOR;Czech Republic;Czech Republic;CZ;Lyra Health International Ltd;1;1;5;63
2026-07-01 00:00:00.000;2026 07;AMCOR;AMCOR;Finland;;null;Lyra Health International Ltd;1;1;1;1
2026-07-01 00:00:00.000;2026 07;AMCOR;AMCOR;Finland;Finland;FI;Lyra Health International Ltd;1;1;3;76
2026-07-01 00:00:00.000;2026 07;AMCOR;AMCOR;France;;null;Lyra Health International Ltd;2;2;2;2
2026-07-01 00:00:00.000;2026 07;AMCOR;AMCOR;France;France;FR;Lyra Health International Ltd;2;2;3;29
2026-07-01 00:00:00.000;2026 07;AMCOR;AMCOR;Germany;;null;Lyra Health International Ltd;2;2;2;2
2026-07-01 00:00:00.000;2026 07;AMCOR;AMCOR;Germany;Germany;DE;Lyra Health International Ltd;1;1;1;3
2026-07-01 00:00:00.000;2026 07;AMCOR;AMCOR;Germany;Spain;ES;Lyra Health International Ltd;1;1;2;15
2026-07-01 00:00:00.000;2026 07;AMCOR;AMCOR;Italy;;null;Lyra Health International Ltd;4;4;4;4
2026-07-01 00:00:00.000;2026 07;AMCOR;AMCOR;Italy;Italy;IT;Lyra Health International Ltd;2;2;2;20
2026-07-01 00:00:00.000;2026 07;AMCOR;AMCOR;Malaysia;;null;Lyra Health International Ltd;0;1;1;1
2026-07-01 00:00:00.000;2026 07;AMCOR;AMCOR;Malaysia;Malaysia;MY;Lyra Health International Ltd;0;1;2;20
2026-07-01 00:00:00.000;2026 07;AMCOR;AMCOR;Morocco;;null;Lyra Health International Ltd;1;1;1;1
2026-07-01 00:00:00.000;2026 07;AMCOR;AMCOR;Morocco;Morocco;MA;Lyra Health International Ltd;1;1;1;11
2026-07-01 00:00:00.000;2026 07;AMCOR;AMCOR;Netherlands;;null;Lyra Health International Ltd;1;2;3;3
2026-07-01 00:00:00.000;2026 07;AMCOR;AMCOR;Netherlands;Netherlands;NL;Lyra Health International Ltd;1;2;2;7
2026-07-01 00:00:00.000;2026 07;AMCOR;AMCOR;Philippines;;null;Lyra Health International Ltd;1;1;1;1
2026-07-01 00:00:00.000;2026 07;AMCOR;AMCOR;Philippines;Philippines;PH;Lyra Health International Ltd;1;1;3;15
2026-07-01 00:00:00.000;2026 07;AMCOR;AMCOR;Poland;;null;Lyra Health International Ltd;3;3;3;3
2026-07-01 00:00:00.000;2026 07;AMCOR;AMCOR;Poland;Poland;PL;Lyra Health International Ltd;2;2;2;7
2026-07-01 00:00:00.000;2026 07;AMCOR;AMCOR;Portugal;;null;Lyra Health International Ltd;2;2;2;2
2026-07-01 00:00:00.000;2026 07;AMCOR;AMCOR;Portugal;Portugal;PT;Lyra Health International Ltd;2;2;2;26
2026-07-01 00:00:00.000;2026 07;AMCOR;AMCOR;Singapore;;null;Lyra Health International Ltd;0;1;1;1
2026-07-01 00:00:00.000;2026 07;AMCOR;AMCOR;Spain;;null;Lyra Health International Ltd;1;1;1;1
2026-07-01 00:00:00.000;2026 07;AMCOR;AMCOR;Spain;Spain;ES;Lyra Health International Ltd;1;1;1;12
2026-07-01 00:00:00.000;2026 07;AMEX;American Express;India;;null;Lyra;1;1;1;1
2026-07-01 00:00:00.000;2026 07;AMEX;American Express;Malaysia;;null;Lyra;0;1;1;1
2026-07-01 00:00:00.000;2026 07;AMEX;American Express;Malaysia;Philippines;PH;Lyra;0;1;1;8
2026-07-01 00:00:00.000;2026 07;AMEX;American Express;Mexico;;null;Lyra;1;2;2;2
2026-07-01 00:00:00.000;2026 07;AMEX;American Express;Mexico;Mexico;MX;Lyra;1;2;3;10
2026-07-01 00:00:00.000;2026 07;AMEX;American Express;Philippines;;null;Lyra;1;1;1;1
2026-07-01 00:00:00.000;2026 07;AMEX;American Express;Philippines;Philippines;PH;Lyra;1;1;1;4
2026-07-01 00:00:00.000;2026 07;AMEX;American Express;United Kingdom;United Kingdom;GB;Lyra;1;1;1;1
2026-07-01 00:00:00.000;2026 07;AMMEGA;AMMEGA;Mexico;;null;Lyra Mexico and Central America;1;1;1;1
2026-07-01 00:00:00.000;2026 07;AMMEGA;AMMEGA;Mexico;Mexico;MX;Lyra Mexico and Central America;1;1;2;15
2026-07-01 00:00:00.000;2026 07;AMP001;Ampath;South Africa;;null;Lyra Southern Africa Pty Ltd;47;51;51;51
2026-07-01 00:00:00.000;2026 07;AMP001;Ampath;South Africa;South Africa;ZA;Lyra Southern Africa Pty Ltd;44;51;80;418
2026-07-01 00:00:00.000;2026 07;AMP002;amplify5 South Africa;South Africa;;null;Lyra Southern Africa Pty Ltd;1;1;1;1
2026-07-01 00:00:00.000;2026 07;AMP002;amplify5 South Africa;South Africa;South Africa;ZA;Lyra Southern Africa Pty Ltd;1;1;2;6
2026-07-01 00:00:00.000;2026 07;AMP002;amplify5 South Africa;United Kingdom;;null;Lyra Southern Africa Pty Ltd;1;1;1;1
2026-07-01 00:00:00.000;2026 07;AMP002;amplify5 South Africa;United Kingdom;South Africa;ZA;Lyra Southern Africa Pty Ltd;2;2;4;10
2026-07-01 00:00:00.000;2026 07;AMPACETBALANCE;AMPACET;Mexico;;null;Lyra Mexico and Central America;0;1;1;1
2026-07-01 00:00:00.000;2026 07;AMPACETBALANCE;AMPACET;Mexico;Mexico;MX;Lyra Mexico and Central America;0;1;1;7
2026-07-01 00:00:00.000;2026 07;ANCOFER;Ancofer Waldram Steelplates;Netherlands;;null;Lyra Netherlands BV;1;1;2;2
2026-07-01 00:00:00.000;2026 07;ANCOFER;Ancofer Waldram Steelplates;Netherlands;Netherlands;NL;Lyra Netherlands BV;2;2;5;20
2026-07-01 00:00:00.000;2026 07;ANTEISEAP;Anteis SA;Switzerland;Switzerland;CH;Lyra Schweiz GmbH;1;1;1;1
2026-07-01 00:00:00.000;2026 07;AOSEAP;Allen & Overy;Australia;;null;Lyra Health International Ltd;1;1;1;1
2026-07-01 00:00:00.000;2026 07;AOSEAP;Allen & Overy;Australia;Australia;AU;Lyra Health International Ltd;1;1;2;7
2026-07-01 00:00:00.000;2026 07;AOSEAP;Allen & Overy;Czech Republic;;null;Lyra Health International Ltd;1;1;1;1
2026-07-01 00:00:00.000;2026 07;AOSEAP;Allen & Overy;Czech Republic;Czech Republic;CZ;Lyra Health International Ltd;1;1;1;4
2026-07-01 00:00:00.000;2026 07;AOSEAP;Allen & Overy;Germany;;null;Lyra Health International Ltd;0;1;1;1
2026-07-01 00:00:00.000;2026 07;AOSEAP;Allen & Overy;Germany;Luxembourg;LU;Lyra Health International Ltd;0;1;1;8
2026-07-01 00:00:00.000;2026 07;AOSEAP;Allen & Overy;Hong Kong;;null;Lyra Health International Ltd;1;1;1;1
2026-07-01 00:00:00.000;2026 07;AOSEAP;Allen & Overy;Hong Kong;Hong Kong;HK;Lyra Health International Ltd;1;1;2;7
2026-07-01 00:00:00.000;2026 07;AOSEAP;Allen & Overy;Japan;Japan;JP;Lyra Health International Ltd;1;1;3;3
2026-07-01 00:00:00.000;2026 07;AOSEAP;Allen & Overy;Luxembourg;;null;Lyra Health International Ltd;0;1;1;1
2026-07-01 00:00:00.000;2026 07;AOSEAP;Allen & Overy;Luxembourg;Luxembourg;LU;Lyra Health International Ltd;0;1;1;4
2026-07-01 00:00:00.000;2026 07;AOSEAP;Allen & Overy;Netherlands;;null;Lyra Health International Ltd;1;1;1;1
2026-07-01 00:00:00.000;2026 07;AOSEAP;Allen & Overy;Netherlands;Netherlands;NL;Lyra Health International Ltd;1;2;2;33
2026-07-01 00:00:00.000;2026 07;AOSEAP;Allen & Overy;Saudi Arabia;;null;Lyra Health International Ltd;1;1;1;1
2026-07-01 00:00:00.000;2026 07;AOSEAP;Allen & Overy;Saudi Arabia;United Arab Emirates;AE;Lyra Health International Ltd;1;1;1;10
2026-07-01 00:00:00.000;2026 07;AOSEAP;Allen & Overy;Singapore;;null;Lyra Health International Ltd;1;1;1;1
2026-07-01 00:00:00.000;2026 07;AOSEAP;Allen & Overy;Singapore;Singapore;SG;Lyra Health International Ltd;1;1;1;8
2026-07-01 00:00:00.000;2026 07;APCO;Apco Worldwide;India;;null;Lyra Mental Health India Private Limited;0;2;2;2
2026-07-01 00:00:00.000;2026 07;APCO;Apco Worldwide;India;India;IN;Lyra Mental Health India Private Limited;0;2;2;30
2026-07-01 00:00:00.000;2026 07;APECCONTIGO;APEC;Mexico;;null;Lyra Mexico and Central America;8;9;9;9
2026-07-01 00:00:00.000;2026 07;APECCONTIGO;APEC;Mexico;Mexico;MX;Lyra Mexico and Central America;8;9;15;95
2026-07-01 00:00:00.000;2026 07;APEX;Sanne Fiduciary Services Limited;South Africa;;GLOBAL;Lyra Health International Ltd;1;1;2;3
2026-07-01 00:00:00.000;2026 07;APEX;Sanne Fiduciary Services Limited;South Africa;;null;Lyra Health International Ltd;69;71;71;71
2026-07-01 00:00:00.000;2026 07;APEX;Sanne Fiduciary Services Limited;South Africa;South Africa;ZA;Lyra Health International Ltd;67;68;82;460
2026-07-01 00:00:00.000;2026 07;APEXSYSTEMS;Apex Systems;Mexico;;null;Lyra Mexico and Central America;2;3;3;3
2026-07-01 00:00:00.000;2026 07;APEXSYSTEMS;Apex Systems;Mexico;Mexico;MX;Lyra Mexico and Central America;2;3;3;32
2026-07-01 00:00:00.000;2026 07;APOYOBOFA;Bank of America;Mexico;;null;Lyra Mexico and Central America;4;5;5;5
2026-07-01 00:00:00.000;2026 07;APOYOBOFA;Bank of America;Mexico;Mexico;MX;Lyra Mexico and Central America;5;6;7;29
2026-07-01 00:00:00.000;2026 07;APOYOBOFA;Bank of America;United States of America;;null;Lyra Mexico and Central America;5;5;5;5
2026-07-01 00:00:00.000;2026 07;APOYOBOFA;Bank of America;United States of America;Mexico;MX;Lyra Mexico and Central America;5;5;5;25
2026-07-01 00:00:00.000;2026 07;APPLOGIC;AppLogic;Canada;;null;Lyra Health International Ltd;1;2;2;2
2026-07-01 00:00:00.000;2026 07;APPLOGIC;AppLogic;Canada;Canada;CA;Lyra Health International Ltd;1;2;2;22
2026-07-01 00:00:00.000;2026 07;APPLOGIC;AppLogic;India;;null;Lyra Health International Ltd;1;1;1;1
2026-07-01 00:00:00.000;2026 07;APPLOGIC;AppLogic;India;India;IN;Lyra Health International Ltd;1;1;1;5
2026-07-01 00:00:00.000;2026 07;APPPG;Asianpaints PPG Pvt Ltd;India;;null;Lyra Mental Health India Private Limited;2;2;2;2
2026-07-01 00:00:00.000;2026 07;APPPG;Asianpaints PPG Pvt Ltd;India;India;IN;Lyra Mental Health India Private Limited;2;2;2;6
2026-07-01 00:00:00.000;2026 07;APPSFLYERHUB22;AppsFlyer;Israel;;null;Lyra Health International Ltd;2;2;2;2
2026-07-01 00:00:00.000;2026 07;APPSFLYERHUB22;AppsFlyer;Israel;Israel;IL;Lyra Health International Ltd;3;5;7;35
2026-07-01 00:00:00.000;2026 07;APPSFLYERHUB22;AppsFlyer;Switzerland;;null;Lyra Health International Ltd;0;1;1;1
2026-07-01 00:00:00.000;2026 07;APPSFLYERHUB22;AppsFlyer;Switzerland;Thailand;TH;Lyra Health International Ltd;0;1;1;2
2026-07-01 00:00:00.000;2026 07;APPSFLYERHUB22;AppsFlyer;United Kingdom;;null;Lyra Health International Ltd;2;2;2;2
2026-07-01 00:00:00.000;2026 07;APPSFLYERHUB22;AppsFlyer;United Kingdom;United Kingdom;GB;Lyra Health International Ltd;2;3;4;28
2026-07-01 00:00:00.000;2026 07;APTIV;Aptiv;United States of America;;null;Lyra Health International Ltd;4;5;5;8
2026-07-01 00:00:00.000;2026 07;APTIV;Aptiv;United States of America;United States of America;US;Lyra Health International Ltd;3;4;4;25
2026-07-01 00:00:00.000;2026 07;APTOS;Aptos;India;;null;Lyra Health International Ltd;3;3;3;3
2026-07-01 00:00:00.000;2026 07;APTOS;Aptos;India;India;IN;Lyra Health International Ltd;3;3;3;43
2026-07-01 00:00:00.000;2026 07;ARANCA;Aranca;India;;null;Lyra Mental Health India Private Limited;2;2;2;2
2026-07-01 00:00:00.000;2026 07;ARANCA;Aranca;India;India;IN;Lyra Mental Health India Private Limited;2;2;5;32
2026-07-01 00:00:00.000;2026 07;ARC003;Agricultural Research Council;South Africa;;null;Lyra Southern Africa Pty Ltd;13;15;16;16
2026-07-01 00:00:00.000;2026 07;ARC003;Agricultural Research Council;South Africa;South Africa;ZA;Lyra Southern Africa Pty Ltd;14;17;38;248
2026-07-01 00:00:00.000;2026 07;ARC004;Arcangel Protection Services Pty Ltd;South Africa;;null;Lyra Southern Africa Pty Ltd;1;1;1;1
2026-07-01 00:00:00.000;2026 07;ARC004;Arcangel Protection Services Pty Ltd;South Africa;South Africa;ZA;Lyra Southern Africa Pty Ltd;1;1;1;4
2026-07-01 00:00:00.000;2026 07;ARCHLATAM;ARCH LATAM;Costa Rica;;null;Lyra Mexico and Central America;1;1;1;1
2026-07-01 00:00:00.000;2026 07;ARCHLATAM;ARCH LATAM;Costa Rica;Mexico;MX;Lyra Mexico and Central America;1;1;1;3
2026-07-01 00:00:00.000;2026 07;ARCHLATAM;ARCH LATAM;Mexico;;null;Lyra Mexico and Central America;1;1;1;1
2026-07-01 00:00:00.000;2026 07;ARCHLATAM;ARCH LATAM;Mexico;Mexico;MX;Lyra Mexico and Central America;1;1;2;2
2026-07-01 00:00:00.000;2026 07;ARIES;Grupo Aries;Mexico;;null;Lyra Mexico and Central America;74;78;78;79
2026-07-01 00:00:00.000;2026 07;ARIES;Grupo Aries;Mexico;Mexico;MX;Lyra Mexico and Central America;72;76;116;1222
2026-07-01 00:00:00.000;2026 07;ARJ001;Arjo Huntleigh;South Africa;South Africa;ZA;Lyra Southern Africa Pty Ltd;1;1;1;2
2026-07-01 00:00:00.000;2026 07;ARKEMA;Arkema, Bostik, PESA;Mexico;;null;Lyra Mexico and Central America;5;9;9;9
2026-07-01 00:00:00.000;2026 07;ARKEMA;Arkema, Bostik, PESA;Mexico;Colombia;CO;Lyra Mexico and Central America;0;1;1;3
2026-07-01 00:00:00.000;2026 07;ARKEMA;Arkema, Bostik, PESA;Mexico;Mexico;MX;Lyra Mexico and Central America;6;10;15;64
2026-07-01 00:00:00.000;2026 07;ARLAXLYRA;Arla Foods Limited;Saudi Arabia;;null;Lyra Health International Ltd (DMCC) Branch (MENA);1;1;1;1
2026-07-01 00:00:00.000;2026 07;ARLAXLYRA;Arla Foods Limited;Saudi Arabia;Saudi Arabia;SA;Lyra Health International Ltd (DMCC) Branch (MENA);1;1;2;13
2026-07-01 00:00:00.000;2026 07;AROLLAHUB;Arolla;France;France;FR;Lyra France SASU;0;1;1;8
2026-07-01 00:00:00.000;2026 07;ASAHI;ASAHI;Austria;;null;Lyra Health International Ltd;2;2;2;2
2026-07-01 00:00:00.000;2026 07;ASAHI;ASAHI;Austria;Czech Republic;CZ;Lyra Health International Ltd;2;2;2;24
2026-07-01 00:00:00.000;2026 07;ASAHI;ASAHI;Czech Republic;;null;Lyra Health International Ltd;9;10;10;10
2026-07-01 00:00:00.000;2026 07;ASAHI;ASAHI;Czech Republic;Czech Republic;CZ;Lyra Health International Ltd;8;9;14;159
2026-07-01 00:00:00.000;2026 07;ASAHI;ASAHI;Czech Republic;Slovakia;SK;Lyra Health International Ltd;1;2;2;10
2026-07-01 00:00:00.000;2026 07;ASAHI;ASAHI;Germany;;null;Lyra Health International Ltd;2;3;3;3
2026-07-01 00:00:00.000;2026 07;ASAHI;ASAHI;Germany;Czech Republic;CZ;Lyra Health International Ltd;2;3;3;8
2026-07-01 00:00:00.000;2026 07;ASAHI;ASAHI;Germany;Slovakia;SK;Lyra Health International Ltd;0;1;1;3
2026-07-01 00:00:00.000;2026 07;ASAHI;ASAHI;Italy;;null;Lyra Health International Ltd;1;2;2;2
2026-07-01 00:00:00.000;2026 07;ASAHI;ASAHI;Italy;Czech Republic;CZ;Lyra Health International Ltd;1;1;1;17
2026-07-01 00:00:00.000;2026 07;ASAHI;ASAHI;Italy;Italy;IT;Lyra Health International Ltd;1;2;2;44
2026-07-01 00:00:00.000;2026 07;ASAHI;ASAHI;Malaysia;;null;Lyra Health International Ltd;1;1;1;1
2026-07-01 00:00:00.000;2026 07;ASAHI;ASAHI;Malaysia;Singapore;SG;Lyra Health International Ltd;1;1;1;9
2026-07-01 00:00:00.000;2026 07;ASAHI;ASAHI;Netherlands;;null;Lyra Health International Ltd;1;1;1;1
2026-07-01 00:00:00.000;2026 07;ASAHI;ASAHI;Netherlands;Netherlands;NL;Lyra Health International Ltd;1;1;2;39
2026-07-01 00:00:00.000;2026 07;ASAHI;ASAHI;Poland;;null;Lyra Health International Ltd;3;5;5;5
2026-07-01 00:00:00.000;2026 07;ASAHI;ASAHI;Poland;Poland;PL;Lyra Health International Ltd;5;8;8;62
2026-07-01 00:00:00.000;2026 07;ASAHI;ASAHI;Republic of Korea;;null;Lyra Health International Ltd;1;1;1;1
2026-07-01 00:00:00.000;2026 07;ASAHI;ASAHI;Republic of Korea;Republic of Korea;KR;Lyra Health International Ltd;1;1;3;40
2026-07-01 00:00:00.000;2026 07;ASAHI;ASAHI;Singapore;;null;Lyra Health International Ltd;1;1;1;1
2026-07-01 00:00:00.000;2026 07;ASAHI;ASAHI;Singapore;Singapore;SG;Lyra Health International Ltd;1;1;2;34
2026-07-01 00:00:00.000;2026 07;ASAHI;ASAHI;United Kingdom;;null;Lyra Health International Ltd;4;5;5;5
2026-07-01 00:00:00.000;2026 07;ASAHI;ASAHI;United Kingdom;United Kingdom;GB;Lyra Health International Ltd;4;5;8;88
2026-07-01 00:00:00.000;2026 07;ASAHI;ASAHI;United States of America;;null;Lyra Health International Ltd;1;1;1;1
2026-07-01 00:00:00.000;2026 07;ASAHI;ASAHI;United States of America;United States of America;US;Lyra Health International Ltd;1;1;1;1
2026-07-01 00:00:00.000;2026 07;ASIANPAINTS;Asian Paints;India;;null;Lyra Mental Health India Private Limited;2;2;2;2
2026-07-01 00:00:00.000;2026 07;ASIANPAINTS;Asian Paints;India;India;IN;Lyra Mental Health India Private Limited;2;2;4;30
2026-07-01 00:00:00.000;2026 07;ASISTENCIALINDE;Linde;Brazil;;null;Lyra Mexico and Central America;1;1;1;1
2026-07-01 00:00:00.000;2026 07;ASISTENCIALINDE;Linde;Brazil;Mexico;MX;Lyra Mexico and Central America;1;1;1;3
2026-07-01 00:00:00.000;2026 07;ASISTENCIALINDE;Linde;Colombia;;null;Lyra Mexico and Central America;4;4;4;4
2026-07-01 00:00:00.000;2026 07;ASISTENCIALINDE;Linde;Colombia;Colombia;CO;Lyra Mexico and Central America;3;4;6;67
2026-07-01 00:00:00.000;2026 07;ASISTENCIALINDE;Linde;Colombia;Ecuador;EC;Lyra Mexico and Central America;1;2;2;11
2026-07-01 00:00:00.000;2026 07;ASISTENCIALINDE;Linde;Costa Rica;;null;Lyra Mexico and Central America;2;2;2;2
2026-07-01 00:00:00.000;2026 07;ASISTENCIALINDE;Linde;Costa Rica;Costa Rica;CR;Lyra Mexico and Central America;2;2;2;25
2026-07-01 00:00:00.000;2026 07;ASISTENCIALINDE;Linde;Ecuador;;null;Lyra Mexico and Central America;1;1;1;1
2026-07-01 00:00:00.000;2026 07;ASISTENCIALINDE;Linde;Ecuador;Ecuador;EC;Lyra Mexico and Central America;1;1;3;26
2026-07-01 00:00:00.000;2026 07;ASISTENCIALINDE;Linde;Germany;;null;Lyra Mexico and Central America;1;1;1;1
2026-07-01 00:00:00.000;2026 07;ASISTENCIALINDE;Linde;Germany;Venezuela;VE;Lyra Mexico and Central America;2;2;2;5
2026-07-01 00:00:00.000;2026 07;ASISTENCIALINDE;Linde;Mexico;;null;Lyra Mexico and Central America;20;23;23;23
2026-07-01 00:00:00.000;2026 07;ASISTENCIALINDE;Linde;Mexico;Mexico;MX;Lyra Mexico and Central America;23;28;43;255
2026-07-01 00:00:00.000;2026 07;ASISTENCIALINDE;Linde;Puerto Rico;;null;Lyra Mexico and Central America;2;2;2;2
2026-07-01 00:00:00.000;2026 07;ASISTENCIALINDE;Linde;Puerto Rico;Puerto Rico;PR;Lyra Mexico and Central America;2;2;2;9
2026-07-01 00:00:00.000;2026 07;ASISTENCIALINDE;Linde;United States of America;Mexico;MX;Lyra Mexico and Central America;1;1;1;13
2026-07-01 00:00:00.000;2026 07;ASISTENCIALINDE;Linde;Venezuela;;null;Lyra Mexico and Central America;2;2;2;2
2026-07-01 00:00:00.000;2026 07;ASISTENCIALINDE;Linde;Venezuela;Venezuela;VE;Lyra Mexico and Central America;4;4;5;13
2026-07-01 00:00:00.000;2026 07;ASK001;ASK Chemicals South Africa;South Africa;;null;Lyra Southern Africa Pty Ltd;0;1;1;1
2026-07-01 00:00:00.000;2026 07;ASK001;ASK Chemicals South Africa;South Africa;South Africa;ZA;Lyra Southern Africa Pty Ltd;0;1;1;10
2026-07-01 00:00:00.000;2026 07;ASP001;Aspen;South Africa;;null;Lyra Southern Africa Pty Ltd;5;7;8;8
2026-07-01 00:00:00.000;2026 07;ASP001;Aspen;South Africa;South Africa;ZA;Lyra Southern Africa Pty Ltd;9;12;20;145
2026-07-01 00:00:00.000;2026 07;ASSURANT;Assurant;Argentina;;null;Lyra Health International Ltd;1;2;2;2
2026-07-01 00:00:00.000;2026 07;ASSURANT;Assurant;Argentina;Argentina;AR;Lyra Health International Ltd;1;2;3;40
2026-07-01 00:00:00.000;2026 07;ASSURANT;Assurant;Australia;;null;Lyra Health International Ltd;4;4;4;4
2026-07-01 00:00:00.000;2026 07;ASSURANT;Assurant;Australia;Australia;AU;Lyra Health International Ltd;4;4;4;15
2026-07-01 00:00:00.000;2026 07;ASSURANT;Assurant;Brazil;;null;Lyra Health International Ltd;1;1;1;1
2026-07-01 00:00:00.000;2026 07;ASSURANT;Assurant;Brazil;Brazil;BR;Lyra Health International Ltd;1;1;1;1
2026-07-01 00:00:00.000;2026 07;ASSURANT;Assurant;Canada;;null;Lyra Health International Ltd;1;2;2;2
2026-07-01 00:00:00.000;2026 07;ASSURANT;Assurant;Canada;Canada;CA;Lyra Health International Ltd;1;1;1;3
2026-07-01 00:00:00.000;2026 07;ASSURANT;Assurant;Canada;United States of America;US;Lyra Health International Ltd;0;1;1;13
2026-07-01 00:00:00.000;2026 07;ASSURANT;Assurant;France;;null;Lyra Health International Ltd;1;1;1;1
2026-07-01 00:00:00.000;2026 07;ASSURANT;Assurant;France;France;FR;Lyra Health International Ltd;1;1;1;11
2026-07-01 00:00:00.000;2026 07;ASSURANT;Assurant;India;;null;Lyra Health International Ltd;1;1;1;1
2026-07-01 00:00:00.000;2026 07;ASSURANT;Assurant;India;India;IN;Lyra Health International Ltd;1;1;1;9
2026-07-01 00:00:00.000;2026 07;ASSURANT;Assurant;Netherlands;;null;Lyra Health International Ltd;1;1;1;1
2026-07-01 00:00:00.000;2026 07;ASSURANT;Assurant;Netherlands;Netherlands;NL;Lyra Health International Ltd;1;1;1;12
2026-07-01 00:00:00.000;2026 07;ASSURANT;Assurant;United Kingdom;;null;Lyra Health International Ltd;2;2;2;2
2026-07-01 00:00:00.000;2026 07;ASSURANT;Assurant;United Kingdom;United Kingdom;GB;Lyra Health International Ltd;2;2;2;9
2026-07-01 00:00:00.000;2026 07;ASSURANT;Assurant;United States of America;;null;Lyra Health International Ltd;101;114;119;126
2026-07-01 00:00:00.000;2026 07;ASSURANT;Assurant;United States of America;Puerto Rico;PR;Lyra Health International Ltd;2;2;2;7
2026-07-01 00:00:00.000;2026 07;ASSURANT;Assurant;United States of America;United States of America;US;Lyra Health International Ltd;99;113;145;1192
2026-07-01 00:00:00.000;2026 07;AST004;Astron Energy;Nigeria;;null;Lyra Southern Africa Pty Ltd;1;1;1;1
2026-07-01 00:00:00.000;2026 07;AST004;Astron Energy;South Africa;;null;Lyra Southern Africa Pty Ltd;9;11;11;11
2026-07-01 00:00:00.000;2026 07;AST004;Astron Energy;South Africa;South Africa;ZA;Lyra Southern Africa Pty Ltd;12;14;25;111
2026-07-01 00:00:00.000;2026 07;ATLAS;Atlas;Malta;;null;Lyra Health International Ltd;6;10;10;10
2026-07-01 00:00:00.000;2026 07;ATLAS;Atlas;Malta;Malta;MT;Lyra Health International Ltd;6;10;14;136
2026-07-01 00:00:00.000;2026 07;ATLAS;Atlas;United Kingdom;;null;Lyra Health International Ltd;1;1;1;1
2026-07-01 00:00:00.000;2026 07;ATLAS;Atlas;United Kingdom;Malta;MT;Lyra Health International Ltd;1;1;1;14
2026-07-01 00:00:00.000;2026 07;ATMUS;Atmus;Mexico;;null;Lyra Mexico and Central America;6;8;9;9
2026-07-01 00:00:00.000;2026 07;ATMUS;Atmus;Mexico;Mexico;MX;Lyra Mexico and Central America;6;8;13;85
2026-07-01 00:00:00.000;2026 07;ATRCXLYRA;TII/ATRC;Azerbaijan;;null;Lyra Health International Ltd (DMCC) Branch (MENA);1;1;1;1
2026-07-01 00:00:00.000;2026 07;ATRCXLYRA;TII/ATRC;Azerbaijan;United Arab Emirates;AE;Lyra Health International Ltd (DMCC) Branch (MENA);1;1;2;12
2026-07-01 00:00:00.000;2026 07;ATRCXLYRA;TII/ATRC;Netherlands;United Arab Emirates;AE;Lyra Health International Ltd (DMCC) Branch (MENA);1;1;1;1
2026-07-01 00:00:00.000;2026 07;ATRCXLYRA;TII/ATRC;United Arab Emirates;;null;Lyra Health International Ltd (DMCC) Branch (MENA);47;48;48;48
2026-07-01 00:00:00.000;2026 07;ATRCXLYRA;TII/ATRC;United Arab Emirates;United Arab Emirates;AE;Lyra Health International Ltd (DMCC) Branch (MENA);49;51;70;542
2026-07-01 00:00:00.000;2026 07;ATRCXLYRA;TII/ATRC;United Kingdom;;null;Lyra Health International Ltd (DMCC) Branch (MENA);0;1;1;1
2026-07-01 00:00:00.000;2026 07;ATRCXLYRA;TII/ATRC;United Kingdom;United Arab Emirates;AE;Lyra Health International Ltd (DMCC) Branch (MENA);0;1;1;7
2026-07-01 00:00:00.000;2026 07;AUD001;Auditor General South Africa;South Africa;;null;Lyra Southern Africa Pty Ltd;3;5;5;5
2026-07-01 00:00:00.000;2026 07;AUD001;Auditor General South Africa;South Africa;South Africa;ZA;Lyra Southern Africa Pty Ltd;3;5;9;38
2026-07-01 00:00:00.000;2026 07;AUDINATE;Audinate Pty Ltd;United Kingdom;;null;Lyra Health International Ltd;3;3;3;3
2026-07-01 00:00:00.000;2026 07;AUDINATE;Audinate Pty Ltd;United Kingdom;United Kingdom;GB;Lyra Health International Ltd;3;3;4;27
2026-07-01 00:00:00.000;2026 07;AUMOVIOAM;AUMOVIO Autonomous Mobility Hungary Kft.;Hungary;;null;Lyra Health Hungary Kft;1;1;1;1
2026-07-01 00:00:00.000;2026 07;AUMOVIOAM;AUMOVIO Autonomous Mobility Hungary Kft.;Hungary;Hungary;HU;Lyra Health Hungary Kft;1;1;1;8
2026-07-01 00:00:00.000;2026 07;AUT003;Automotive Industry Transformation Fund;South Africa;;null;Lyra Southern Africa Pty Ltd;1;2;2;2
2026-07-01 00:00:00.000;2026 07;AUT003;Automotive Industry Transformation Fund;South Africa;South Africa;ZA;Lyra Southern Africa Pty Ltd;1;4;6;58
2026-07-01 00:00:00.000;2026 07;AUTOCARE;Aumovio;Mexico;;null;Lyra Mexico and Central America;9;10;10;10
2026-07-01 00:00:00.000;2026 07;AUTOCARE;Aumovio;Mexico;Mexico;MX;Lyra Mexico and Central America;11;13;16;119
2026-07-01 00:00:00.000;2026 07;AUTOZONE;AutoZone;Mexico;;null;Lyra Mexico and Central America;12;15;15;15
2026-07-01 00:00:00.000;2026 07;AUTOZONE;AutoZone;Mexico;Mexico;MX;Lyra Mexico and Central America;13;16;21;181
2026-07-01 00:00:00.000;2026 07;AUTOZONE;AutoZone;United States of America;;null;Lyra Mexico and Central America;1;1;1;1
2026-07-01 00:00:00.000;2026 07;AUTOZONE;AutoZone;United States of America;Mexico;MX;Lyra Mexico and Central America;1;1;1;47
2026-07-01 00:00:00.000;2026 07;AVADISEAP;Avadis;Switzerland;Switzerland;CH;Lyra Schweiz GmbH;1;1;1;1
2026-07-01 00:00:00.000;2026 07;AVANTOR;Avantor;Austria;;null;Lyra Health International Ltd;1;1;1;1
2026-07-01 00:00:00.000;2026 07;AVANTOR;Avantor;Austria;Austria;AT;Lyra Health International Ltd;1;1;1;4
2026-07-01 00:00:00.000;2026 07;AVANTOR;Avantor;Belgium;;null;Lyra Health International Ltd;2;3;3;3
2026-07-01 00:00:00.000;2026 07;AVANTOR;Avantor;Belgium;Belgium;BE;Lyra Health International Ltd;1;2;2;7
2026-07-01 00:00:00.000;2026 07;AVANTOR;Avantor;Belgium;Netherlands;NL;Lyra Health International Ltd;1;1;3;11
2026-07-01 00:00:00.000;2026 07;AVANTOR;Avantor;Denmark;;null;Lyra Health International Ltd;1;1;1;1
2026-07-01 00:00:00.000;2026 07;AVANTOR;Avantor;Denmark;Germany;DE;Lyra Health International Ltd;1;1;3;6
2026-07-01 00:00:00.000;2026 07;AVANTOR;Avantor;Germany;;null;Lyra Health International Ltd;7;8;8;9
2026-07-01 00:00:00.000;2026 07;AVANTOR;Avantor;Germany;Germany;DE;Lyra Health International Ltd;7;8;12;68
2026-07-01 00:00:00.000;2026 07;AVANTOR;Avantor;Hungary;;null;Lyra Health International Ltd;3;5;5;5
2026-07-01 00:00:00.000;2026 07;AVANTOR;Avantor;Hungary;Hungary;HU;Lyra Health International Ltd;4;7;9;118
2026-07-01 00:00:00.000;2026 07;AVANTOR;Avantor;India;;null;Lyra Health International Ltd;12;12;12;12
2026-07-01 00:00:00.000;2026 07;AVANTOR;Avantor;India;India;IN;Lyra Health International Ltd;12;12;18;106
2026-07-01 00:00:00.000;2026 07;AVANTOR;Avantor;Netherlands;;null;Lyra Health International Ltd;1;1;1;1
2026-07-01 00:00:00.000;2026 07;AVANTOR;Avantor;Netherlands;Netherlands;NL;Lyra Health International Ltd;1;1;1;5
2026-07-01 00:00:00.000;2026 07;AVANTOR;Avantor;Poland;;null;Lyra Health International Ltd;0;1;1;1
2026-07-01 00:00:00.000;2026 07;AVANTOR;Avantor;Poland;Poland;PL;Lyra Health International Ltd;0;1;2;6
2026-07-01 00:00:00.000;2026 07;AVANTOR;Avantor;Sweden;;null;Lyra Health International Ltd;1;1;1;1
2026-07-01 00:00:00.000;2026 07;AVANTOR;Avantor;Sweden;Sweden;SE;Lyra Health International Ltd;1;1;1;6
2026-07-01 00:00:00.000;2026 07;AVANTOR;Avantor;United Kingdom;;null;Lyra Health International Ltd;2;3;3;3
2026-07-01 00:00:00.000;2026 07;AVANTOR;Avantor;United Kingdom;Netherlands;NL;Lyra Health International Ltd;1;1;1;7
2026-07-01 00:00:00.000;2026 07;AVANTOR;Avantor;United Kingdom;United Kingdom;GB;Lyra Health International Ltd;3;4;6;33
2026-07-01 00:00:00.000;2026 07;AVANTOR;Avantor;United States of America;;null;Lyra Health International Ltd;1;1;1;1
2026-07-01 00:00:00.000;2026 07;AVANTOR;Avantor;United States of America;Canada;CA;Lyra Health International Ltd;1;1;1;4
2026-07-01 00:00:00.000;2026 07;AVANTOR;Avantor;United States of America;United Kingdom;GB;Lyra Health International Ltd;1;1;1;2
2026-07-01 00:00:00.000;2026 07;AVE001;Aveng Group;South Africa;;null;Lyra Southern Africa Pty Ltd;2;2;2;2
2026-07-01 00:00:00.000;2026 07;AVE001;Aveng Group;South Africa;South Africa;ZA;Lyra Southern Africa Pty Ltd;2;2;2;7
2026-07-01 00:00:00.000;2026 07;AVERYDHUB22;Avery Dennison;Germany;;null;Lyra Health International Ltd;2;2;2;2
2026-07-01 00:00:00.000;2026 07;AVERYDHUB22;Avery Dennison;Germany;Germany;DE;Lyra Health International Ltd;2;2;4;7
2026-07-01 00:00:00.000;2026 07;AVERYDHUB22;Avery Dennison;Germany;Netherlands;NL;Lyra Health International Ltd;1;1;2;24
2026-07-01 00:00:00.000;2026 07;AVERYDHUB22;Avery Dennison;Italy;;null;Lyra Health International Ltd;3;4;4;4
2026-07-01 00:00:00.000;2026 07;AVERYDHUB22;Avery Dennison;Italy;Italy;IT;Lyra Health International Ltd;4;5;12;88
2026-07-01 00:00:00.000;2026 07;AVERYDHUB22;Avery Dennison;Netherlands;;null;Lyra Health International Ltd;0;1;1;1
2026-07-01 00:00:00.000;2026 07;AVERYDHUB22;Avery Dennison;Netherlands;Netherlands;NL;Lyra Health International Ltd;0;1;11;41
2026-07-01 00:00:00.000;2026 07;AVERYDHUB22;Avery Dennison;Spain;;null;Lyra Health International Ltd;1;1;1;1
2026-07-01 00:00:00.000;2026 07;AVERYDHUB22;Avery Dennison;Spain;Spain;ES;Lyra Health International Ltd;1;1;1;4
2026-07-01 00:00:00.000;2026 07;AVERYDHUB22;Avery Dennison;Switzerland;;null;Lyra Health International Ltd;2;2;2;2
2026-07-01 00:00:00.000;2026 07;AVERYDHUB22;Avery Dennison;Switzerland;Switzerland;CH;Lyra Health International Ltd;2;2;2;12
2026-07-01 00:00:00.000;2026 07;AVI001;Aviation Coordination Services;South Africa;South Africa;ZA;Lyra Southern Africa Pty Ltd;0;1;1;12
2026-07-01 00:00:00.000;2026 07;AVI002;AVI Financial Services Limited;South Africa;;null;Lyra Southern Africa Pty Ltd;5;5;5;5
2026-07-01 00:00:00.000;2026 07;AVI002;AVI Financial Services Limited;South Africa;South Africa;ZA;Lyra Southern Africa Pty Ltd;6;6;13;94
2026-07-01 00:00:00.000;2026 07;AVI003;Zeda;South Africa;;null;Lyra Southern Africa Pty Ltd;6;8;8;8
2026-07-01 00:00:00.000;2026 07;AVI003;Zeda;South Africa;Namibia;NA;Lyra Southern Africa Pty Ltd;1;1;1;4
2026-07-01 00:00:00.000;2026 07;AVI003;Zeda;South Africa;South Africa;ZA;Lyra Southern Africa Pty Ltd;6;8;20;108
2026-07-01 00:00:00.000;2026 07;AVKXICAS;AVK Saudi Valves Manufacturing Co. Ltd;United Arab Emirates;;null;Lyra Health International Ltd (DMCC) Branch (MENA);1;1;1;1
2026-07-01 00:00:00.000;2026 07;AVKXICAS;AVK Saudi Valves Manufacturing Co. Ltd;United Arab Emirates;United Arab Emirates;AE;Lyra Health International Ltd (DMCC) Branch (MENA);1;1;1;15
2026-07-01 00:00:00.000;2026 07;AVO001;AVON Justine;Canada;;null;Lyra Southern Africa Pty Ltd;0;1;1;1
2026-07-01 00:00:00.000;2026 07;AVO001;AVON Justine;Canada;South Africa;ZA;Lyra Southern Africa Pty Ltd;0;1;1;3
2026-07-01 00:00:00.000;2026 07;AVO001;AVON Justine;South Africa;;null;Lyra Southern Africa Pty Ltd;2;2;2;2
2026-07-01 00:00:00.000;2026 07;AVO001;AVON Justine;South Africa;South Africa;ZA;Lyra Southern Africa Pty Ltd;2;2;8;36
2026-07-01 00:00:00.000;2026 07;AVOLUTION;Avolution;United Kingdom;;null;Lyra Health International Ltd;2;2;2;2
2026-07-01 00:00:00.000;2026 07;AVOLUTION;Avolution;United Kingdom;United Kingdom;GB;Lyra Health International Ltd;3;3;5;19
2026-07-01 00:00:00.000;2026 07;AXA001;AXALTA PLASCON;South Africa;;null;Lyra Southern Africa Pty Ltd;1;1;1;1
2026-07-01 00:00:00.000;2026 07;AXA001;AXALTA PLASCON;South Africa;South Africa;ZA;Lyra Southern Africa Pty Ltd;1;1;1;15
2026-07-01 00:00:00.000;2026 07;AXALTA;Axalta;Mexico;;null;Lyra Mexico and Central America;3;3;3;3
2026-07-01 00:00:00.000;2026 07;AXALTA;Axalta;Mexico;Mexico;MX;Lyra Mexico and Central America;3;4;6;24
2026-07-01 00:00:00.000;2026 07;AXAPARTNERS;AXA Partners;Argentina;;null;Lyra Health International Ltd;2;2;2;2
2026-07-01 00:00:00.000;2026 07;AXAPARTNERS;AXA Partners;Argentina;Argentina;AR;Lyra Health International Ltd;2;2;2;11
2026-07-01 00:00:00.000;2026 07;AXAPARTNERS;AXA Partners;Canada;;null;Lyra Health International Ltd;3;3;3;3
2026-07-01 00:00:00.000;2026 07;AXAPARTNERS;AXA Partners;Canada;Canada;CA;Lyra Health International Ltd;3;3;4;24
2026-07-01 00:00:00.000;2026 07;AXAPARTNERS;AXA Partners;France;;null;Lyra Health International Ltd;1;1;1;2
2026-07-01 00:00:00.000;2026 07;AXAPARTNERS;AXA Partners;France;Canada;CA;Lyra Health International Ltd;1;1;2;6
2026-07-01 00:00:00.000;2026 07;AXAPARTNERS;AXA Partners;Germany;;null;Lyra Health International Ltd;2;2;2;2
2026-07-01 00:00:00.000;2026 07;AXAPARTNERS;AXA Partners;Germany;Germany;DE;Lyra Health International Ltd;2;2;2;4
2026-07-01 00:00:00.000;2026 07;AXAPARTNERS;AXA Partners;Mexico;;null;Lyra Health International Ltd;3;4;4;4
2026-07-01 00:00:00.000;2026 07;AXAPARTNERS;AXA Partners;Mexico;Mexico;MX;Lyra Health International Ltd;3;4;7;23
2026-07-01 00:00:00.000;2026 07;AXAPARTNERS;AXA Partners;Spain;;null;Lyra Health International Ltd;3;3;3;3
2026-07-01 00:00:00.000;2026 07;AXAPARTNERS;AXA Partners;Spain;Spain;ES;Lyra Health International Ltd;3;5;5;58
2026-07-01 00:00:00.000;2026 07;AXAPARTNERS;AXA Partners;Turkey;;null;Lyra Health International Ltd;1;1;1;1
2026-07-01 00:00:00.000;2026 07;AXAPARTNERS;AXA Partners;Turkey;Turkey;TR;Lyra Health International Ltd;1;1;1;9
2026-07-01 00:00:00.000;2026 07;AXAPARTNERS;AXA Partners;United Kingdom;;null;Lyra Health International Ltd;3;3;3;4
2026-07-01 00:00:00.000;2026 07;AXAPARTNERS;AXA Partners;United Kingdom;Ireland;IE;Lyra Health International Ltd;1;1;1;2
2026-07-01 00:00:00.000;2026 07;AXAPARTNERS;AXA Partners;United Kingdom;United Kingdom;GB;Lyra Health International Ltd;2;3;3;4
2026-07-01 00:00:00.000;2026 07;AXAXLHUB;AXA XL;Singapore;;null;Lyra Health International Ltd;2;2;2;2
2026-07-01 00:00:00.000;2026 07;AXAXLHUB;AXA XL;Singapore;Singapore;SG;Lyra Health International Ltd;2;2;3;21
2026-07-01 00:00:00.000;2026 07;AXAXLHUB;AXA XL;United Kingdom;;null;Lyra Health International Ltd;2;2;2;2
2026-07-01 00:00:00.000;2026 07;AXAXLHUB;AXA XL;United Kingdom;Poland;PL;Lyra Health International Ltd;2;2;2;4
2026-07-01 00:00:00.000;2026 07;AYA001;Ayamah Tibaa JV Pty Ltd;South Africa;;null;Lyra Southern Africa Pty Ltd;1;1;1;1
2026-07-01 00:00:00.000;2026 07;AYA001;Ayamah Tibaa JV Pty Ltd;South Africa;South Africa;ZA;Lyra Southern Africa Pty Ltd;1;1;2;11
2026-07-01 00:00:00.000;2026 07;AZMUEHLEFELD;Alterszentrum Mühlefeld;Switzerland;Switzerland;CH;Lyra Schweiz GmbH;1;2;2;14
2026-07-01 00:00:00.000;2026 07;BA001;BASA Banking Association of South Africa;South Africa;;null;Lyra Southern Africa Pty Ltd;1;2;2;2
2026-07-01 00:00:00.000;2026 07;BA001;BASA Banking Association of South Africa;South Africa;South Africa;ZA;Lyra Southern Africa Pty Ltd;1;2;3;12
2026-07-01 00:00:00.000;2026 07;BAKERBOTTS;Baker Botts;United Kingdom;;null;Lyra Health International Ltd;2;2;2;2
2026-07-01 00:00:00.000;2026 07;BAKERBOTTS;Baker Botts;United Kingdom;United Kingdom;GB;Lyra Health International Ltd;2;2;4;25
2026-07-01 00:00:00.000;2026 07;BAKERHUGHES;Baker Hughes;;;null;Lyra Health International Ltd;8;8;9;11
2026-07-01 00:00:00.000;2026 07;BAKERHUGHES;Baker Hughes;;India;IN;Lyra Health International Ltd;2;2;2;43
2026-07-01 00:00:00.000;2026 07;BAKERHUGHES;Baker Hughes;;Kuwait;KW;Lyra Health International Ltd;1;1;1;28
2026-07-01 00:00:00.000;2026 07;BAKERHUGHES;Baker Hughes;;Mexico;MX;Lyra Health International Ltd;5;5;7;42
2026-07-01 00:00:00.000;2026 07;BAKERHUGHES;Baker Hughes;Algeria;;null;Lyra Health International Ltd;1;1;1;1
2026-07-01 00:00:00.000;2026 07;BAKERHUGHES;Baker Hughes;Algeria;Qatar;QA;Lyra Health International Ltd;1;1;5;72
2026-07-01 00:00:00.000;2026 07;BAKERHUGHES;Baker Hughes;Brazil;;null;Lyra Health International Ltd;3;3;3;3
2026-07-01 00:00:00.000;2026 07;BAKERHUGHES;Baker Hughes;Brazil;Brazil;BR;Lyra Health International Ltd;3;3;3;37
2026-07-01 00:00:00.000;2026 07;BAKERHUGHES;Baker Hughes;Colombia;;null;Lyra Health International Ltd;1;1;1;1
2026-07-01 00:00:00.000;2026 07;BAKERHUGHES;Baker Hughes;Colombia;Mexico;MX;Lyra Health International Ltd;1;1;1;3
2026-07-01 00:00:00.000;2026 07;BAKERHUGHES;Baker Hughes;Ecuador;;null;Lyra Health International Ltd;1;1;3;3
2026-07-01 00:00:00.000;2026 07;BAKERHUGHES;Baker Hughes;Ecuador;Mexico;MX;Lyra Health International Ltd;1;1;5;77
2026-07-01 00:00:00.000;2026 07;BAKERHUGHES;Baker Hughes;India;;null;Lyra Health International Ltd;1;1;1;1
2026-07-01 00:00:00.000;2026 07;BAKERHUGHES;Baker Hughes;India;India;IN;Lyra Health International Ltd;1;1;3;16
2026-07-01 00:00:00.000;2026 07;BAKERHUGHES;Baker Hughes;Kuwait;;null;Lyra Health International Ltd;2;2;2;2
2026-07-01 00:00:00.000;2026 07;BAKERHUGHES;Baker Hughes;Kuwait;Kuwait;KW;Lyra Health International Ltd;2;2;3;9
2026-07-01 00:00:00.000;2026 07;BAKERHUGHES;Baker Hughes;Mexico;;null;Lyra Health International Ltd;1;2;2;2
2026-07-01 00:00:00.000;2026 07;BAKERHUGHES;Baker Hughes;Mexico;Mexico;MX;Lyra Health International Ltd;1;2;9;14
2026-07-01 00:00:00.000;2026 07;BAKERHUGHES;Baker Hughes;Qatar;;null;Lyra Health International Ltd;1;1;1;1
2026-07-01 00:00:00.000;2026 07;BAKERHUGHES;Baker Hughes;Qatar;United Arab Emirates;AE;Lyra Health International Ltd;1;1;1;3
2026-07-01 00:00:00.000;2026 07;BAKERHUGHES;Baker Hughes;Saudi Arabia;;null;Lyra Health International Ltd;3;4;4;4
2026-07-01 00:00:00.000;2026 07;BAKERHUGHES;Baker Hughes;Saudi Arabia;Saudi Arabia;SA;Lyra Health International Ltd;3;4;4;31
2026-07-01 00:00:00.000;2026 07;BAKERHUGHES;Baker Hughes;United Arab Emirates;;null;Lyra Health International Ltd;3;3;3;3
2026-07-01 00:00:00.000;2026 07;BAKERHUGHES;Baker Hughes;United Arab Emirates;United Arab Emirates;AE;Lyra Health International Ltd;3;4;5;50
2026-07-01 00:00:00.000;2026 07;BAKERHUGHES;Baker Hughes;United States of America;United Arab Emirates;AE;Lyra Health International Ltd;1;1;1;7
2026-07-01 00:00:00.000;2026 07;BALLYS;Ballys Interactive;Canada;;null;Lyra Health International Ltd;1;1;1;1
2026-07-01 00:00:00.000;2026 07;BALLYS;Ballys Interactive;Canada;Canada;CA;Lyra Health International Ltd;1;1;3;16
2026-07-01 00:00:00.000;2026 07;BALLYS;Ballys Interactive;United Kingdom;;null;Lyra Health International Ltd;2;2;2;2
2026-07-01 00:00:00.000;2026 07;BALLYS;Ballys Interactive;United Kingdom;United Kingdom;GB;Lyra Health International Ltd;2;2;2;28
2026-07-01 00:00:00.000;2026 07;BAN003;Bank of Namibia;Namibia;;null;Lyra Southern Africa Pty Ltd;9;11;11;11
2026-07-01 00:00:00.000;2026 07;BAN003;Bank of Namibia;Namibia;Namibia;NA;Lyra Southern Africa Pty Ltd;11;14;21;153
2026-07-01 00:00:00.000;2026 07;BARINGS;Barings;Japan;;null;Lyra Health International Ltd;0;1;1;1
2026-07-01 00:00:00.000;2026 07;BARINGS;Barings;Japan;Republic of Korea;KR;Lyra Health International Ltd;0;1;1;20
2026-07-01 00:00:00.000;2026 07;BARINGS;Barings;United Kingdom;;null;Lyra Health International Ltd;8;9;9;9
2026-07-01 00:00:00.000;2026 07;BARINGS;Barings;United Kingdom;United Kingdom;GB;Lyra Health International Ltd;9;10;14;93
2026-07-01 00:00:00.000;2026 07;BARNESGROUP;Barnes Group;United Kingdom;;null;Lyra Health International Ltd;6;6;6;6
2026-07-01 00:00:00.000;2026 07;BARNESGROUP;Barnes Group;United Kingdom;United Kingdom;GB;Lyra Health International Ltd;7;7;8;36
2026-07-01 00:00:00.000;2026 07;BAS001;BASF Holdings;South Africa;South Africa;ZA;Lyra Southern Africa Pty Ltd;1;1;1;2
2026-07-01 00:00:00.000;2026 07;BASIS;BASIS International School;Thailand;;null;Lyra Health International Ltd;1;1;1;1
2026-07-01 00:00:00.000;2026 07;BASIS;BASIS International School;Thailand;Thailand;TH;Lyra Health International Ltd;1;1;1;21
2026-07-01 00:00:00.000;2026 07;BATEAP;British American Tobacco;Austria;;null;Lyra Health International Ltd;1;1;1;1
2026-07-01 00:00:00.000;2026 07;BATEAP;British American Tobacco;Austria;Romania;RO;Lyra Health International Ltd;1;1;1;18
2026-07-01 00:00:00.000;2026 07;BATEAP;British American Tobacco;Italy;;null;Lyra Health International Ltd;1;1;1;1
2026-07-01 00:00:00.000;2026 07;BATEAP;British American Tobacco;Italy;Italy;IT;Lyra Health International Ltd;1;1;1;5
2026-07-01 00:00:00.000;2026 07;BAY001;Bayer;Germany;;null;Lyra Southern Africa Pty Ltd;1;1;1;1
2026-07-01 00:00:00.000;2026 07;BAY001;Bayer;Germany;South Africa;ZA;Lyra Southern Africa Pty Ltd;1;1;1;1
2026-07-01 00:00:00.000;2026 07;BAY001;Bayer;South Africa;;null;Lyra Southern Africa Pty Ltd;8;8;10;10
2026-07-01 00:00:00.000;2026 07;BAY001;Bayer;South Africa;South Africa;ZA;Lyra Southern Africa Pty Ltd;8;10;17;125
2026-07-01 00:00:00.000;2026 07;BAYWAREEAP;BayWa R.E. AG;Germany;;null;Lyra Deutschland GmBH;3;3;3;3
2026-07-01 00:00:00.000;2026 07;BAYWAREEAP;BayWa R.E. AG;Germany;Germany;DE;Lyra Deutschland GmBH;3;3;4;100
2026-07-01 00:00:00.000;2026 07;BBH;Brown Brothers Harriman;Poland;;null;Lyra Health International Ltd;3;3;3;3
2026-07-01 00:00:00.000;2026 07;BBH;Brown Brothers Harriman;Poland;Poland;PL;Lyra Health International Ltd;3;3;4;34
2026-07-01 00:00:00.000;2026 07;BBH;Brown Brothers Harriman;United States of America;;null;Lyra Health International Ltd;1;1;1;1
2026-07-01 00:00:00.000;2026 07;BBH;Brown Brothers Harriman;United States of America;Poland;PL;Lyra Health International Ltd;1;1;1;15
2026-07-01 00:00:00.000;2026 07;BBINS;Brown & Brown;United Kingdom;;null;Lyra;0;1;1;1
2026-07-01 00:00:00.000;2026 07;BBRAUNMX;BBraun Mexico;Mexico;;null;Lyra Mexico and Central America;1;2;2;2
2026-07-01 00:00:00.000;2026 07;BBRAUNMX;BBraun Mexico;Mexico;Mexico;MX;Lyra Mexico and Central America;1;2;3;14
2026-07-01 00:00:00.000;2026 07;BCS2071;Daifuku;Malaysia;;null;Lyra Health International Ltd;1;1;1;1
2026-07-01 00:00:00.000;2026 07;BCS2071;Daifuku;Malaysia;Malaysia;MY;Lyra Health International Ltd;1;1;2;14
2026-07-01 00:00:00.000;2026 07;BECTONDHUB22;Becton Dickinson;Austria;;null;Lyra Health International Ltd;2;2;2;2
2026-07-01 00:00:00.000;2026 07;BECTONDHUB22;Becton Dickinson;Austria;Austria;AT;Lyra Health International Ltd;2;2;2;43
2026-07-01 00:00:00.000;2026 07;BECTONDHUB22;Becton Dickinson;Belgium;;null;Lyra Health International Ltd;2;3;3;3
2026-07-01 00:00:00.000;2026 07;BECTONDHUB22;Becton Dickinson;Belgium;Belgium;BE;Lyra Health International Ltd;2;3;4;24
2026-07-01 00:00:00.000;2026 07;BECTONDHUB22;Becton Dickinson;Czech Republic;;null;Lyra Health International Ltd;1;1;1;1
2026-07-01 00:00:00.000;2026 07;BECTONDHUB22;Becton Dickinson;Czech Republic;Czech Republic;CZ;Lyra Health International Ltd;1;1;1;8
2026-07-01 00:00:00.000;2026 07;BECTONDHUB22;Becton Dickinson;Germany;;null;Lyra Health International Ltd;2;2;2;2
2026-07-01 00:00:00.000;2026 07;BECTONDHUB22;Becton Dickinson;Germany;Germany;DE;Lyra Health International Ltd;1;1;1;66
2026-07-01 00:00:00.000;2026 07;BECTONDHUB22;Becton Dickinson;Germany;South Africa;ZA;Lyra Health International Ltd;1;1;1;2
2026-07-01 00:00:00.000;2026 07;BECTONDHUB22;Becton Dickinson;Poland;;null;Lyra Health International Ltd;0;1;1;6
2026-07-01 00:00:00.000;2026 07;BECTONDHUB22;Becton Dickinson;South Africa;;null;Lyra Health International Ltd;1;1;1;1
2026-07-01 00:00:00.000;2026 07;BECTONDHUB22;Becton Dickinson;South Africa;South Africa;ZA;Lyra Health International Ltd;1;1;3;13
2026-07-01 00:00:00.000;2026 07;BECTONDHUB22;Becton Dickinson;Spain;;null;Lyra Health International Ltd;2;3;3;3
2026-07-01 00:00:00.000;2026 07;BECTONDHUB22;Becton Dickinson;Spain;Spain;ES;Lyra Health International Ltd;3;4;6;46
2026-07-01 00:00:00.000;2026 07;BECTONDHUB22;Becton Dickinson;Switzerland;;null;Lyra Health International Ltd;2;2;2;2
2026-07-01 00:00:00.000;2026 07;BECTONDHUB22;Becton Dickinson;Switzerland;Switzerland;CH;Lyra Health International Ltd;2;2;2;38
2026-07-01 00:00:00.000;2026 07;BECTONDHUB22;Becton Dickinson;United States of America;;null;Lyra Health International Ltd;5;6;6;7
2026-07-01 00:00:00.000;2026 07;BECTONDHUB22;Becton Dickinson;United States of America;Belgium;BE;Lyra Health International Ltd;2;2;2;15
2026-07-01 00:00:00.000;2026 07;BECTONDHUB22;Becton Dickinson;United States of America;Germany;DE;Lyra Health International Ltd;1;1;1;69
2026-07-01 00:00:00.000;2026 07;BECTONDHUB22;Becton Dickinson;United States of America;Ghana;GH;Lyra Health International Ltd;1;1;1;6
2026-07-01 00:00:00.000;2026 07;BECTONDHUB22;Becton Dickinson;United States of America;Italy;IT;Lyra Health International Ltd;0;1;2;54
2026-07-01 00:00:00.000;2026 07;BECTONDHUB22;Becton Dickinson;United States of America;Spain;ES;Lyra Health International Ltd;1;1;1;3
2026-07-01 00:00:00.000;2026 07;BEE001;Bee Online;South Africa;;null;Lyra Southern Africa Pty Ltd;2;2;2;2
2026-07-01 00:00:00.000;2026 07;BEE001;Bee Online;South Africa;South Africa;ZA;Lyra Southern Africa Pty Ltd;2;2;3;23
2026-07-01 00:00:00.000;2026 07;BEIERSDORF;BEIERSDORF;Argentina;;null;Lyra Health International Ltd;1;1;1;1
2026-07-01 00:00:00.000;2026 07;BEIERSDORF;BEIERSDORF;Argentina;Argentina;AR;Lyra Health International Ltd;1;1;1;4
2026-07-01 00:00:00.000;2026 07;BEIERSDORF;BEIERSDORF;Austria;;null;Lyra Health International Ltd;2;2;2;5
2026-07-01 00:00:00.000;2026 07;BEIERSDORF;BEIERSDORF;Austria;Austria;AT;Lyra Health International Ltd;1;1;1;18
2026-07-01 00:00:00.000;2026 07;BEIERSDORF;BEIERSDORF;Austria;Czech Republic;CZ;Lyra Health International Ltd;1;1;1;2
2026-07-01 00:00:00.000;2026 07;BEIERSDORF;BEIERSDORF;Brazil;;null;Lyra Health International Ltd;5;5;5;5
2026-07-01 00:00:00.000;2026 07;BEIERSDORF;BEIERSDORF;Brazil;Brazil;BR;Lyra Health International Ltd;5;5;13;109
2026-07-01 00:00:00.000;2026 07;BEIERSDORF;BEIERSDORF;Bulgaria;;null;Lyra Health International Ltd;1;1;1;1
2026-07-01 00:00:00.000;2026 07;BEIERSDORF;BEIERSDORF;Bulgaria;Bulgaria;BG;Lyra Health International Ltd;1;2;2;10
2026-07-01 00:00:00.000;2026 07;BEIERSDORF;BEIERSDORF;Chile;;null;Lyra Health International Ltd;6;6;7;7
2026-07-01 00:00:00.000;2026 07;BEIERSDORF;BEIERSDORF;Chile;Chile;CL;Lyra Health International Ltd;6;7;9;71
2026-07-01 00:00:00.000;2026 07;BEIERSDORF;BEIERSDORF;Finland;;null;Lyra Health International Ltd;1;1;1;1
2026-07-01 00:00:00.000;2026 07;BEIERSDORF;BEIERSDORF;Finland;Finland;FI;Lyra Health International Ltd;1;1;4;50
2026-07-01 00:00:00.000;2026 07;BEIERSDORF;BEIERSDORF;Germany;;null;Lyra Health International Ltd;4;6;6;6
2026-07-01 00:00:00.000;2026 07;BEIERSDORF;BEIERSDORF;Germany;Germany;DE;Lyra Health International Ltd;1;2;2;33
2026-07-01 00:00:00.000;2026 07;BEIERSDORF;BEIERSDORF;Germany;Italy;IT;Lyra Health International Ltd;0;1;1;1
2026-07-01 00:00:00.000;2026 07;BEIERSDORF;BEIERSDORF;Germany;Poland;PL;Lyra Health International Ltd;1;1;1;14
2026-07-01 00:00:00.000;2026 07;BEIERSDORF;BEIERSDORF;Germany;Switzerland;CH;Lyra Health International Ltd;2;2;2;8
2026-07-01 00:00:00.000;2026 07;BEIERSDORF;BEIERSDORF;Germany;United Kingdom;GB;Lyra Health International Ltd;0;2;2;13
2026-07-01 00:00:00.000;2026 07;BEIERSDORF;BEIERSDORF;Greece;;null;Lyra Health International Ltd;1;1;1;1
2026-07-01 00:00:00.000;2026 07;BEIERSDORF;BEIERSDORF;Greece;Greece;GR;Lyra Health International Ltd;1;1;2;19
2026-07-01 00:00:00.000;2026 07;BEIERSDORF;BEIERSDORF;Italy;;null;Lyra Health International Ltd;2;3;3;3
2026-07-01 00:00:00.000;2026 07;BEIERSDORF;BEIERSDORF;Italy;Italy;IT;Lyra Health International Ltd;2;3;4;46
2026-07-01 00:00:00.000;2026 07;BEIERSDORF;BEIERSDORF;Kenya;Kenya;KE;Lyra Health International Ltd;1;1;1;14
2026-07-01 00:00:00.000;2026 07;BEIERSDORF;BEIERSDORF;Mexico;;null;Lyra Health International Ltd;5;6;6;8
2026-07-01 00:00:00.000;2026 07;BEIERSDORF;BEIERSDORF;Mexico;Mexico;MX;Lyra Health International Ltd;5;6;9;108
2026-07-01 00:00:00.000;2026 07;BEIERSDORF;BEIERSDORF;Netherlands;;null;Lyra Health International Ltd;1;1;1;1
2026-07-01 00:00:00.000;2026 07;BEIERSDORF;BEIERSDORF;Netherlands;Netherlands;NL;Lyra Health International Ltd;1;1;2;12
2026-07-01 00:00:00.000;2026 07;BEIERSDORF;BEIERSDORF;Nigeria;Nigeria;NG;Lyra Health International Ltd;1;1;2;14
2026-07-01 00:00:00.000;2026 07;BEIERSDORF;BEIERSDORF;Portugal;;null;Lyra Health International Ltd;2;2;2;2
2026-07-01 00:00:00.000;2026 07;BEIERSDORF;BEIERSDORF;Portugal;Portugal;PT;Lyra Health International Ltd;2;2;6;36
2026-07-01 00:00:00.000;2026 07;BEIERSDORF;BEIERSDORF;Republic of Korea;;null;Lyra Health International Ltd;1;1;1;1
2026-07-01 00:00:00.000;2026 07;BEIERSDORF;BEIERSDORF;Republic of Korea;Republic of Korea;KR;Lyra Health International Ltd;1;1;2;6
2026-07-01 00:00:00.000;2026 07;BEIERSDORF;BEIERSDORF;South Africa;South Africa;ZA;Lyra Health International Ltd;0;1;1;9
2026-07-01 00:00:00.000;2026 07;BEIERSDORF;BEIERSDORF;Spain;Spain;ES;Lyra Health International Ltd;1;1;1;1
2026-07-01 00:00:00.000;2026 07;BEIERSDORF;BEIERSDORF;Switzerland;;null;Lyra Health International Ltd;9;10;10;10
2026-07-01 00:00:00.000;2026 07;BEIERSDORF;BEIERSDORF;Switzerland;Switzerland;CH;Lyra Health International Ltd;9;10;17;114
2026-07-01 00:00:00.000;2026 07;BEIERSDORF;BEIERSDORF;Turkey;Turkey;TR;Lyra Health International Ltd;0;1;1;7
2026-07-01 00:00:00.000;2026 07;BEIERSDORF;BEIERSDORF;United Arab Emirates;;null;Lyra Health International Ltd;1;1;1;1
2026-07-01 00:00:00.000;2026 07;BEIERSDORF;BEIERSDORF;United Arab Emirates;United Arab Emirates;AE;Lyra Health International Ltd;1;1;1;11
2026-07-01 00:00:00.000;2026 07;BEIERSDORF;BEIERSDORF;United Kingdom;;null;Lyra Health International Ltd;7;10;12;12
2026-07-01 00:00:00.000;2026 07;BEIERSDORF;BEIERSDORF;United Kingdom;United Kingdom;GB;Lyra Health International Ltd;7;11;18;102
2026-07-01 00:00:00.000;2026 07;BELKIN;Belkin;Belgium;;null;Lyra Health International Ltd;1;1;1;1
2026-07-01 00:00:00.000;2026 07;BELKIN;Belkin;Netherlands;;null;Lyra Health International Ltd;1;1;1;1
2026-07-01 00:00:00.000;2026 07;BELKIN;Belkin;Netherlands;Netherlands;NL;Lyra Health International Ltd;1;1;1;6
2026-07-01 00:00:00.000;2026 07;BELKIN;Belkin;South Africa;;null;Lyra Health International Ltd;0;1;2;2
2026-07-01 00:00:00.000;2026 07;BELKIN;Belkin;South Africa;Germany;DE;Lyra Health International Ltd;0;1;1;3
2026-07-01 00:00:00.000;2026 07;BELKIN;Belkin;South Africa;Spain;ES;Lyra Health International Ltd;0;1;1;16
2026-07-01 00:00:00.000;2026 07;BELKIN;Belkin;Spain;;null;Lyra Health International Ltd;1;1;1;1
2026-07-01 00:00:00.000;2026 07;BELKIN;Belkin;Spain;Spain;ES;Lyra Health International Ltd;1;1;1;12
2026-07-01 00:00:00.000;2026 07;BELKIN;Belkin;United Kingdom;;null;Lyra Health International Ltd;2;2;2;2
2026-07-01 00:00:00.000;2026 07;BEN006;Bento – Kurtsys;South Africa;;null;Lyra Southern Africa Pty Ltd;1;1;1;1
2026-07-01 00:00:00.000;2026 07;BEN006;Bento – Kurtsys;South Africa;South Africa;ZA;Lyra Southern Africa Pty Ltd;1;1;1;7
2026-07-01 00:00:00.000;2026 07;BENCHMARK;Benchmark Holdings;Mexico;;null;Lyra Health International Ltd;0;1;1;1
2026-07-01 00:00:00.000;2026 07;BERKLEECOLLEGE;Berklee College of Music;Spain;;null;Lyra Health International Ltd;1;1;1;1
2026-07-01 00:00:00.000;2026 07;BERKLEECOLLEGE;Berklee College of Music;Spain;Spain;ES;Lyra Health International Ltd;1;1;1;3
2026-07-01 00:00:00.000;2026 07;BERRYMEX;Berry Mex;Mexico;;null;Lyra Mexico and Central America;1;1;1;1
2026-07-01 00:00:00.000;2026 07;BERRYMEX;Berry Mex;Mexico;Mexico;MX;Lyra Mexico and Central America;1;1;1;9
2026-07-01 00:00:00.000;2026 07;BESEDO;Besedo;Austria;;null;Lyra Health International Ltd;0;1;1;1
2026-07-01 00:00:00.000;2026 07;BESEDO;Besedo;Austria;Malta;MT;Lyra Health International Ltd;0;1;1;5
2026-07-01 00:00:00.000;2026 07;BESUPPORTED;Live Nation;New Zealand;;null;Lyra Health International Ltd;1;1;1;1
2026-07-01 00:00:00.000;2026 07;BESUPPORTED;Live Nation;New Zealand;New Zealand;NZ;Lyra Health International Ltd;1;1;1;8
2026-07-01 00:00:00.000;2026 07;BESUPPORTED;Live Nation;South Africa;;null;Lyra Health International Ltd;1;1;1;1
2026-07-01 00:00:00.000;2026 07;BESUPPORTED;Live Nation;South Africa;South Africa;ZA;Lyra Health International Ltd;1;1;1;10
2026-07-01 00:00:00.000;2026 07;BESUPPORTED;Live Nation;Thailand;;null;Lyra Health International Ltd;1;1;1;1
2026-07-01 00:00:00.000;2026 07;BESUPPORTED;Live Nation;Thailand;Thailand;TH;Lyra Health International Ltd;1;1;2;18
2026-07-01 00:00:00.000;2026 07;BETTERUP;BetterUp;Canada;;null;Lyra Health International Ltd;1;1;1;1
2026-07-01 00:00:00.000;2026 07;BETTERUP;BetterUp;Canada;Canada;CA;Lyra Health International Ltd;1;1;3;11
2026-07-01 00:00:00.000;2026 07;BID002;Bidvest;South Africa;;null;Lyra Southern Africa Pty Ltd;27;33;35;36
2026-07-01 00:00:00.000;2026 07;BID002;Bidvest;South Africa;South Africa;ZA;Lyra Southern Africa Pty Ltd;36;48;111;800
2026-07-01 00:00:00.000;2026 07;BIENESTAR01;Grupo Ramos;Dominican Republic;;null;Lyra Mexico and Central America;3;3;4;4
2026-07-01 00:00:00.000;2026 07;BIENESTAR01;Grupo Ramos;Dominican Republic;Dominican Republic;DO;Lyra Mexico and Central America;3;3;8;57
2026-07-01 00:00:00.000;2026 07;BIENESTARBASF;BASF;Mexico;;null;Lyra Mexico and Central America;6;8;9;9
2026-07-01 00:00:00.000;2026 07;BIENESTARBASF;BASF;Mexico;Mexico;MX;Lyra Mexico and Central America;7;9;14;109
2026-07-01 00:00:00.000;2026 07;BIENESTARBASF;BASF;United States of America;;null;Lyra Mexico and Central America;1;1;1;1
2026-07-01 00:00:00.000;2026 07;BIENESTARBASF;BASF;United States of America;Mexico;MX;Lyra Mexico and Central America;1;1;1;8
2026-07-01 00:00:00.000;2026 07;BIENESTARCSAP;FORD;United States of America;;null;Lyra Mexico and Central America;1;1;1;1
2026-07-01 00:00:00.000;2026 07;BIENESTARCSAP;FORD;United States of America;Mexico;MX;Lyra Mexico and Central America;1;1;20;130
2026-07-01 00:00:00.000;2026 07;BIENESTARMOC;Cementos Moctezuma;Mexico;;null;Lyra Mexico and Central America;6;7;7;9
2026-07-01 00:00:00.000;2026 07;BIENESTARMOC;Cementos Moctezuma;Mexico;Mexico;MX;Lyra Mexico and Central America;6;11;20;138
2026-07-01 00:00:00.000;2026 07;BLACKROCK;BlackRock Investment Management;Cyprus;;null;Lyra Health International Ltd;1;1;1;1
2026-07-01 00:00:00.000;2026 07;BLACKROCK;BlackRock Investment Management;Cyprus;United Kingdom;GB;Lyra Health International Ltd;1;1;1;10
2026-07-01 00:00:00.000;2026 07;BLACKROCK;BlackRock Investment Management;France;;null;Lyra Health International Ltd;1;2;2;2
2026-07-01 00:00:00.000;2026 07;BLACKROCK;BlackRock Investment Management;France;France;FR;Lyra Health International Ltd;1;2;3;31
2026-07-01 00:00:00.000;2026 07;BLACKROCK;BlackRock Investment Management;Hungary;;null;Lyra Health International Ltd;2;3;3;3
2026-07-01 00:00:00.000;2026 07;BLACKROCK;BlackRock Investment Management;Hungary;Hungary;HU;Lyra Health International Ltd;2;3;7;63
2026-07-01 00:00:00.000;2026 07;BLACKROCK;BlackRock Investment Management;Ireland;;null;Lyra Health International Ltd;1;1;1;1
2026-07-01 00:00:00.000;2026 07;BLACKROCK;BlackRock Investment Management;Ireland;United Kingdom;GB;Lyra Health International Ltd;1;1;1;4
2026-07-01 00:00:00.000;2026 07;BLACKROCK;BlackRock Investment Management;Italy;;null;Lyra Health International Ltd;1;1;1;1
2026-07-01 00:00:00.000;2026 07;BLACKROCK;BlackRock Investment Management;Italy;Italy;IT;Lyra Health International Ltd;1;1;2;8
2026-07-01 00:00:00.000;2026 07;BLACKROCK;BlackRock Investment Management;Serbia;;null;Lyra Health International Ltd;1;1;1;1
2026-07-01 00:00:00.000;2026 07;BLACKROCK;BlackRock Investment Management;Serbia;Serbia;RS;Lyra Health International Ltd;1;1;1;1
2026-07-01 00:00:00.000;2026 07;BLACKROCK;BlackRock Investment Management;United Kingdom;;null;Lyra Health International Ltd;24;25;25;25
2026-07-01 00:00:00.000;2026 07;BLACKROCK;BlackRock Investment Management;United Kingdom;Hungary;HU;Lyra Health International Ltd;2;2;2;10
2026-07-01 00:00:00.000;2026 07;BLACKROCK;BlackRock Investment Management;United Kingdom;United Arab Emirates;AE;Lyra Health International Ltd;1;1;1;4
2026-07-01 00:00:00.000;2026 07;BLACKROCK;BlackRock Investment Management;United Kingdom;United Kingdom;GB;Lyra Health International Ltd;23;24;37;158
2026-07-01 00:00:00.000;2026 07;BLACKSWAN;Black Swan;Hungary;;null;Lyra Health Hungary Kft;1;1;1;1
2026-07-01 00:00:00.000;2026 07;BLACKSWAN;Black Swan;Hungary;Hungary;HU;Lyra Health Hungary Kft;1;1;2;7
2026-07-01 00:00:00.000;2026 07;BLU003;BLUROCK QUARRIES PTY LTD;South Africa;;null;Lyra Southern Africa Pty Ltd;4;4;6;6
2026-07-01 00:00:00.000;2026 07;BLU003;BLUROCK QUARRIES PTY LTD;South Africa;South Africa;ZA;Lyra Southern Africa Pty Ltd;4;4;15;159
2026-07-01 00:00:00.000;2026 07;BMI;BMI Group;Spain;Spain;ES;Lyra Health International Ltd;1;1;1;1
2026-07-01 00:00:00.000;2026 07;BMW001;BMW South Africa;South Africa;;null;Lyra Southern Africa Pty Ltd;10;11;13;13
2026-07-01 00:00:00.000;2026 07;BMW001;BMW South Africa;South Africa;South Africa;ZA;Lyra Southern Africa Pty Ltd;10;11;16;106
2026-07-01 00:00:00.000;2026 07;BMW001;BMW South Africa;United States of America;;null;Lyra Southern Africa Pty Ltd;1;1;1;1
2026-07-01 00:00:00.000;2026 07;BMWSCHWEIZEAP;BMW Group Schweiz;Switzerland;;null;Lyra Schweiz GmbH;3;3;3;3
2026-07-01 00:00:00.000;2026 07;BMWSCHWEIZEAP;BMW Group Schweiz;Switzerland;Switzerland;CH;Lyra Schweiz GmbH;3;4;5;30
2026-07-01 00:00:00.000;2026 07;BOFA;Bank of America;United Kingdom;;null;Lyra Health International Ltd;3;3;3;3
2026-07-01 00:00:00.000;2026 07;BOFA;Bank of America;United Kingdom;France;FR;Lyra Health International Ltd;1;1;1;6
2026-07-01 00:00:00.000;2026 07;BON001;bOnline SA;South Africa;;null;Lyra Southern Africa Pty Ltd;1;1;1;1
2026-07-01 00:00:00.000;2026 07;BON001;bOnline SA;South Africa;South Africa;ZA;Lyra Southern Africa Pty Ltd;1;1;1;9
2026-07-01 00:00:00.000;2026 07;BOO001;Boostand Co;South Africa;;null;Lyra Southern Africa Pty Ltd;1;1;1;1
2026-07-01 00:00:00.000;2026 07;BOO001;Boostand Co;South Africa;South Africa;ZA;Lyra Southern Africa Pty Ltd;1;1;2;33
2026-07-01 00:00:00.000;2026 07;BOS001;Bosch Rexroth SA;South Africa;;null;Lyra Southern Africa Pty Ltd;4;5;5;5
2026-07-01 00:00:00.000;2026 07;BOS001;Bosch Rexroth SA;South Africa;South Africa;ZA;Lyra Southern Africa Pty Ltd;4;6;8;37
2026-07-01 00:00:00.000;2026 07;BPCMY;BASF Petronas Chemicals Sdn Bhd;Malaysia;;null;Lyra Health Malaysia Sdn Bhd;0;1;1;1
2026-07-01 00:00:00.000;2026 07;BPCMY;BASF Petronas Chemicals Sdn Bhd;Malaysia;Malaysia;MY;Lyra Health Malaysia Sdn Bhd;0;1;2;7
2026-07-01 00:00:00.000;2026 07;BPWELLBEING;British Petroleum;Angola;United Kingdom;GB;Lyra Health International Ltd;1;1;1;2
2026-07-01 00:00:00.000;2026 07;BPWELLBEING;British Petroleum;Argentina;;null;Lyra Health International Ltd;1;1;1;1
2026-07-01 00:00:00.000;2026 07;BPWELLBEING;British Petroleum;Argentina;Argentina;AR;Lyra Health International Ltd;1;1;1;2
2026-07-01 00:00:00.000;2026 07;BPWELLBEING;British Petroleum;Australia;;null;Lyra Health International Ltd;17;20;20;20
2026-07-01 00:00:00.000;2026 07;BPWELLBEING;British Petroleum;Australia;Australia;AU;Lyra Health International Ltd;19;22;26;190
2026-07-01 00:00:00.000;2026 07;BPWELLBEING;British Petroleum;Austria;;null;Lyra Health International Ltd;9;12;13;13
2026-07-01 00:00:00.000;2026 07;BPWELLBEING;British Petroleum;Austria;Austria;AT;Lyra Health International Ltd;2;2;2;13
2026-07-01 00:00:00.000;2026 07;BPWELLBEING;British Petroleum;Austria;Greece;GR;Lyra Health International Ltd;1;1;1;5
2026-07-01 00:00:00.000;2026 07;BPWELLBEING;British Petroleum;Austria;Hungary;HU;Lyra Health International Ltd;8;12;14;70
2026-07-01 00:00:00.000;2026 07;BPWELLBEING;British Petroleum;Azerbaijan;;null;Lyra Health International Ltd;2;2;2;2
2026-07-01 00:00:00.000;2026 07;BPWELLBEING;British Petroleum;Azerbaijan;Azerbaijan;AZ;Lyra Health International Ltd;2;2;2;7
2026-07-01 00:00:00.000;2026 07;BPWELLBEING;British Petroleum;Belgium;Belgium;BE;Lyra Health International Ltd;1;1;1;1
2026-07-01 00:00:00.000;2026 07;BPWELLBEING;British Petroleum;Brazil;;null;Lyra Health International Ltd;13;14;15;15
2026-07-01 00:00:00.000;2026 07;BPWELLBEING;British Petroleum;Brazil;Brazil;BR;Lyra Health International Ltd;11;12;16;136
2026-07-01 00:00:00.000;2026 07;BPWELLBEING;British Petroleum;China;;null;Lyra Health International Ltd;1;1;1;1
2026-07-01 00:00:00.000;2026 07;BPWELLBEING;British Petroleum;China;China;CN;Lyra Health International Ltd;1;1;1;30
2026-07-01 00:00:00.000;2026 07;BPWELLBEING;British Petroleum;Denmark;Denmark;DK;Lyra Health International Ltd;1;1;1;4
2026-07-01 00:00:00.000;2026 07;BPWELLBEING;British Petroleum;France;;null;Lyra Health International Ltd;1;2;2;2
2026-07-01 00:00:00.000;2026 07;BPWELLBEING;British Petroleum;France;Spain;ES;Lyra Health International Ltd;1;1;1;6
2026-07-01 00:00:00.000;2026 07;BPWELLBEING;British Petroleum;France;United Kingdom;GB;Lyra Health International Ltd;0;1;1;1
2026-07-01 00:00:00.000;2026 07;BPWELLBEING;British Petroleum;Germany;;null;Lyra Health International Ltd;4;4;4;4
2026-07-01 00:00:00.000;2026 07;BPWELLBEING;British Petroleum;Germany;Germany;DE;Lyra Health International Ltd;4;4;7;41
2026-07-01 00:00:00.000;2026 07;BPWELLBEING;British Petroleum;Greece;;null;Lyra Health International Ltd;0;1;1;1
2026-07-01 00:00:00.000;2026 07;BPWELLBEING;British Petroleum;Greece;Greece;GR;Lyra Health International Ltd;0;1;3;4
2026-07-01 00:00:00.000;2026 07;BPWELLBEING;British Petroleum;Guernsey;;null;Lyra Health International Ltd;1;1;1;1
2026-07-01 00:00:00.000;2026 07;BPWELLBEING;British Petroleum;Guernsey;United Kingdom;GB;Lyra Health International Ltd;1;1;1;11
2026-07-01 00:00:00.000;2026 07;BPWELLBEING;British Petroleum;Hungary;;null;Lyra Health International Ltd;12;15;15;15
2026-07-01 00:00:00.000;2026 07;BPWELLBEING;British Petroleum;Hungary;Hungary;HU;Lyra Health International Ltd;13;16;29;227
2026-07-01 00:00:00.000;2026 07;BPWELLBEING;British Petroleum;India;;null;Lyra Health International Ltd;27;31;33;33
2026-07-01 00:00:00.000;2026 07;BPWELLBEING;British Petroleum;India;India;IN;Lyra Health International Ltd;27;33;80;740
2026-07-01 00:00:00.000;2026 07;BPWELLBEING;British Petroleum;Italy;;null;Lyra Health International Ltd;2;2;2;2
2026-07-01 00:00:00.000;2026 07;BPWELLBEING;British Petroleum;Italy;Egypt;EG;Lyra Health International Ltd;2;2;2;11
2026-07-01 00:00:00.000;2026 07;BPWELLBEING;British Petroleum;Japan;;null;Lyra Health International Ltd;0;1;1;1
2026-07-01 00:00:00.000;2026 07;BPWELLBEING;British Petroleum;Japan;Japan;JP;Lyra Health International Ltd;0;1;2;4
2026-07-01 00:00:00.000;2026 07;BPWELLBEING;British Petroleum;Malaysia;;null;Lyra Health International Ltd;4;4;4;4
2026-07-01 00:00:00.000;2026 07;BPWELLBEING;British Petroleum;Malaysia;Malaysia;MY;Lyra Health International Ltd;4;4;6;36
2026-07-01 00:00:00.000;2026 07;BPWELLBEING;British Petroleum;Mexico;Mexico;MX;Lyra Health International Ltd;1;1;1;16
2026-07-01 00:00:00.000;2026 07;BPWELLBEING;British Petroleum;Netherlands;;null;Lyra Health International Ltd;7;7;7;7
2026-07-01 00:00:00.000;2026 07;BPWELLBEING;British Petroleum;Netherlands;Netherlands;NL;Lyra Health International Ltd;8;10;15;85
2026-07-01 00:00:00.000;2026 07;BPWELLBEING;British Petroleum;New Zealand;;null;Lyra Health International Ltd;10;10;10;10
2026-07-01 00:00:00.000;2026 07;BPWELLBEING;British Petroleum;New Zealand;New Zealand;NZ;Lyra Health International Ltd;11;12;19;163
2026-07-01 00:00:00.000;2026 07;BPWELLBEING;British Petroleum;Oman;;null;Lyra Health International Ltd;1;1;1;1
2026-07-01 00:00:00.000;2026 07;BPWELLBEING;British Petroleum;Oman;Oman;OM;Lyra Health International Ltd;1;1;1;3
2026-07-01 00:00:00.000;2026 07;BPWELLBEING;British Petroleum;Portugal;;null;Lyra Health International Ltd;0;1;1;1
2026-07-01 00:00:00.000;2026 07;BPWELLBEING;British Petroleum;Portugal;Portugal;PT;Lyra Health International Ltd;0;1;1;32
2026-07-01 00:00:00.000;2026 07;BPWELLBEING;British Petroleum;Portugal;Spain;ES;Lyra Health International Ltd;1;1;1;1
2026-07-01 00:00:00.000;2026 07;BPWELLBEING;British Petroleum;Senegal;;null;Lyra Health International Ltd;1;1;1;1
2026-07-01 00:00:00.000;2026 07;BPWELLBEING;British Petroleum;Senegal;Azerbaijan;AZ;Lyra Health International Ltd;1;1;1;4
2026-07-01 00:00:00.000;2026 07;BPWELLBEING;British Petroleum;Singapore;;null;Lyra Health International Ltd;2;3;3;3
2026-07-01 00:00:00.000;2026 07;BPWELLBEING;British Petroleum;Singapore;Indonesia;ID;Lyra Health International Ltd;2;2;2;31
2026-07-01 00:00:00.000;2026 07;BPWELLBEING;British Petroleum;Singapore;Singapore;SG;Lyra Health International Ltd;0;2;2;8
2026-07-01 00:00:00.000;2026 07;BPWELLBEING;British Petroleum;South Africa;;null;Lyra Health International Ltd;1;4;4;4
2026-07-01 00:00:00.000;2026 07;BPWELLBEING;British Petroleum;South Africa;South Africa;ZA;Lyra Health International Ltd;1;3;3;26
2026-07-01 00:00:00.000;2026 07;BPWELLBEING;British Petroleum;South Africa;United Kingdom;GB;Lyra Health International Ltd;0;1;8;39
2026-07-01 00:00:00.000;2026 07;BPWELLBEING;British Petroleum;Spain;;null;Lyra Health International Ltd;2;2;2;2
2026-07-01 00:00:00.000;2026 07;BPWELLBEING;British Petroleum;Spain;Spain;ES;Lyra Health International Ltd;2;2;2;8
2026-07-01 00:00:00.000;2026 07;BPWELLBEING;British Petroleum;Sweden;;null;Lyra Health International Ltd;1;1;1;1
2026-07-01 00:00:00.000;2026 07;BPWELLBEING;British Petroleum;Sweden;Sweden;SE;Lyra Health International Ltd;1;1;3;9
2026-07-01 00:00:00.000;2026 07;BPWELLBEING;British Petroleum;Trinidad and Tobago;;null;Lyra Health International Ltd;3;4;4;4
2026-07-01 00:00:00.000;2026 07;BPWELLBEING;British Petroleum;Trinidad and Tobago;Trinidad and Tobago;TT;Lyra Health International Ltd;3;4;11;86
2026-07-01 00:00:00.000;2026 07;BPWELLBEING;British Petroleum;United Kingdom;;null;Lyra Health International Ltd;62;72;73;74
2026-07-01 00:00:00.000;2026 07;BPWELLBEING;British Petroleum;United Kingdom;United Kingdom;GB;Lyra Health International Ltd;69;87;129;941
2026-07-01 00:00:00.000;2026 07;BPWELLBEING;British Petroleum;United States of America;;null;Lyra Health International Ltd;33;36;56;72
2026-07-01 00:00:00.000;2026 07;BPWELLBEING;British Petroleum;United States of America;Argentina;AR;Lyra Health International Ltd;1;1;1;8
2026-07-01 00:00:00.000;2026 07;BPWELLBEING;British Petroleum;United States of America;Azerbaijan;AZ;Lyra Health International Ltd;1;1;1;2
2026-07-01 00:00:00.000;2026 07;BPWELLBEING;British Petroleum;United States of America;Canada;CA;Lyra Health International Ltd;1;1;1;7
2026-07-01 00:00:00.000;2026 07;BPWELLBEING;British Petroleum;United States of America;Mexico;MX;Lyra Health International Ltd;2;2;2;13
2026-07-01 00:00:00.000;2026 07;BPWELLBEING;British Petroleum;United States of America;Trinidad and Tobago;TT;Lyra Health International Ltd;1;2;2;20
2026-07-01 00:00:00.000;2026 07;BPWELLBEING;British Petroleum;United States of America;United Kingdom;GB;Lyra Health International Ltd;6;7;8;84
2026-07-01 00:00:00.000;2026 07;BPWELLBEING;British Petroleum;United States of America;United States of America;US;Lyra Health International Ltd;1;1;8;55
2026-07-01 00:00:00.000;2026 07;BPWELLBEINGUSA;BP;Angola;United States of America;US;Lyra Health International Ltd;0;1;1;2
2026-07-01 00:00:00.000;2026 07;BPWELLBEINGUSA;BP;India;;null;Lyra Health International Ltd;0;1;1;1
2026-07-01 00:00:00.000;2026 07;BPWELLBEINGUSA;BP;Mexico;;null;Lyra Health International Ltd;1;1;1;1
2026-07-01 00:00:00.000;2026 07;BPWELLBEINGUSA;BP;Mexico;United States of America;US;Lyra Health International Ltd;1;1;1;1
2026-07-01 00:00:00.000;2026 07;BPWELLBEINGUSA;BP;South Africa;;null;Lyra Health International Ltd;0;1;1;1
2026-07-01 00:00:00.000;2026 07;BPWELLBEINGUSA;BP;South Africa;United States of America;US;Lyra Health International Ltd;0;1;1;2
2026-07-01 00:00:00.000;2026 07;BPWELLBEINGUSA;BP;United Kingdom;;null;Lyra Health International Ltd;0;1;1;1
2026-07-01 00:00:00.000;2026 07;BPWELLBEINGUSA;BP;United States of America;;null;Lyra Health International Ltd;66;73;77;78
2026-07-01 00:00:00.000;2026 07;BPWELLBEINGUSA;BP;United States of America;United States of America;US;Lyra Health International Ltd;65;76;112;934
2026-07-01 00:00:00.000;2026 07;BRADYMEXICO;BRADY MEXICO;Mexico;;null;Lyra Mexico and Central America;6;7;9;9
2026-07-01 00:00:00.000;2026 07;BRADYMEXICO;BRADY MEXICO;Mexico;Mexico;MX;Lyra Mexico and Central America;6;7;15;186
2026-07-01 00:00:00.000;2026 07;BRE001;Brenntag;South Africa;;null;Lyra Southern Africa Pty Ltd;3;7;7;7
2026-07-01 00:00:00.000;2026 07;BRE001;Brenntag;South Africa;South Africa;ZA;Lyra Southern Africa Pty Ltd;3;7;13;84
2026-07-01 00:00:00.000;2026 07;BRI002;British American Tobacco South Africa;South Africa;;null;Lyra Southern Africa Pty Ltd;0;1;1;1
2026-07-01 00:00:00.000;2026 07;BRI002;British American Tobacco South Africa;South Africa;South Africa;ZA;Lyra Southern Africa Pty Ltd;0;1;1;2
2026-07-01 00:00:00.000;2026 07;BRI004;BRIDGESPAN AFRICA;South Africa;;null;Lyra Southern Africa Pty Ltd;3;3;3;3
2026-07-01 00:00:00.000;2026 07;BRI004;BRIDGESPAN AFRICA;South Africa;South Africa;ZA;Lyra Southern Africa Pty Ltd;3;3;5;19
2026-07-01 00:00:00.000;2026 07;BRI005;Bridgestone South Africa;South Africa;;null;Lyra Southern Africa Pty Ltd;0;1;1;1
2026-07-01 00:00:00.000;2026 07;BRI005;Bridgestone South Africa;South Africa;South Africa;ZA;Lyra Southern Africa Pty Ltd;0;1;1;4
2026-07-01 00:00:00.000;2026 07;BRIDGESTONE;Bridgestone;Belgium;;null;Lyra Health International Ltd;4;5;6;8
2026-07-01 00:00:00.000;2026 07;BRIDGESTONE;Bridgestone;Belgium;Belgium;BE;Lyra Health International Ltd;4;7;8;64
2026-07-01 00:00:00.000;2026 07;BRIDGESTONE;Bridgestone;Denmark;;null;Lyra Health International Ltd;2;2;2;2
2026-07-01 00:00:00.000;2026 07;BRIDGESTONE;Bridgestone;Denmark;Denmark;DK;Lyra Health International Ltd;2;2;2;10
2026-07-01 00:00:00.000;2026 07;BRIDGESTONE;Bridgestone;France;;null;Lyra Health International Ltd;1;2;2;2
2026-07-01 00:00:00.000;2026 07;BRIDGESTONE;Bridgestone;France;France;FR;Lyra Health International Ltd;1;4;5;20
2026-07-01 00:00:00.000;2026 07;BRIDGESTONE;Bridgestone;Italy;;null;Lyra Health International Ltd;3;5;5;5
2026-07-01 00:00:00.000;2026 07;BRIDGESTONE;Bridgestone;Italy;Italy;IT;Lyra Health International Ltd;3;5;8;64
2026-07-01 00:00:00.000;2026 07;BRIDGESTONE;Bridgestone;Poland;;null;Lyra Health International Ltd;8;8;8;8
2026-07-01 00:00:00.000;2026 07;BRIDGESTONE;Bridgestone;Poland;Poland;PL;Lyra Health International Ltd;8;8;14;158
2026-07-01 00:00:00.000;2026 07;BRIDGESTONE;Bridgestone;South Africa;;null;Lyra Health International Ltd;0;1;1;1
2026-07-01 00:00:00.000;2026 07;BRIDGESTONE;Bridgestone;South Africa;South Africa;ZA;Lyra Health International Ltd;0;1;1;3
2026-07-01 00:00:00.000;2026 07;BRIDGESTONE;Bridgestone;Spain;;null;Lyra Health International Ltd;2;2;2;2
2026-07-01 00:00:00.000;2026 07;BRIDGESTONE;Bridgestone;Spain;Spain;ES;Lyra Health International Ltd;6;8;8;22
2026-07-01 00:00:00.000;2026 07;BRIDGESTONE;Bridgestone;United Kingdom;;null;Lyra Health International Ltd;3;3;3;3
2026-07-01 00:00:00.000;2026 07;BRIDGESTONE;Bridgestone;United Kingdom;United Kingdom;GB;Lyra Health International Ltd;3;3;5;45
2026-07-01 00:00:00.000;2026 07;BROADCOM;Broadcom Inc;Bulgaria;;null;Lyra Health International Ltd;1;1;1;1
2026-07-01 00:00:00.000;2026 07;BROADCOM;Broadcom Inc;Bulgaria;Bulgaria;BG;Lyra Health International Ltd;1;1;1;2
2026-07-01 00:00:00.000;2026 07;BROADCOM;Broadcom Inc;Czech Republic;;null;Lyra Health International Ltd;2;3;3;3
2026-07-01 00:00:00.000;2026 07;BROADCOM;Broadcom Inc;Czech Republic;Czech Republic;CZ;Lyra Health International Ltd;2;3;5;20
2026-07-01 00:00:00.000;2026 07;BROADCOM;Broadcom Inc;Italy;;null;Lyra Health International Ltd;1;1;1;1
2026-07-01 00:00:00.000;2026 07;BROADCOM;Broadcom Inc;Italy;Italy;IT;Lyra Health International Ltd;1;1;1;3
2026-07-01 00:00:00.000;2026 07;BROADCOM;Broadcom Inc;Switzerland;;null;Lyra Health International Ltd;1;1;1;1
2026-07-01 00:00:00.000;2026 07;BROADCOM;Broadcom Inc;Switzerland;Bulgaria;BG;Lyra Health International Ltd;1;1;2;14
2026-07-01 00:00:00.000;2026 07;BROADCOM;Broadcom Inc;United Kingdom;;null;Lyra Health International Ltd;1;1;1;1
2026-07-01 00:00:00.000;2026 07;BROADCOM;Broadcom Inc;United Kingdom;Netherlands;NL;Lyra Health International Ltd;1;1;1;16
2026-07-01 00:00:00.000;2026 07;BROADCOM;Broadcom Inc;United States of America;;null;Lyra Health International Ltd;2;2;2;2
2026-07-01 00:00:00.000;2026 07;BROADCOM;Broadcom Inc;United States of America;Bulgaria;BG;Lyra Health International Ltd;1;1;2;18
2026-07-01 00:00:00.000;2026 07;BROADCOM;Broadcom Inc;United States of America;Czech Republic;CZ;Lyra Health International Ltd;1;1;1;3
2026-07-01 00:00:00.000;2026 07;BROOKS;Brooks;Netherlands;;null;Lyra Health International Ltd;3;3;3;3
2026-07-01 00:00:00.000;2026 07;BROOKS;Brooks;Netherlands;Netherlands;NL;Lyra Health International Ltd;3;3;4;32
2026-07-01 00:00:00.000;2026 07;BROOKS;Brooks;Turkey;;null;Lyra Health International Ltd;1;1;1;1
2026-07-01 00:00:00.000;2026 07;BROOKS;Brooks;Turkey;Netherlands;NL;Lyra Health International Ltd;1;1;2;15
2026-07-01 00:00:00.000;2026 07;BROOKS;Brooks;United Kingdom;;null;Lyra Health International Ltd;0;1;1;1
2026-07-01 00:00:00.000;2026 07;BROOKS;Brooks;United Kingdom;United Kingdom;GB;Lyra Health International Ltd;0;1;2;33
2026-07-01 00:00:00.000;2026 07;BRU001;Brunswick;South Africa;;null;Lyra Southern Africa Pty Ltd;1;1;1;1
2026-07-01 00:00:00.000;2026 07;BRU001;Brunswick;South Africa;South Africa;ZA;Lyra Southern Africa Pty Ltd;1;1;3;16
2026-07-01 00:00:00.000;2026 07;BRUKERHUB;Bruker Switzerland AG;Germany;;null;Lyra Schweiz GmbH;4;4;4;4
2026-07-01 00:00:00.000;2026 07;BRUKERHUB;Bruker Switzerland AG;Germany;Germany;DE;Lyra Schweiz GmbH;4;4;13;72
2026-07-01 00:00:00.000;2026 07;BRUKERHUB;Bruker Switzerland AG;Switzerland;;null;Lyra Schweiz GmbH;3;3;3;3
2026-07-01 00:00:00.000;2026 07;BRUKERHUB;Bruker Switzerland AG;Switzerland;Switzerland;CH;Lyra Schweiz GmbH;4;4;5;40
2026-07-01 00:00:00.000;2026 07;BSCI;Boston Scientific;Andorra;;null;Lyra Health International Ltd;1;1;1;1
2026-07-01 00:00:00.000;2026 07;BSCI;Boston Scientific;Andorra;Netherlands;NL;Lyra Health International Ltd;1;1;1;9
2026-07-01 00:00:00.000;2026 07;BSCI;Boston Scientific;Austria;;null;Lyra Health International Ltd;3;3;3;3
2026-07-01 00:00:00.000;2026 07;BSCI;Boston Scientific;Austria;Turkey;TR;Lyra Health International Ltd;3;3;3;24
2026-07-01 00:00:00.000;2026 07;BSCI;Boston Scientific;France;;null;Lyra Health International Ltd;1;1;1;1
2026-07-01 00:00:00.000;2026 07;BSCI;Boston Scientific;France;France;FR;Lyra Health International Ltd;1;1;1;8
2026-07-01 00:00:00.000;2026 07;BSCI;Boston Scientific;Germany;;null;Lyra Health International Ltd;1;1;1;1
2026-07-01 00:00:00.000;2026 07;BSCI;Boston Scientific;Germany;Germany;DE;Lyra Health International Ltd;1;1;1;24
2026-07-01 00:00:00.000;2026 07;BSCI;Boston Scientific;Netherlands;;null;Lyra Health International Ltd;7;7;7;7
2026-07-01 00:00:00.000;2026 07;BSCI;Boston Scientific;Netherlands;Netherlands;NL;Lyra Health International Ltd;6;7;7;120
2026-07-01 00:00:00.000;2026 07;BSCI;Boston Scientific;Poland;;null;Lyra Health International Ltd;3;4;4;4
2026-07-01 00:00:00.000;2026 07;BSCI;Boston Scientific;Poland;Poland;PL;Lyra Health International Ltd;3;4;6;33
2026-07-01 00:00:00.000;2026 07;BSCI;Boston Scientific;Romania;;null;Lyra Health International Ltd;1;1;1;1
2026-07-01 00:00:00.000;2026 07;BSCI;Boston Scientific;Romania;Romania;RO;Lyra Health International Ltd;1;1;1;20
2026-07-01 00:00:00.000;2026 07;BSCI;Boston Scientific;South Africa;;null;Lyra Health International Ltd;0;1;1;1
2026-07-01 00:00:00.000;2026 07;BSCI;Boston Scientific;South Africa;South Africa;ZA;Lyra Health International Ltd;0;1;1;4
2026-07-01 00:00:00.000;2026 07;BSCI;Boston Scientific;Spain;;null;Lyra Health International Ltd;4;4;4;4
2026-07-01 00:00:00.000;2026 07;BSCI;Boston Scientific;Spain;Spain;ES;Lyra Health International Ltd;4;4;5;71
2026-07-01 00:00:00.000;2026 07;BSCI;Boston Scientific;Sweden;;null;Lyra Health International Ltd;1;1;1;1
2026-07-01 00:00:00.000;2026 07;BSCI;Boston Scientific;Sweden;Sweden;SE;Lyra Health International Ltd;1;1;2;12
2026-07-01 00:00:00.000;2026 07;BSCI;Boston Scientific;Switzerland;;null;Lyra Health International Ltd;1;2;2;2
2026-07-01 00:00:00.000;2026 07;BSCI;Boston Scientific;Switzerland;Germany;DE;Lyra Health International Ltd;1;1;1;7
2026-07-01 00:00:00.000;2026 07;BSCI;Boston Scientific;Switzerland;Switzerland;CH;Lyra Health International Ltd;0;1;2;7
2026-07-01 00:00:00.000;2026 07;BSCI;Boston Scientific;Turkey;;null;Lyra Health International Ltd;1;1;1;1
2026-07-01 00:00:00.000;2026 07;BSCI;Boston Scientific;Turkey;Turkey;TR;Lyra Health International Ltd;1;1;1;12
2026-07-01 00:00:00.000;2026 07;BSCI;Boston Scientific;United Kingdom;;null;Lyra Health International Ltd;2;4;4;4
2026-07-01 00:00:00.000;2026 07;BSCI;Boston Scientific;United Kingdom;United Kingdom;GB;Lyra Health International Ltd;2;4;7;34
2026-07-01 00:00:00.000;2026 07;BSCI;Boston Scientific;United States of America;;null;Lyra Health International Ltd;2;2;2;8
2026-07-01 00:00:00.000;2026 07;BSCI;Boston Scientific;United States of America;Austria;AT;Lyra Health International Ltd;1;1;1;4
2026-07-01 00:00:00.000;2026 07;BSCI;Boston Scientific;United States of America;Spain;ES;Lyra Health International Ltd;1;1;1;5
2026-07-01 00:00:00.000;2026 07;BSGEAP;BSG Bildungsinstitut für Soziales und Gesundheit GmbH;Germany;;null;Lyra Deutschland GmBH;2;2;2;2
2026-07-01 00:00:00.000;2026 07;BSGEAP;BSG Bildungsinstitut für Soziales und Gesundheit GmbH;Germany;Germany;DE;Lyra Deutschland GmBH;2;2;2;22
2026-07-01 00:00:00.000;2026 07;BSH001;BSH Home Appliance;South Africa;;null;Lyra Southern Africa Pty Ltd;1;1;1;1
2026-07-01 00:00:00.000;2026 07;BSH001;BSH Home Appliance;South Africa;South Africa;ZA;Lyra Southern Africa Pty Ltd;1;1;1;17
2026-07-01 00:00:00.000;2026 07;BURGESS;Burgess Yachts;South Africa;;null;Lyra Schweiz GmbH;0;1;1;1
2026-07-01 00:00:00.000;2026 07;BURGESS;Burgess Yachts;South Africa;Monaco;MC;Lyra Schweiz GmbH;0;1;1;2
2026-07-01 00:00:00.000;2026 07;BURGESS;Burgess Yachts;United Kingdom;;null;Lyra Schweiz GmbH;1;1;1;1
2026-07-01 00:00:00.000;2026 07;BURGESS;Burgess Yachts;United Kingdom;United Kingdom;GB;Lyra Schweiz GmbH;1;1;3;20
2026-07-01 00:00:00.000;2026 07;BUS004;Business Partners;South Africa;;null;Lyra Southern Africa Pty Ltd;1;2;2;2
2026-07-01 00:00:00.000;2026 07;BUS004;Business Partners;South Africa;South Africa;ZA;Lyra Southern Africa Pty Ltd;1;3;4;39
2026-07-01 00:00:00.000;2026 07;BWSHUB22;Brussels Worldwide Services BV;Australia;;null;Lyra Health International Ltd;4;4;4;4
2026-07-01 00:00:00.000;2026 07;BWSHUB22;Brussels Worldwide Services BV;Australia;Australia;AU;Lyra Health International Ltd;4;4;4;77
2026-07-01 00:00:00.000;2026 07;BWSHUB22;Brussels Worldwide Services BV;Belgium;;null;Lyra Health International Ltd;2;3;3;3
2026-07-01 00:00:00.000;2026 07;BWSHUB22;Brussels Worldwide Services BV;Belgium;Belgium;BE;Lyra Health International Ltd;2;3;3;16
2026-07-01 00:00:00.000;2026 07;BWSHUB22;Brussels Worldwide Services BV;Bulgaria;;null;Lyra Health International Ltd;1;1;1;1
2026-07-01 00:00:00.000;2026 07;BWSHUB22;Brussels Worldwide Services BV;Bulgaria;Bulgaria;BG;Lyra Health International Ltd;1;1;1;9
2026-07-01 00:00:00.000;2026 07;BWSHUB22;Brussels Worldwide Services BV;Netherlands;;null;Lyra Health International Ltd;2;2;2;2
2026-07-01 00:00:00.000;2026 07;BWSHUB22;Brussels Worldwide Services BV;Netherlands;Netherlands;NL;Lyra Health International Ltd;2;2;3;14
2026-07-01 00:00:00.000;2026 07;BWSHUB22;Brussels Worldwide Services BV;Spain;;null;Lyra Health International Ltd;1;1;1;1
2026-07-01 00:00:00.000;2026 07;BWSHUB22;Brussels Worldwide Services BV;Spain;Belgium;BE;Lyra Health International Ltd;1;1;1;6
2026-07-01 00:00:00.000;2026 07;BWSHUB22;Brussels Worldwide Services BV;United Kingdom;;null;Lyra Health International Ltd;1;2;2;2
2026-07-01 00:00:00.000;2026 07;BWSHUB22;Brussels Worldwide Services BV;United Kingdom;United Kingdom;GB;Lyra Health International Ltd;1;2;2;20
2026-07-01 00:00:00.000;2026 07;C2001;C2 Computer Investments Pty Ltd;South Africa;South Africa;ZA;Lyra Southern Africa Pty Ltd;1;1;1;1
2026-07-01 00:00:00.000;2026 07;CABI;Cabi;United Kingdom;;null;Lyra Health International Ltd;1;1;1;1
2026-07-01 00:00:00.000;2026 07;CABI;Cabi;United Kingdom;Kenya;KE;Lyra Health International Ltd;1;1;2;22
2026-07-01 00:00:00.000;2026 07;CAP001;Cape Consumers;South Africa;;null;Lyra Southern Africa Pty Ltd;0;1;1;1
2026-07-01 00:00:00.000;2026 07;CAP001;Cape Consumers;South Africa;South Africa;ZA;Lyra Southern Africa Pty Ltd;0;1;1;2
2026-07-01 00:00:00.000;2026 07;CAP004;Araxi Limited;South Africa;;null;Lyra Southern Africa Pty Ltd;2;3;3;3
2026-07-01 00:00:00.000;2026 07;CAP004;Araxi Limited;South Africa;South Africa;ZA;Lyra Southern Africa Pty Ltd;1;3;3;63
2026-07-01 00:00:00.000;2026 07;CAP005;Capital Land Management Services;South Africa;;null;Lyra Southern Africa Pty Ltd;3;4;4;4
2026-07-01 00:00:00.000;2026 07;CAP005;Capital Land Management Services;South Africa;South Africa;ZA;Lyra Southern Africa Pty Ltd;3;4;7;59
2026-07-01 00:00:00.000;2026 07;CAP008;Capital Propfund Pty Ltd;South Africa;;null;Lyra Southern Africa Pty Ltd;0;1;1;1
2026-07-01 00:00:00.000;2026 07;CAP008;Capital Propfund Pty Ltd;South Africa;South Africa;ZA;Lyra Southern Africa Pty Ltd;0;1;1;10
2026-07-01 00:00:00.000;2026 07;CAP009;Capricorn FM;South Africa;;null;Lyra Southern Africa Pty Ltd;1;1;1;1
2026-07-01 00:00:00.000;2026 07;CAP009;Capricorn FM;South Africa;South Africa;ZA;Lyra Southern Africa Pty Ltd;1;1;2;4
2026-07-01 00:00:00.000;2026 07;CAREAP;Community Action Redbridge;United Kingdom;;null;Lyra UK & Ireland Ltd;1;1;1;1
2026-07-01 00:00:00.000;2026 07;CAREAP;Community Action Redbridge;United Kingdom;United Kingdom;GB;Lyra UK & Ireland Ltd;2;2;3;8
2026-07-01 00:00:00.000;2026 07;CARGILL;Cargill;Mexico;Colombia;CO;ICAS Latina;1;1;1;1
2026-07-01 00:00:00.000;2026 07;CATENA;Catena;Malta;;null;Lyra Health International Ltd;1;1;1;1
2026-07-01 00:00:00.000;2026 07;CATENA;Catena;Malta;Malta;MT;Lyra Health International Ltd;1;1;1;11
2026-07-01 00:00:00.000;2026 07;CAV001;CAVI Brands;South Africa;;null;Lyra Southern Africa Pty Ltd;2;3;3;3
2026-07-01 00:00:00.000;2026 07;CAV001;CAVI Brands;South Africa;South Africa;ZA;Lyra Southern Africa Pty Ltd;3;3;4;9
2026-07-01 00:00:00.000;2026 07;CCAXLYRA;Legends Global Middle East FZ-LLC (Coca-Cola Arena);India;United Arab Emirates;AE;Lyra Health International Ltd (DMCC) Branch (MENA);0;1;1;1
2026-07-01 00:00:00.000;2026 07;CCAXLYRA;Legends Global Middle East FZ-LLC (Coca-Cola Arena);United Arab Emirates;;null;Lyra Health International Ltd (DMCC) Branch (MENA);1;2;2;2
2026-07-01 00:00:00.000;2026 07;CCAXLYRA;Legends Global Middle East FZ-LLC (Coca-Cola Arena);United Arab Emirates;United Arab Emirates;AE;Lyra Health International Ltd (DMCC) Branch (MENA);1;2;2;5
2026-07-01 00:00:00.000;2026 07;CCAXLYRA;Legends Global Middle East FZ-LLC (Coca-Cola Arena);United Kingdom;;null;Lyra Health International Ltd (DMCC) Branch (MENA);1;1;1;1
2026-07-01 00:00:00.000;2026 07;CCAXLYRA;Legends Global Middle East FZ-LLC (Coca-Cola Arena);United Kingdom;United Arab Emirates;AE;Lyra Health International Ltd (DMCC) Branch (MENA);1;1;1;2
2026-07-01 00:00:00.000;2026 07;CCB001;CCB Coca Cola;Kenya;;null;Lyra Southern Africa Pty Ltd;2;2;2;4
2026-07-01 00:00:00.000;2026 07;CCB001;CCB Coca Cola;South Africa;;null;Lyra Southern Africa Pty Ltd;4;5;5;5
2026-07-01 00:00:00.000;2026 07;CCB001;CCB Coca Cola;South Africa;South Africa;ZA;Lyra Southern Africa Pty Ltd;4;6;8;30
2026-07-01 00:00:00.000;2026 07;CDF;ABP - C&D Foods;France;;null;Lyra UK & Ireland Ltd;1;2;2;2
2026-07-01 00:00:00.000;2026 07;CDF;ABP - C&D Foods;France;France;FR;Lyra UK & Ireland Ltd;0;1;1;25
2026-07-01 00:00:00.000;2026 07;CDF;ABP - C&D Foods;Ireland;;null;Lyra UK & Ireland Ltd;1;1;1;1
2026-07-01 00:00:00.000;2026 07;CDF;ABP - C&D Foods;Ireland;Ireland;IE;Lyra UK & Ireland Ltd;1;2;3;13
2026-07-01 00:00:00.000;2026 07;CDF;ABP - C&D Foods;Italy;;null;Lyra UK & Ireland Ltd;0;1;1;1
2026-07-01 00:00:00.000;2026 07;CDF;ABP - C&D Foods;Italy;Italy;IT;Lyra UK & Ireland Ltd;0;1;1;8
2026-07-01 00:00:00.000;2026 07;CDF;ABP - C&D Foods;Netherlands;Denmark;DK;Lyra UK & Ireland Ltd;0;1;1;3
2026-07-01 00:00:00.000;2026 07;CDF;ABP - C&D Foods;United Kingdom;;null;Lyra UK & Ireland Ltd;4;5;5;5
2026-07-01 00:00:00.000;2026 07;CDF;ABP - C&D Foods;United Kingdom;United Kingdom;GB;Lyra UK & Ireland Ltd;4;6;10;42
2026-07-01 00:00:00.000;2026 07;CELLSIGN;Cell Signalling;Netherlands;;null;Lyra Netherlands BV;2;2;2;2
2026-07-01 00:00:00.000;2026 07;CELLSIGN;Cell Signalling;Netherlands;Netherlands;NL;Lyra Netherlands BV;2;2;3;20
2026-07-01 00:00:00.000;2026 07;CEN003;Centurion Systems;South Africa;;null;Lyra Southern Africa Pty Ltd;2;2;2;2
2026-07-01 00:00:00.000;2026 07;CEN003;Centurion Systems;South Africa;South Africa;ZA;Lyra Southern Africa Pty Ltd;3;3;3;22
2026-07-01 00:00:00.000;2026 07;CES;Customized Energy Solutions;India;;null;Lyra Health International Ltd;1;1;1;1
2026-07-01 00:00:00.000;2026 07;CES;Customized Energy Solutions;India;India;IN;Lyra Health International Ltd;1;1;1;4
2026-07-01 00:00:00.000;2026 07;CFO001;Executive Communities;South Africa;;null;Lyra Southern Africa Pty Ltd;1;1;1;1
2026-07-01 00:00:00.000;2026 07;CFO001;Executive Communities;South Africa;South Africa;ZA;Lyra Southern Africa Pty Ltd;1;2;2;24
2026-07-01 00:00:00.000;2026 07;CGH001;Cape Grace Hotel (Pty) Ltd;South Africa;;null;Lyra Southern Africa Pty Ltd;3;4;4;4
2026-07-01 00:00:00.000;2026 07;CGH001;Cape Grace Hotel (Pty) Ltd;South Africa;South Africa;ZA;Lyra Southern Africa Pty Ltd;3;3;5;23
2026-07-01 00:00:00.000;2026 07;CGI;CGI;Australia;;null;Lyra Health International Ltd;2;2;2;7
2026-07-01 00:00:00.000;2026 07;CGI;CGI;Australia;Australia;AU;Lyra Health International Ltd;1;1;1;21
2026-07-01 00:00:00.000;2026 07;CGI;CGI;Austria;;null;Lyra Health International Ltd;1;1;1;1
2026-07-01 00:00:00.000;2026 07;CGI;CGI;Austria;Czech Republic;CZ;Lyra Health International Ltd;1;1;1;1
2026-07-01 00:00:00.000;2026 07;CGI;CGI;Austria;Romania;RO;Lyra Health International Ltd;0;1;2;16
2026-07-01 00:00:00.000;2026 07;CGI;CGI;Canada;;null;Lyra Health International Ltd;0;1;1;1
2026-07-01 00:00:00.000;2026 07;CGI;CGI;Canada;Australia;AU;Lyra Health International Ltd;0;1;1;8
2026-07-01 00:00:00.000;2026 07;CGI;CGI;Czech Republic;;null;Lyra Health International Ltd;1;1;1;1
2026-07-01 00:00:00.000;2026 07;CGI;CGI;Czech Republic;Czech Republic;CZ;Lyra Health International Ltd;1;2;2;6
2026-07-01 00:00:00.000;2026 07;CGI;CGI;Czech Republic;Slovakia;SK;Lyra Health International Ltd;1;1;1;2
2026-07-01 00:00:00.000;2026 07;CGI;CGI;France;;null;Lyra Health International Ltd;24;31;32;33
2026-07-01 00:00:00.000;2026 07;CGI;CGI;France;France;FR;Lyra Health International Ltd;27;36;53;331
2026-07-01 00:00:00.000;2026 07;CGI;CGI;France;Switzerland;CH;Lyra Health International Ltd;1;1;1;9
2026-07-01 00:00:00.000;2026 07;CGI;CGI;Germany;;null;Lyra Health International Ltd;15;19;19;19
2026-07-01 00:00:00.000;2026 07;CGI;CGI;Germany;Germany;DE;Lyra Health International Ltd;18;21;26;190
2026-07-01 00:00:00.000;2026 07;CGI;CGI;Latvia;Latvia;LV;Lyra Health International Ltd;1;1;1;1
2026-07-01 00:00:00.000;2026 07;CGI;CGI;Morocco;Morocco;MA;Lyra Health International Ltd;1;1;1;9
2026-07-01 00:00:00.000;2026 07;CGI;CGI;Netherlands;;null;Lyra Health International Ltd;1;4;4;4
2026-07-01 00:00:00.000;2026 07;CGI;CGI;Netherlands;Germany;DE;Lyra Health International Ltd;1;1;1;9
2026-07-01 00:00:00.000;2026 07;CGI;CGI;Netherlands;Netherlands;NL;Lyra Health International Ltd;1;4;7;51
2026-07-01 00:00:00.000;2026 07;CGI;CGI;Norway;;null;Lyra Health International Ltd;2;2;2;2
2026-07-01 00:00:00.000;2026 07;CGI;CGI;Norway;Norway;NO;Lyra Health International Ltd;2;2;2;15
2026-07-01 00:00:00.000;2026 07;CGI;CGI;Poland;;null;Lyra Health International Ltd;1;1;1;1
2026-07-01 00:00:00.000;2026 07;CGI;CGI;Poland;Poland;PL;Lyra Health International Ltd;1;1;1;4
2026-07-01 00:00:00.000;2026 07;CGI;CGI;Portugal;;null;Lyra Health International Ltd;2;3;3;3
2026-07-01 00:00:00.000;2026 07;CGI;CGI;Portugal;Portugal;PT;Lyra Health International Ltd;5;6;7;99
2026-07-01 00:00:00.000;2026 07;CGI;CGI;Romania;;null;Lyra Health International Ltd;0;1;1;1
2026-07-01 00:00:00.000;2026 07;CGI;CGI;Romania;Romania;RO;Lyra Health International Ltd;0;1;1;2
2026-07-01 00:00:00.000;2026 07;CGI;CGI;Spain;;null;Lyra Health International Ltd;6;6;6;6
2026-07-01 00:00:00.000;2026 07;CGI;CGI;Spain;Spain;ES;Lyra Health International Ltd;7;7;11;109
2026-07-01 00:00:00.000;2026 07;CGI;CGI;United States of America;;null;Lyra Health International Ltd;4;4;5;5
2026-07-01 00:00:00.000;2026 07;CHA001;Chartered Institute of Purchasing and Supply;South Africa;;null;Lyra Southern Africa Pty Ltd;1;1;1;1
2026-07-01 00:00:00.000;2026 07;CHA001;Chartered Institute of Purchasing and Supply;South Africa;South Africa;ZA;Lyra Southern Africa Pty Ltd;1;1;1;6
2026-07-01 00:00:00.000;2026 07;CHA002;Chamberlain;South Africa;;null;Lyra Southern Africa Pty Ltd;3;3;3;3
2026-07-01 00:00:00.000;2026 07;CHA002;Chamberlain;South Africa;South Africa;ZA;Lyra Southern Africa Pty Ltd;5;8;9;180
2026-07-01 00:00:00.000;2026 07;CHA003;Charter International;South Africa;;null;Lyra Southern Africa Pty Ltd;1;2;2;2
2026-07-01 00:00:00.000;2026 07;CHA003;Charter International;South Africa;South Africa;ZA;Lyra Southern Africa Pty Ltd;1;2;5;26
2026-07-01 00:00:00.000;2026 07;CHC;CHC Helicopters;United Kingdom;;null;Lyra Health International Ltd;2;2;2;2
2026-07-01 00:00:00.000;2026 07;CHC;CHC Helicopters;United Kingdom;United Kingdom;GB;Lyra Health International Ltd;2;2;4;9
2026-07-01 00:00:00.000;2026 07;CHEMOURS;Chemours;Belgium;;null;Lyra Health International Ltd;6;8;8;9
2026-07-01 00:00:00.000;2026 07;CHEMOURS;Chemours;Belgium;Belgium;BE;Lyra Health International Ltd;6;8;9;124
2026-07-01 00:00:00.000;2026 07;CHEMOURS;Chemours;Germany;;null;Lyra Health International Ltd;1;1;1;1
2026-07-01 00:00:00.000;2026 07;CHEMOURS;Chemours;Germany;Germany;DE;Lyra Health International Ltd;1;1;1;7
2026-07-01 00:00:00.000;2026 07;CHEMOURS;Chemours;Netherlands;;null;Lyra Health International Ltd;4;4;4;4
2026-07-01 00:00:00.000;2026 07;CHEMOURS;Chemours;Netherlands;Netherlands;NL;Lyra Health International Ltd;4;4;5;18
2026-07-01 00:00:00.000;2026 07;CHEMOURS;Chemours;Spain;;null;Lyra Health International Ltd;1;1;1;1
2026-07-01 00:00:00.000;2026 07;CHEMOURS;Chemours;Spain;Spain;ES;Lyra Health International Ltd;1;1;1;13
2026-07-01 00:00:00.000;2026 07;CHEMOURS;Chemours;Switzerland;;null;Lyra Health International Ltd;4;4;5;5
2026-07-01 00:00:00.000;2026 07;CHEMOURS;Chemours;Switzerland;Spain;ES;Lyra Health International Ltd;1;1;1;4
2026-07-01 00:00:00.000;2026 07;CHEMOURS;Chemours;Switzerland;Switzerland;CH;Lyra Health International Ltd;3;3;6;105
2026-07-01 00:00:00.000;2026 07;CHEPCONTIGO;CHEP;Mexico;;null;Lyra Mexico and Central America;0;1;1;1
2026-07-01 00:00:00.000;2026 07;CHEPCONTIGO;CHEP;Mexico;Argentina;AR;Lyra Mexico and Central America;0;1;1;3
2026-07-01 00:00:00.000;2026 07;CHEPCONTIGO;CHEP;Mexico;Mexico;MX;Lyra Mexico and Central America;0;1;1;7
2026-07-01 00:00:00.000;2026 07;CHEVRON;Chevron Corporation Ltd.;Belgium;;null;Lyra Health International Ltd;1;1;1;1
2026-07-01 00:00:00.000;2026 07;CHEVRON;Chevron Corporation Ltd.;Belgium;Belgium;BE;Lyra Health International Ltd;1;1;1;8
2026-07-01 00:00:00.000;2026 07;CHEVRON;Chevron Corporation Ltd.;United Kingdom;;null;Lyra Health International Ltd;0;1;1;1
2026-07-01 00:00:00.000;2026 07;CHEVRON;Chevron Corporation Ltd.;United Kingdom;Belgium;BE;Lyra Health International Ltd;0;1;1;4
2026-07-01 00:00:00.000;2026 07;CHL;Community Housing Limited;Australia;;null;Lyra Health International Ltd;0;1;1;1
2026-07-01 00:00:00.000;2026 07;CHL;Community Housing Limited;Australia;Indonesia;ID;Lyra Health International Ltd;0;1;1;14
2026-07-01 00:00:00.000;2026 07;CHL;Community Housing Limited;Indonesia;;null;Lyra Health International Ltd;2;2;2;2
2026-07-01 00:00:00.000;2026 07;CHL;Community Housing Limited;Indonesia;Indonesia;ID;Lyra Health International Ltd;2;2;2;9
2026-07-01 00:00:00.000;2026 07;CIN001;Cintocare;South Africa;;null;Lyra Southern Africa Pty Ltd;1;1;1;1
2026-07-01 00:00:00.000;2026 07;CIP003;CIPC Companies and Intellectual Property Commission;South Africa;;null;Lyra Southern Africa Pty Ltd;4;4;4;4
2026-07-01 00:00:00.000;2026 07;CIP003;CIPC Companies and Intellectual Property Commission;South Africa;South Africa;ZA;Lyra Southern Africa Pty Ltd;4;4;9;68
2026-07-01 00:00:00.000;2026 07;CIT001;City Property Administration Pty LTD;South Africa;;null;Lyra Southern Africa Pty Ltd;1;2;2;2
2026-07-01 00:00:00.000;2026 07;CIT001;City Property Administration Pty LTD;South Africa;South Africa;ZA;Lyra Southern Africa Pty Ltd;1;2;5;19
2026-07-01 00:00:00.000;2026 07;CLAYMORE;Claymore;Malta;;null;Lyra Health International Ltd;0;1;1;1
2026-07-01 00:00:00.000;2026 07;CLAYMORE;Claymore;Malta;Malta;MT;Lyra Health International Ltd;0;1;1;3
2026-07-01 00:00:00.000;2026 07;CLI004;Clinix;South Africa;;null;Lyra Southern Africa Pty Ltd;23;28;29;30
2026-07-01 00:00:00.000;2026 07;CLI004;Clinix;South Africa;South Africa;ZA;Lyra Southern Africa Pty Ltd;23;30;46;194
2026-07-01 00:00:00.000;2026 07;CLIENTDEMO;General Client;Mexico;;null;Lyra Mexico and Central America;0;1;2;2
2026-07-01 00:00:00.000;2026 07;CLIENTDEMO;General Client;Mexico;Mexico;MX;Lyra Mexico and Central America;0;2;5;19
2026-07-01 00:00:00.000;2026 07;CLOUDBOX;Cloudbox Pty Ltd;South Africa;;null;Lyra Health International Ltd;5;5;5;5
2026-07-01 00:00:00.000;2026 07;CLOUDBOX;Cloudbox Pty Ltd;South Africa;South Africa;ZA;Lyra Health International Ltd;5;5;6;18
2026-07-01 00:00:00.000;2026 07;CLT001;CLT Columba Leadership Trust;South Africa;;null;Lyra Southern Africa Pty Ltd;1;1;1;1
2026-07-01 00:00:00.000;2026 07;CLT001;CLT Columba Leadership Trust;South Africa;South Africa;ZA;Lyra Southern Africa Pty Ltd;1;1;5;44
2026-07-01 00:00:00.000;2026 07;CLY001;Clyde and Co South Africa;South Africa;;null;Lyra Southern Africa Pty Ltd;2;2;2;2
2026-07-01 00:00:00.000;2026 07;CLY001;Clyde and Co South Africa;South Africa;South Africa;ZA;Lyra Southern Africa Pty Ltd;2;2;2;14
2026-07-01 00:00:00.000;2026 07;CMACGM;CMA-CGM;Germany;;null;Lyra Netherlands BV;1;1;1;1
2026-07-01 00:00:00.000;2026 07;CMACGM;CMA-CGM;Germany;Netherlands;NL;Lyra Netherlands BV;1;1;1;1
2026-07-01 00:00:00.000;2026 07;CMACGM;CMA-CGM;Netherlands;;null;Lyra Netherlands BV;2;2;3;3
2026-07-01 00:00:00.000;2026 07;CMACGM;CMA-CGM;Netherlands;Netherlands;NL;Lyra Netherlands BV;2;2;3;24
2026-07-01 00:00:00.000;2026 07;CMEGROUP;CME Group;India;;null;Lyra;1;1;1;1
2026-07-01 00:00:00.000;2026 07;CMEGROUP;CME Group;India;India;IN;Lyra;1;1;1;8
2026-07-01 00:00:00.000;2026 07;CMEGROUP;CME Group;United Kingdom;;null;Lyra;1;1;1;1
2026-07-01 00:00:00.000;2026 07;CMEGROUP;CME Group;United Kingdom;United Kingdom;GB;Lyra;1;1;1;8
2026-07-01 00:00:00.000;2026 07;CMSHUB22;CMS - Cameron McKenna Nabarro Olswang LLP;Austria;;null;Lyra Health International Ltd;1;1;1;1
2026-07-01 00:00:00.000;2026 07;CMSHUB22;CMS - Cameron McKenna Nabarro Olswang LLP;Austria;Czech Republic;CZ;Lyra Health International Ltd;1;1;1;4
2026-07-01 00:00:00.000;2026 07;CMSHUB22;CMS - Cameron McKenna Nabarro Olswang LLP;China;;null;Lyra Health International Ltd;1;1;1;1
2026-07-01 00:00:00.000;2026 07;CMSHUB22;CMS - Cameron McKenna Nabarro Olswang LLP;China;China;CN;Lyra Health International Ltd;1;1;1;4
2026-07-01 00:00:00.000;2026 07;CMSHUB22;CMS - Cameron McKenna Nabarro Olswang LLP;Hungary;;null;Lyra Health International Ltd;1;1;1;1
2026-07-01 00:00:00.000;2026 07;CMSHUB22;CMS - Cameron McKenna Nabarro Olswang LLP;Hungary;Hungary;HU;Lyra Health International Ltd;1;1;4;37
2026-07-01 00:00:00.000;2026 07;CMSHUB22;CMS - Cameron McKenna Nabarro Olswang LLP;Singapore;;null;Lyra Health International Ltd;2;2;2;2
2026-07-01 00:00:00.000;2026 07;CMSHUB22;CMS - Cameron McKenna Nabarro Olswang LLP;Singapore;China;CN;Lyra Health International Ltd;2;2;2;8
2026-07-01 00:00:00.000;2026 07;CMSHUB22;CMS - Cameron McKenna Nabarro Olswang LLP;Ukraine;;null;Lyra Health International Ltd;1;1;1;1
2026-07-01 00:00:00.000;2026 07;CMSHUB22;CMS - Cameron McKenna Nabarro Olswang LLP;Ukraine;Ukraine;UA;Lyra Health International Ltd;1;1;1;38
2026-07-01 00:00:00.000;2026 07;CMSHUB22;CMS - Cameron McKenna Nabarro Olswang LLP;United Arab Emirates;;null;Lyra Health International Ltd;1;1;1;1
2026-07-01 00:00:00.000;2026 07;CMSHUB22;CMS - Cameron McKenna Nabarro Olswang LLP;United Arab Emirates;United Arab Emirates;AE;Lyra Health International Ltd;1;1;1;3
2026-07-01 00:00:00.000;2026 07;CMSHUB22;CMS - Cameron McKenna Nabarro Olswang LLP;United Kingdom;;null;Lyra Health International Ltd;2;2;4;6
2026-07-01 00:00:00.000;2026 07;CMSHUB22;CMS - Cameron McKenna Nabarro Olswang LLP;United Kingdom;Czech Republic;CZ;Lyra Health International Ltd;1;1;1;6
2026-07-01 00:00:00.000;2026 07;CMSHUB22;CMS - Cameron McKenna Nabarro Olswang LLP;United Kingdom;United Arab Emirates;AE;Lyra Health International Ltd;1;1;1;7
2026-07-01 00:00:00.000;2026 07;CNA;CNA;Belgium;;null;Lyra Health International Ltd;1;1;1;1
2026-07-01 00:00:00.000;2026 07;CNA;CNA;Belgium;Belgium;BE;Lyra Health International Ltd;1;1;1;7
2026-07-01 00:00:00.000;2026 07;CNA;CNA;United Kingdom;;null;Lyra Health International Ltd;2;2;2;2
2026-07-01 00:00:00.000;2026 07;CNA;CNA;United States of America;;null;Lyra Health International Ltd;1;1;1;1
2026-07-01 00:00:00.000;2026 07;CNH001;CNH Industrial AG and CE Pty Ltd;South Africa;;null;Lyra Southern Africa Pty Ltd;1;1;1;1
2026-07-01 00:00:00.000;2026 07;CNH001;CNH Industrial AG and CE Pty Ltd;South Africa;South Africa;ZA;Lyra Southern Africa Pty Ltd;1;1;1;11
2026-07-01 00:00:00.000;2026 07;CNS;Connaught Network Services;India;;null;Lyra Mental Health India Private Limited;2;2;2;2
2026-07-01 00:00:00.000;2026 07;CNS;Connaught Network Services;India;India;IN;Lyra Mental Health India Private Limited;1;1;1;1
2026-07-01 00:00:00.000;2026 07;COACH;Coach Stores;United Kingdom;;null;Lyra Health International Ltd;1;1;1;1
2026-07-01 00:00:00.000;2026 07;COACH;Coach Stores;United Kingdom;United Kingdom;GB;Lyra Health International Ltd;1;1;1;4
2026-07-01 00:00:00.000;2026 07;COATS;Coats Group;Austria;;null;Lyra Health International Ltd;1;1;1;1
2026-07-01 00:00:00.000;2026 07;COATS;Coats Group;Austria;Bulgaria;BG;Lyra Health International Ltd;1;1;1;2
2026-07-01 00:00:00.000;2026 07;COATS;Coats Group;Austria;Egypt;EG;Lyra Health International Ltd;1;1;1;6
2026-07-01 00:00:00.000;2026 07;COATS;Coats Group;Bangladesh;;null;Lyra Health International Ltd;1;1;1;1
2026-07-01 00:00:00.000;2026 07;COATS;Coats Group;Bangladesh;Bangladesh;BD;Lyra Health International Ltd;1;1;1;1
2026-07-01 00:00:00.000;2026 07;COATS;Coats Group;Bulgaria;;null;Lyra Health International Ltd;2;2;2;2
2026-07-01 00:00:00.000;2026 07;COATS;Coats Group;Bulgaria;Bulgaria;BG;Lyra Health International Ltd;2;2;4;40
2026-07-01 00:00:00.000;2026 07;COATS;Coats Group;Colombia;;null;Lyra Health International Ltd;4;4;4;4
2026-07-01 00:00:00.000;2026 07;COATS;Coats Group;Colombia;Colombia;CO;Lyra Health International Ltd;4;4;6;76
2026-07-01 00:00:00.000;2026 07;COATS;Coats Group;India;;null;Lyra Health International Ltd;4;5;5;5
2026-07-01 00:00:00.000;2026 07;COATS;Coats Group;India;India;IN;Lyra Health International Ltd;4;5;7;159
2026-07-01 00:00:00.000;2026 07;COATS;Coats Group;Indonesia;;null;Lyra Health International Ltd;3;4;4;4
2026-07-01 00:00:00.000;2026 07;COATS;Coats Group;Indonesia;Indonesia;ID;Lyra Health International Ltd;4;5;8;171
2026-07-01 00:00:00.000;2026 07;COATS;Coats Group;Israel;;null;Lyra Health International Ltd;1;1;1;1
2026-07-01 00:00:00.000;2026 07;COATS;Coats Group;Israel;Egypt;EG;Lyra Health International Ltd;1;1;4;126
2026-07-01 00:00:00.000;2026 07;COATS;Coats Group;Mexico;;null;Lyra Health International Ltd;4;4;4;4
2026-07-01 00:00:00.000;2026 07;COATS;Coats Group;Mexico;Honduras;HN;Lyra Health International Ltd;3;3;4;22
2026-07-01 00:00:00.000;2026 07;COATS;Coats Group;Mexico;Mexico;MX;Lyra Health International Ltd;1;2;4;57
2026-07-01 00:00:00.000;2026 07;COATS;Coats Group;New Zealand;;null;Lyra Health International Ltd;0;1;1;1
2026-07-01 00:00:00.000;2026 07;COATS;Coats Group;New Zealand;New Zealand;NZ;Lyra Health International Ltd;0;1;1;8
2026-07-01 00:00:00.000;2026 07;COATS;Coats Group;Philippines;;null;Lyra Health International Ltd;1;1;1;1
2026-07-01 00:00:00.000;2026 07;COATS;Coats Group;Philippines;Philippines;PH;Lyra Health International Ltd;1;1;1;3
2026-07-01 00:00:00.000;2026 07;COATS;Coats Group;Poland;;null;Lyra Health International Ltd;0;1;1;1
2026-07-01 00:00:00.000;2026 07;COATS;Coats Group;Poland;Romania;RO;Lyra Health International Ltd;0;1;1;3
2026-07-01 00:00:00.000;2026 07;COATS;Coats Group;Romania;;null;Lyra Health International Ltd;1;2;2;2
2026-07-01 00:00:00.000;2026 07;COATS;Coats Group;Romania;Hungary;HU;Lyra Health International Ltd;0;1;1;3
2026-07-01 00:00:00.000;2026 07;COATS;Coats Group;Romania;Romania;RO;Lyra Health International Ltd;1;1;1;3
2026-07-01 00:00:00.000;2026 07;COATS;Coats Group;United Arab Emirates;Egypt;EG;Lyra Health International Ltd;1;1;1;6
2026-07-01 00:00:00.000;2026 07;COATS;Coats Group;United Kingdom;;null;Lyra Health International Ltd;2;2;2;2
2026-07-01 00:00:00.000;2026 07;COATS;Coats Group;United Kingdom;United Kingdom;GB;Lyra Health International Ltd;2;2;2;54
2026-07-01 00:00:00.000;2026 07;COATS;Coats Group;United States of America;;null;Lyra Health International Ltd;1;1;1;1
2026-07-01 00:00:00.000;2026 07;COATS;Coats Group;United States of America;Indonesia;ID;Lyra Health International Ltd;1;1;1;44
2026-07-01 00:00:00.000;2026 07;COATS;Coats Group;Vietnam;;null;Lyra Health International Ltd;3;3;3;3
2026-07-01 00:00:00.000;2026 07;COATS;Coats Group;Vietnam;France;FR;Lyra Health International Ltd;1;1;1;3
2026-07-01 00:00:00.000;2026 07;COATS;Coats Group;Vietnam;Vietnam;VN;Lyra Health International Ltd;4;4;4;28
2026-07-01 00:00:00.000;2026 07;COC001;CoCre8 Technology Solutions (Pty) Ltd;South Africa;;null;Lyra Southern Africa Pty Ltd;1;1;1;1
2026-07-01 00:00:00.000;2026 07;COC001;CoCre8 Technology Solutions (Pty) Ltd;South Africa;South Africa;ZA;Lyra Southern Africa Pty Ltd;1;1;1;5
2026-07-01 00:00:00.000;2026 07;COC002;Coca Cola Sabco Proprietary Limited Rest of Africa;Malawi;;null;Lyra Southern Africa Pty Ltd;2;2;2;2
2026-07-01 00:00:00.000;2026 07;COC002;Coca Cola Sabco Proprietary Limited Rest of Africa;Malawi;Malawi;MW;Lyra Southern Africa Pty Ltd;2;2;2;17
2026-07-01 00:00:00.000;2026 07;COC003;Coca Cola Peninsula Beverages Pty LTD;South Africa;;null;Lyra Southern Africa Pty Ltd;4;5;5;6
2026-07-01 00:00:00.000;2026 07;COC003;Coca Cola Peninsula Beverages Pty LTD;South Africa;South Africa;ZA;Lyra Southern Africa Pty Ltd;4;9;11;102
2026-07-01 00:00:00.000;2026 07;COGNEX;cognex corporation;Italy;;null;Lyra Health International Ltd;1;1;1;1
2026-07-01 00:00:00.000;2026 07;COGNEX;cognex corporation;Italy;Italy;IT;Lyra Health International Ltd;1;1;1;2
2026-07-01 00:00:00.000;2026 07;COGNIALAW;Cognia Law;South Africa;;null;Lyra Health International Ltd;1;1;1;1
2026-07-01 00:00:00.000;2026 07;COGNIALAW;Cognia Law;South Africa;United Kingdom;GB;Lyra Health International Ltd;1;1;1;23
2026-07-01 00:00:00.000;2026 07;COHERENT;Coherent Inc;Germany;;null;Lyra Health International Ltd;4;4;4;5
2026-07-01 00:00:00.000;2026 07;COHERENT;Coherent Inc;Germany;Germany;DE;Lyra Health International Ltd;4;5;8;145
2026-07-01 00:00:00.000;2026 07;COL001;Coloplast;South Africa;;null;Lyra Southern Africa Pty Ltd;0;1;1;1
2026-07-01 00:00:00.000;2026 07;COL001;Coloplast;South Africa;South Africa;ZA;Lyra Southern Africa Pty Ltd;0;1;1;2
2026-07-01 00:00:00.000;2026 07;COM002;Computershare;South Africa;South Africa;ZA;Lyra Southern Africa Pty Ltd;0;1;1;1
2026-07-01 00:00:00.000;2026 07;COM005;Combined private investigation;South Africa;;null;Lyra Southern Africa Pty Ltd;1;1;1;1
2026-07-01 00:00:00.000;2026 07;COM005;Combined private investigation;South Africa;South Africa;ZA;Lyra Southern Africa Pty Ltd;1;1;3;14
2026-07-01 00:00:00.000;2026 07;COMMERZBANK;Commerzbank;Netherlands;;null;Lyra Netherlands BV;1;1;1;1
2026-07-01 00:00:00.000;2026 07;COMMERZBANK;Commerzbank;Netherlands;Netherlands;NL;Lyra Netherlands BV;2;2;2;10
2026-07-01 00:00:00.000;2026 07;CON006;CONCOR;South Africa;;null;Lyra Southern Africa Pty Ltd;0;3;3;3
2026-07-01 00:00:00.000;2026 07;CON006;CONCOR;South Africa;South Africa;ZA;Lyra Southern Africa Pty Ltd;0;3;5;49
2026-07-01 00:00:00.000;2026 07;CON008;Consumer Goods and Services Ombud;South Africa;;null;Lyra Southern Africa Pty Ltd;1;1;1;1
2026-07-01 00:00:00.000;2026 07;CON008;Consumer Goods and Services Ombud;South Africa;South Africa;ZA;Lyra Southern Africa Pty Ltd;1;2;2;6
2026-07-01 00:00:00.000;2026 07;CONTENTFULEAP;Contentful;Germany;;null;Lyra Schweiz GmbH;2;2;2;2
2026-07-01 00:00:00.000;2026 07;CONTENTFULEAP;Contentful;Germany;Germany;DE;Lyra Schweiz GmbH;2;2;3;11
2026-07-01 00:00:00.000;2026 07;CONTI284;Continental PJ;Malaysia;;null;Lyra Health Malaysia Sdn Bhd;1;2;2;2
2026-07-01 00:00:00.000;2026 07;CONTI284;Continental PJ;Malaysia;Malaysia;MY;Lyra Health Malaysia Sdn Bhd;1;2;4;31
2026-07-01 00:00:00.000;2026 07;CONTICARE;Continental;Mexico;;null;Lyra Mexico and Central America;1;1;1;1
2026-07-01 00:00:00.000;2026 07;CONTICARE;Continental;Mexico;Mexico;MX;Lyra Mexico and Central America;1;1;1;16
2026-07-01 00:00:00.000;2026 07;CONTINENTAL;Continental Hungary Group;Hungary;;null;Lyra Health Hungary Kft;3;3;3;3
2026-07-01 00:00:00.000;2026 07;CONTINENTAL;Continental Hungary Group;Hungary;Hungary;HU;Lyra Health Hungary Kft;3;4;4;46
2026-07-01 00:00:00.000;2026 07;COPYRIGHTCLEARANCE;Copyright Clearance;Romania;;null;Lyra Health International Ltd;1;1;1;1
2026-07-01 00:00:00.000;2026 07;COPYRIGHTCLEARANCE;Copyright Clearance;Romania;Romania;RO;Lyra Health International Ltd;1;1;1;1
2026-07-01 00:00:00.000;2026 07;COR002;Core Group (ZA Online Store);South Africa;;null;Lyra Southern Africa Pty Ltd;8;10;10;16
2026-07-01 00:00:00.000;2026 07;COR002;Core Group (ZA Online Store);South Africa;South Africa;ZA;Lyra Southern Africa Pty Ltd;7;9;13;100
2026-07-01 00:00:00.000;2026 07;CORTEVA;Corteva;Australia;;null;Lyra Health International Ltd;0;1;1;1
2026-07-01 00:00:00.000;2026 07;CORTEVA;Corteva;Austria;;null;Lyra Health International Ltd;3;4;4;4
2026-07-01 00:00:00.000;2026 07;CORTEVA;Corteva;Austria;Hungary;HU;Lyra Health International Ltd;2;2;2;5
2026-07-01 00:00:00.000;2026 07;CORTEVA;Corteva;Austria;Serbia;RS;Lyra Health International Ltd;1;1;1;14
2026-07-01 00:00:00.000;2026 07;CORTEVA;Corteva;Belgium;Belgium;BE;Lyra Health International Ltd;1;1;2;29
2026-07-01 00:00:00.000;2026 07;CORTEVA;Corteva;Brazil;;null;Lyra Health International Ltd;6;6;6;6
2026-07-01 00:00:00.000;2026 07;CORTEVA;Corteva;Brazil;Brazil;BR;Lyra Health International Ltd;6;6;7;41
2026-07-01 00:00:00.000;2026 07;CORTEVA;Corteva;Czech Republic;;null;Lyra Health International Ltd;0;1;1;1
2026-07-01 00:00:00.000;2026 07;CORTEVA;Corteva;Czech Republic;Slovakia;SK;Lyra Health International Ltd;0;1;1;7
2026-07-01 00:00:00.000;2026 07;CORTEVA;Corteva;Germany;;null;Lyra Health International Ltd;5;6;6;6
2026-07-01 00:00:00.000;2026 07;CORTEVA;Corteva;Germany;Belgium;BE;Lyra Health International Ltd;1;1;1;9
2026-07-01 00:00:00.000;2026 07;CORTEVA;Corteva;Germany;Germany;DE;Lyra Health International Ltd;2;2;2;37
2026-07-01 00:00:00.000;2026 07;CORTEVA;Corteva;Germany;Hungary;HU;Lyra Health International Ltd;2;2;2;3
2026-07-01 00:00:00.000;2026 07;CORTEVA;Corteva;India;;null;Lyra Health International Ltd;1;1;1;1
2026-07-01 00:00:00.000;2026 07;CORTEVA;Corteva;New Zealand;;null;Lyra Health International Ltd;1;1;1;1
2026-07-01 00:00:00.000;2026 07;CORTEVA;Corteva;New Zealand;New Zealand;NZ;Lyra Health International Ltd;1;1;2;26
2026-07-01 00:00:00.000;2026 07;CORTEVA;Corteva;Singapore;;null;Lyra Health International Ltd;1;1;1;1
2026-07-01 00:00:00.000;2026 07;CORTEVA;Corteva;Singapore;Singapore;SG;Lyra Health International Ltd;1;1;1;3
2026-07-01 00:00:00.000;2026 07;CORTEVA;Corteva;South Africa;;null;Lyra Health International Ltd;1;2;2;2
2026-07-01 00:00:00.000;2026 07;CORTEVA;Corteva;South Africa;South Africa;ZA;Lyra Health International Ltd;1;3;5;12
2026-07-01 00:00:00.000;2026 07;CORTEVA;Corteva;Spain;;null;Lyra Health International Ltd;6;9;9;9
2026-07-01 00:00:00.000;2026 07;CORTEVA;Corteva;Spain;Spain;ES;Lyra Health International Ltd;6;9;11;89
2026-07-01 00:00:00.000;2026 07;CORTEVA;Corteva;Turkey;;null;Lyra Health International Ltd;1;1;1;1
2026-07-01 00:00:00.000;2026 07;CORTEVA;Corteva;Turkey;Turkey;TR;Lyra Health International Ltd;2;2;2;4
2026-07-01 00:00:00.000;2026 07;CORTEVA;Corteva;United Kingdom;;null;Lyra Health International Ltd;2;3;3;3
2026-07-01 00:00:00.000;2026 07;CORTEVA;Corteva;United Kingdom;United Kingdom;GB;Lyra Health International Ltd;2;3;5;28
2026-07-01 00:00:00.000;2026 07;CORTEVA;Corteva;United States of America;;null;Lyra Health International Ltd;2;2;2;2
2026-07-01 00:00:00.000;2026 07;CORTEVA;Corteva;United States of America;United States of America;US;Lyra Health International Ltd;2;2;3;30
2026-07-01 00:00:00.000;2026 07;COUCHBASEHUB22;Couchbase;United Kingdom;;null;Lyra Health International Ltd;1;1;1;1
2026-07-01 00:00:00.000;2026 07;COUCHBASEHUB22;Couchbase;United Kingdom;Spain;ES;Lyra Health International Ltd;1;1;3;3
2026-07-01 00:00:00.000;2026 07;COVEREAP;Cover-More - India;India;;null;Lyra Health International Ltd;1;1;1;1
2026-07-01 00:00:00.000;2026 07;COVEREAP;Cover-More - India;India;India;IN;Lyra Health International Ltd;1;1;2;20
2026-07-01 00:00:00.000;2026 07;COVERMORE;Cover-More - Malaysia;India;;null;Lyra Health International Ltd;0;1;1;1
2026-07-01 00:00:00.000;2026 07;COVERMORE;Cover-More - Malaysia;India;Malaysia;MY;Lyra Health International Ltd;0;1;1;2
2026-07-01 00:00:00.000;2026 07;CP001;Cathay (Pilots);France;;null;Lyra Health International Ltd;1;1;1;1
2026-07-01 00:00:00.000;2026 07;CP001;Cathay (Pilots);France;Hong Kong;HK;Lyra Health International Ltd;1;1;1;18
2026-07-01 00:00:00.000;2026 07;CP001;Cathay (Pilots);Germany;;null;Lyra Health International Ltd;1;1;1;1
2026-07-01 00:00:00.000;2026 07;CP001;Cathay (Pilots);Germany;Hong Kong;HK;Lyra Health International Ltd;1;1;1;4
2026-07-01 00:00:00.000;2026 07;CP001;Cathay (Pilots);Hong Kong;;null;Lyra Health International Ltd;18;20;20;20
2026-07-01 00:00:00.000;2026 07;CP001;Cathay (Pilots);Hong Kong;Hong Kong;HK;Lyra Health International Ltd;18;21;30;212
2026-07-01 00:00:00.000;2026 07;CP001;Cathay (Pilots);India;;null;Lyra Health International Ltd;1;1;1;1
2026-07-01 00:00:00.000;2026 07;CP001;Cathay (Pilots);India;Hong Kong;HK;Lyra Health International Ltd;1;1;1;10
2026-07-01 00:00:00.000;2026 07;CP001;Cathay (Pilots);Macao;;null;Lyra Health International Ltd;1;1;1;1
2026-07-01 00:00:00.000;2026 07;CP001;Cathay (Pilots);Macao;Hong Kong;HK;Lyra Health International Ltd;1;1;1;24
2026-07-01 00:00:00.000;2026 07;CPS;CPS;Spain;;null;Lyra Spain SLU;6;9;9;12
2026-07-01 00:00:00.000;2026 07;CPS;CPS;Spain;Spain;ES;Lyra Spain SLU;8;12;14;121
2026-07-01 00:00:00.000;2026 07;CPS001;CPS Cornerstone Performance Solutions;South Africa;South Africa;ZA;Lyra Southern Africa Pty Ltd;1;1;1;1
2026-07-01 00:00:00.000;2026 07;CRO002;Crossroads Distribution;South Africa;;null;Lyra Southern Africa Pty Ltd;1;2;2;2
2026-07-01 00:00:00.000;2026 07;CRO002;Crossroads Distribution;South Africa;South Africa;ZA;Lyra Southern Africa Pty Ltd;1;2;3;22
2026-07-01 00:00:00.000;2026 07;CSI002;CSIR;South Africa;;null;Lyra Southern Africa Pty Ltd;1;2;2;2
2026-07-01 00:00:00.000;2026 07;CSI002;CSIR;South Africa;South Africa;ZA;Lyra Southern Africa Pty Ltd;1;3;7;26
2026-07-01 00:00:00.000;2026 07;CSL;CSL Behring;Australia;;null;Lyra;1;1;1;1
2026-07-01 00:00:00.000;2026 07;CSL;CSL Behring;Australia;Australia;AU;Lyra;1;1;1;5
2026-07-01 00:00:00.000;2026 07;CSL;CSL Behring;United States of America;;null;Lyra;2;2;2;3
2026-07-01 00:00:00.000;2026 07;CSL;CSL Behring;United States of America;Canada;CA;Lyra;1;1;3;111
2026-07-01 00:00:00.000;2026 07;CSL;CSL Behring;United States of America;Puerto Rico;PR;Lyra;1;1;1;5
2026-07-01 00:00:00.000;2026 07;CSO001;CSOS Community Schemes Ombud Services;South Africa;South Africa;ZA;Lyra Southern Africa Pty Ltd;0;1;1;8
2026-07-01 00:00:00.000;2026 07;CSTEST;CS Test;South Africa;;null;Lyra Health International Ltd;1;2;2;2
2026-07-01 00:00:00.000;2026 07;CSTEST;CS Test;South Africa;South Africa;ZA;Lyra Health International Ltd;1;3;5;29
2026-07-01 00:00:00.000;2026 07;CSTEST;CS Test;United States of America;;null;Lyra Health International Ltd;0;1;1;1
2026-07-01 00:00:00.000;2026 07;CSTEST;CS Test;United States of America;Philippines;PH;Lyra Health International Ltd;0;1;1;3
2026-07-01 00:00:00.000;2026 07;CTOTEST;CTO (Test Preview);United Kingdom;;null;Internal Testing Groups;0;1;1;1
2026-07-01 00:00:00.000;2026 07;CTOTEST;CTO (Test Preview);United Kingdom;United Kingdom;GB;Internal Testing Groups;0;1;1;3
2026-07-01 00:00:00.000;2026 07;CTOTEST;CTO (Test Preview);United States of America;;null;Internal Testing Groups;0;2;2;2
2026-07-01 00:00:00.000;2026 07;CTOTEST;CTO (Test Preview);United States of America;United Kingdom;GB;Internal Testing Groups;0;1;1;4
2026-07-01 00:00:00.000;2026 07;CTOTEST;CTO (Test Preview);United States of America;United States of America;US;Internal Testing Groups;0;1;2;15
2026-07-01 00:00:00.000;2026 07;CTOVIRTUALTEST;CTO Virtual Booking Test (Test Preview);United Kingdom;United Kingdom;GB;Internal Testing Groups;0;1;1;36
2026-07-01 00:00:00.000;2026 07;CTR001;CTrack SA;South Africa;;null;Lyra Southern Africa Pty Ltd;5;6;6;6
2026-07-01 00:00:00.000;2026 07;CTR001;CTrack SA;South Africa;South Africa;ZA;Lyra Southern Africa Pty Ltd;7;9;14;47
2026-07-01 00:00:00.000;2026 07;CTSEVENTIMEAP;CTS Eventim;Germany;;null;Lyra Deutschland GmBH;1;1;1;1
2026-07-01 00:00:00.000;2026 07;CTSEVENTIMEAP;CTS Eventim;Germany;Germany;DE;Lyra Deutschland GmBH;1;2;2;6
2026-07-01 00:00:00.000;2026 07;CULTIVASALUD;John Deere;Mexico;;null;Lyra Mexico and Central America;1;1;1;1
2026-07-01 00:00:00.000;2026 07;CULTIVASALUD;John Deere;Mexico;Mexico;MX;Lyra Mexico and Central America;1;1;2;9
2026-07-01 00:00:00.000;2026 07;CUM011;Cummins Africa;United Kingdom;Zambia;ZM;Lyra Southern Africa Pty Ltd;0;1;1;1
2026-07-01 00:00:00.000;2026 07;CUMMINS;Cummins;Argentina;Argentina;AR;ICAS Latina;0;1;2;2
2026-07-01 00:00:00.000;2026 07;CUMMINSMS;Cummins Mining;Mexico;;null;Lyra Mexico and Central America;0;1;1;1
2026-07-01 00:00:00.000;2026 07;CUMMINSMS;Cummins Mining;Mexico;Mexico;MX;Lyra Mexico and Central America;0;1;1;6
2026-07-01 00:00:00.000;2026 07;CVANGUARDIA;CERRO VANGUARDIA;Argentina;;null;ICAS Latina;14;14;14;16
2026-07-01 00:00:00.000;2026 07;CVANGUARDIA;CERRO VANGUARDIA;Argentina;Argentina;AR;ICAS Latina;14;14;19;167
2026-07-01 00:00:00.000;2026 07;CVANGUARDIA;CERRO VANGUARDIA;Canada;;null;ICAS Latina;1;1;1;1
2026-07-01 00:00:00.000;2026 07;CVANGUARDIA;CERRO VANGUARDIA;Canada;Argentina;AR;ICAS Latina;1;1;1;3
2026-07-01 00:00:00.000;2026 07;CXFORT;CX FORT;Malta;;null;Lyra Health International Ltd;2;3;3;3
2026-07-01 00:00:00.000;2026 07;CXFORT;CX FORT;Malta;Malta;MT;Lyra Health International Ltd;2;4;16;74
2026-07-01 00:00:00.000;2026 07;CXP001;Cathay Pacific;China;;null;Lyra Health International Ltd;1;1;1;1
2026-07-01 00:00:00.000;2026 07;CXP001;Cathay Pacific;China;China;CN;Lyra Health International Ltd;1;1;1;4
2026-07-01 00:00:00.000;2026 07;CXP001;Cathay Pacific;Cyprus;Hong Kong;HK;Lyra Health International Ltd;0;1;1;3
2026-07-01 00:00:00.000;2026 07;CXP001;Cathay Pacific;Hong Kong;;null;Lyra Health International Ltd;23;25;26;26
2026-07-01 00:00:00.000;2026 07;CXP001;Cathay Pacific;Hong Kong;Hong Kong;HK;Lyra Health International Ltd;23;27;36;401
2026-07-01 00:00:00.000;2026 07;CXP001;Cathay Pacific;Hong Kong;Republic of Korea;KR;Lyra Health International Ltd;1;1;1;10
2026-07-01 00:00:00.000;2026 07;CXP001;Cathay Pacific;India;;null;Lyra Health International Ltd;2;2;2;2
2026-07-01 00:00:00.000;2026 07;CXP001;Cathay Pacific;India;India;IN;Lyra Health International Ltd;2;2;2;9
2026-07-01 00:00:00.000;2026 07;CXP001;Cathay Pacific;Philippines;;null;Lyra Health International Ltd;2;2;2;2
2026-07-01 00:00:00.000;2026 07;CXP001;Cathay Pacific;Philippines;Philippines;PH;Lyra Health International Ltd;2;2;2;32
2026-07-01 00:00:00.000;2026 07;CXP001;Cathay Pacific;United Kingdom;;null;Lyra Health International Ltd;4;5;7;7
2026-07-01 00:00:00.000;2026 07;CXP001;Cathay Pacific;United Kingdom;Italy;IT;Lyra Health International Ltd;0;1;1;2
2026-07-01 00:00:00.000;2026 07;CXP001;Cathay Pacific;United Kingdom;United Kingdom;GB;Lyra Health International Ltd;4;4;9;60
2026-07-01 00:00:00.000;2026 07;CXP001;Cathay Pacific;United States of America;;null;Lyra Health International Ltd;1;1;1;1
2026-07-01 00:00:00.000;2026 07;CXP001;Cathay Pacific;United States of America;Hong Kong;HK;Lyra Health International Ltd;1;1;4;27
2026-07-01 00:00:00.000;2026 07;CYCNA;CYCNA (Cementos y Concretos Nacionales);Mexico;;null;Lyra Mexico and Central America;3;3;3;3
2026-07-01 00:00:00.000;2026 07;CYCNA;CYCNA (Cementos y Concretos Nacionales);Mexico;Mexico;MX;Lyra Mexico and Central America;3;3;8;57
2026-07-01 00:00:00.000;2026 07;D2LHUB22;D2L;Canada;;null;Lyra Health International Ltd;3;3;3;3
2026-07-01 00:00:00.000;2026 07;D2LHUB22;D2L;Canada;Canada;CA;Lyra Health International Ltd;3;3;4;32
2026-07-01 00:00:00.000;2026 07;D2LHUB22;D2L;United States of America;;null;Lyra Health International Ltd;1;2;2;2
2026-07-01 00:00:00.000;2026 07;D2LHUB22;D2L;United States of America;United States of America;US;Lyra Health International Ltd;1;2;2;16
2026-07-01 00:00:00.000;2026 07;DAB;DAB Water Technology (Dwt Holding S.P.A);Italy;;null;Lyra Health International Ltd;4;4;4;4
2026-07-01 00:00:00.000;2026 07;DAB;DAB Water Technology (Dwt Holding S.P.A);Italy;Italy;IT;Lyra Health International Ltd;2;2;3;25
2026-07-01 00:00:00.000;2026 07;DAB;DAB Water Technology (Dwt Holding S.P.A);Italy;Kazakhstan;KZ;Lyra Health International Ltd;1;1;1;6
2026-07-01 00:00:00.000;2026 07;DAB;DAB Water Technology (Dwt Holding S.P.A);Netherlands;;null;Lyra Health International Ltd;1;1;1;1
2026-07-01 00:00:00.000;2026 07;DAB;DAB Water Technology (Dwt Holding S.P.A);Netherlands;Netherlands;NL;Lyra Health International Ltd;1;1;1;6
2026-07-01 00:00:00.000;2026 07;DAB;DAB Water Technology (Dwt Holding S.P.A);Poland;;null;Lyra Health International Ltd;1;1;1;1
2026-07-01 00:00:00.000;2026 07;DAB;DAB Water Technology (Dwt Holding S.P.A);Poland;Poland;PL;Lyra Health International Ltd;1;1;2;26
2026-07-01 00:00:00.000;2026 07;DAB;DAB Water Technology (Dwt Holding S.P.A);United Kingdom;;null;Lyra Health International Ltd;1;1;1;1
2026-07-01 00:00:00.000;2026 07;DAB;DAB Water Technology (Dwt Holding S.P.A);United Kingdom;United Kingdom;GB;Lyra Health International Ltd;1;1;3;33
2026-07-01 00:00:00.000;2026 07;DACOMSA;Dacomsa;Mexico;;null;Lyra Mexico and Central America;8;10;13;14
2026-07-01 00:00:00.000;2026 07;DACOMSA;Dacomsa;Mexico;Mexico;MX;Lyra Mexico and Central America;8;10;19;147
2026-07-01 00:00:00.000;2026 07;DAL001;Daly Credit Corporation;South Africa;;null;Lyra Southern Africa Pty Ltd;28;29;28;29
2026-07-01 00:00:00.000;2026 07;DAL001;Daly Credit Corporation;South Africa;South Africa;ZA;Lyra Southern Africa Pty Ltd;28;29;40;174
2026-07-01 00:00:00.000;2026 07;DAL002;DAL Dept of Agri Land Reform and Rural Dev;South Africa;;null;Lyra Southern Africa Pty Ltd;1;1;2;2
2026-07-01 00:00:00.000;2026 07;DAS001;Dash BPO;South Africa;;null;Lyra Southern Africa Pty Ltd;4;4;4;4
2026-07-01 00:00:00.000;2026 07;DAS001;Dash BPO;South Africa;South Africa;ZA;Lyra Southern Africa Pty Ltd;4;4;9;62
2026-07-01 00:00:00.000;2026 07;DAT001;DataDrive2030 NPC;South Africa;;null;Lyra Southern Africa Pty Ltd;1;1;1;1
2026-07-01 00:00:00.000;2026 07;DAT001;DataDrive2030 NPC;South Africa;South Africa;ZA;Lyra Southern Africa Pty Ltd;1;1;1;3
2026-07-01 00:00:00.000;2026 07;DATA3;Data#3 Limited;Australia;;null;Lyra Health International Ltd;0;1;1;1
2026-07-01 00:00:00.000;2026 07;DATA3;Data#3 Limited;Australia;Fiji;FJ;Lyra Health International Ltd;0;1;2;15
2026-07-01 00:00:00.000;2026 07;DATALOGIC;Datalogic;Malta;;null;Lyra Health International Ltd;3;4;4;4
2026-07-01 00:00:00.000;2026 07;DATALOGIC;Datalogic;Malta;Malta;MT;Lyra Health International Ltd;3;4;12;67
2026-07-01 00:00:00.000;2026 07;DATALOGIC;Datalogic;Malta;North Macedonia;MK;Lyra Health International Ltd;0;1;1;3
2026-07-01 00:00:00.000;2026 07;DAWXLYRA;Dubai Air Wing (DAW);United Arab Emirates;;null;Lyra Health International Ltd (DMCC) Branch (MENA);2;2;2;2
2026-07-01 00:00:00.000;2026 07;DAWXLYRA;Dubai Air Wing (DAW);United Arab Emirates;United Arab Emirates;AE;Lyra Health International Ltd (DMCC) Branch (MENA);3;3;9;56
2026-07-01 00:00:00.000;2026 07;DBS001;DBSA Development Bank of SA;South Africa;;null;Lyra Southern Africa Pty Ltd;6;8;8;8
2026-07-01 00:00:00.000;2026 07;DBS001;DBSA Development Bank of SA;South Africa;South Africa;ZA;Lyra Southern Africa Pty Ltd;8;10;16;75
2026-07-01 00:00:00.000;2026 07;DEA001;DealersOnline PTY Ltd;South Africa;South Africa;ZA;Lyra Southern Africa Pty Ltd;0;1;1;18
2026-07-01 00:00:00.000;2026 07;DEAPXICAS;Deloitte ME;;;null;Lyra Health International Ltd (DMCC) Branch (MENA);2;3;3;3
2026-07-01 00:00:00.000;2026 07;DEAPXICAS;Deloitte ME;;Saudi Arabia;SA;Lyra Health International Ltd (DMCC) Branch (MENA);2;2;2;8
2026-07-01 00:00:00.000;2026 07;DEAPXICAS;Deloitte ME;;United Arab Emirates;AE;Lyra Health International Ltd (DMCC) Branch (MENA);1;2;2;3
2026-07-01 00:00:00.000;2026 07;DEAPXICAS;Deloitte ME;Egypt;;null;Lyra Health International Ltd (DMCC) Branch (MENA);1;1;1;1
2026-07-01 00:00:00.000;2026 07;DEAPXICAS;Deloitte ME;Egypt;Egypt;EG;Lyra Health International Ltd (DMCC) Branch (MENA);2;2;3;11
2026-07-01 00:00:00.000;2026 07;DEAPXICAS;Deloitte ME;Lebanon;;null;Lyra Health International Ltd (DMCC) Branch (MENA);1;1;1;1
2026-07-01 00:00:00.000;2026 07;DEAPXICAS;Deloitte ME;Lebanon;Lebanon;LB;Lyra Health International Ltd (DMCC) Branch (MENA);1;1;5;40
2026-07-01 00:00:00.000;2026 07;DEAPXICAS;Deloitte ME;Qatar;;null;Lyra Health International Ltd (DMCC) Branch (MENA);0;1;1;1
2026-07-01 00:00:00.000;2026 07;DEAPXICAS;Deloitte ME;Qatar;Qatar;QA;Lyra Health International Ltd (DMCC) Branch (MENA);0;1;2;28
2026-07-01 00:00:00.000;2026 07;DEAPXICAS;Deloitte ME;Saudi Arabia;;null;Lyra Health International Ltd (DMCC) Branch (MENA);2;2;2;2
2026-07-01 00:00:00.000;2026 07;DEAPXICAS;Deloitte ME;Saudi Arabia;Saudi Arabia;SA;Lyra Health International Ltd (DMCC) Branch (MENA);3;3;5;15
2026-07-01 00:00:00.000;2026 07;DEAPXICAS;Deloitte ME;United Arab Emirates;;null;Lyra Health International Ltd (DMCC) Branch (MENA);1;1;1;1
2026-07-01 00:00:00.000;2026 07;DEAPXICAS;Deloitte ME;United Arab Emirates;United Arab Emirates;AE;Lyra Health International Ltd (DMCC) Branch (MENA);1;1;1;4
2026-07-01 00:00:00.000;2026 07;DEBEERS;De Beers;Botswana;;null;Lyra Health International Ltd;2;3;3;3
2026-07-01 00:00:00.000;2026 07;DEBEERS;De Beers;Botswana;Botswana;BW;Lyra Health International Ltd;2;4;11;58
2026-07-01 00:00:00.000;2026 07;DEBEERS;De Beers;South Africa;;null;Lyra Health International Ltd;14;14;16;16
2026-07-01 00:00:00.000;2026 07;DEBEERS;De Beers;South Africa;South Africa;ZA;Lyra Health International Ltd;14;14;18;85
2026-07-01 00:00:00.000;2026 07;DECHRAEAP;Dechra;Croatia;Croatia;HR;Lyra Health International Ltd;0;1;1;2
2026-07-01 00:00:00.000;2026 07;DEERNSHUBTEST;Barnes (Test Preview);Switzerland;;null;Lyra Italy SRL;1;1;1;2
2026-07-01 00:00:00.000;2026 07;DEERNSHUBTEST;Barnes (Test Preview);Switzerland;Italy;IT;Lyra Italy SRL;1;1;1;12
2026-07-01 00:00:00.000;2026 07;DEL002;Delta Property Asset Management;South Africa;;null;Lyra Southern Africa Pty Ltd;1;1;1;2
2026-07-01 00:00:00.000;2026 07;DEL002;Delta Property Asset Management;South Africa;South Africa;ZA;Lyra Southern Africa Pty Ltd;1;1;1;2
2026-07-01 00:00:00.000;2026 07;DEMO;DEMO (Test Preview);Mexico;;null;Lyra Health International Ltd;1;3;7;7
2026-07-01 00:00:00.000;2026 07;DEMO;DEMO (Test Preview);Mexico;Malta;MT;Lyra Health International Ltd;1;3;6;59
2026-07-01 00:00:00.000;2026 07;DEN001;DENOSA;South Africa;;null;Lyra Southern Africa Pty Ltd;1;1;1;1
2026-07-01 00:00:00.000;2026 07;DEN001;DENOSA;South Africa;South Africa;ZA;Lyra Southern Africa Pty Ltd;1;2;2;27
2026-07-01 00:00:00.000;2026 07;DENSOEAP;Denso;Canada;Germany;DE;Lyra Deutschland GmBH;1;1;1;5
2026-07-01 00:00:00.000;2026 07;DENSOEAP;Denso;Germany;;null;Lyra Deutschland GmBH;5;5;5;5
2026-07-01 00:00:00.000;2026 07;DENSOEAP;Denso;Germany;Germany;DE;Lyra Deutschland GmBH;5;5;7;63
2026-07-01 00:00:00.000;2026 07;DENSOEAP;Denso;United States of America;;null;Lyra Deutschland GmBH;1;1;1;1
2026-07-01 00:00:00.000;2026 07;DENSOEAP;Denso;United States of America;Germany;DE;Lyra Deutschland GmBH;1;1;1;2
2026-07-01 00:00:00.000;2026 07;DEP001;Department of Small Business Development;South Africa;South Africa;ZA;Lyra Southern Africa Pty Ltd;0;1;2;2
2026-07-01 00:00:00.000;2026 07;DEP003;Department of Telecommunications and Postal Services;South Africa;;null;Lyra Southern Africa Pty Ltd;1;1;1;1
2026-07-01 00:00:00.000;2026 07;DEP003;Department of Telecommunications and Postal Services;South Africa;South Africa;ZA;Lyra Southern Africa Pty Ltd;1;2;2;6
2026-07-01 00:00:00.000;2026 07;DEP005;Department of Planning Monitoring and Evaluation;South Africa;;null;Lyra Southern Africa Pty Ltd;2;2;2;2
2026-07-01 00:00:00.000;2026 07;DEP005;Department of Planning Monitoring and Evaluation;South Africa;South Africa;ZA;Lyra Southern Africa Pty Ltd;2;2;2;18
2026-07-01 00:00:00.000;2026 07;DEP009;Department of Minerals and Petroleum Resources;South Africa;;null;Lyra Southern Africa Pty Ltd;14;16;16;18
2026-07-01 00:00:00.000;2026 07;DEP009;Department of Minerals and Petroleum Resources;South Africa;South Africa;ZA;Lyra Southern Africa Pty Ltd;13;19;24;138
2026-07-01 00:00:00.000;2026 07;DES002;Desmond Tutu Health Foundation;South Africa;;null;Lyra Southern Africa Pty Ltd;3;3;3;3
2026-07-01 00:00:00.000;2026 07;DES002;Desmond Tutu Health Foundation;South Africa;South Africa;ZA;Lyra Southern Africa Pty Ltd;3;3;4;19
2026-07-01 00:00:00.000;2026 07;DEUTSCHEBANK;Deutsche Bank;Germany;;null;Lyra Schweiz GmbH;59;65;65;66
2026-07-01 00:00:00.000;2026 07;DEUTSCHEBANK;Deutsche Bank;Germany;Germany;DE;Lyra Schweiz GmbH;65;74;106;892
2026-07-01 00:00:00.000;2026 07;DEUTSCHEBANK;Deutsche Bank;Italy;;null;Lyra Schweiz GmbH;2;2;2;2
2026-07-01 00:00:00.000;2026 07;DEUTSCHEBANK;Deutsche Bank;Italy;Italy;IT;Lyra Schweiz GmbH;2;2;3;6
2026-07-01 00:00:00.000;2026 07;DEUTSCHEBANK;Deutsche Bank;United States of America;;null;Lyra Schweiz GmbH;3;3;3;3
2026-07-01 00:00:00.000;2026 07;DEUTSCHEBANK;Deutsche Bank;United States of America;Germany;DE;Lyra Schweiz GmbH;4;4;5;24
2026-07-01 00:00:00.000;2026 07;DEUTSCHEBANKHAMELN;Deutsche Bank Hameln;Germany;;null;Lyra Deutschland GmBH;1;2;2;2
2026-07-01 00:00:00.000;2026 07;DEUTSCHEBANKHAMELN;Deutsche Bank Hameln;Germany;Germany;DE;Lyra Deutschland GmBH;1;2;2;54
2026-07-01 00:00:00.000;2026 07;DEUTSCHEBANKIT;Deutsche Bank Italia;Italy;;null;Lyra Italy SRL;9;9;9;9
2026-07-01 00:00:00.000;2026 07;DEUTSCHEBANKIT;Deutsche Bank Italia;Italy;Italy;IT;Lyra Italy SRL;9;9;13;86
2026-07-01 00:00:00.000;2026 07;DEUTSCHEEAP;Deutsche Bank;Spain;;null;Lyra Health International Ltd;2;2;2;2
2026-07-01 00:00:00.000;2026 07;DEUTSCHEEAP;Deutsche Bank;Spain;Spain;ES;Lyra Health International Ltd;2;2;3;12
2026-07-01 00:00:00.000;2026 07;DFSAXICAS;Dubai Financial Services Authority;United Arab Emirates;United Arab Emirates;AE;Lyra Health International Ltd (DMCC) Branch (MENA);0;1;1;2
2026-07-01 00:00:00.000;2026 07;DGFMX;DHL México;Mexico;;null;Lyra Mexico and Central America;4;6;6;6
2026-07-01 00:00:00.000;2026 07;DGFMX;DHL México;Mexico;Mexico;MX;Lyra Mexico and Central America;4;8;10;49
2026-07-01 00:00:00.000;2026 07;DGM001;DGMT The DG Murray Trust;South Africa;;null;Lyra Southern Africa Pty Ltd;2;2;2;2
2026-07-01 00:00:00.000;2026 07;DGM001;DGMT The DG Murray Trust;South Africa;South Africa;ZA;Lyra Southern Africa Pty Ltd;2;2;7;26
2026-07-01 00:00:00.000;2026 07;DHA001;DHA Department of Home Affairs;South Africa;;null;Lyra Southern Africa Pty Ltd;10;12;12;12
2026-07-01 00:00:00.000;2026 07;DHA001;DHA Department of Home Affairs;South Africa;South Africa;ZA;Lyra Southern Africa Pty Ltd;10;13;16;114
2026-07-01 00:00:00.000;2026 07;DIALPAD;Dialpad;Philippines;;null;Lyra Health International Ltd;1;1;1;1
2026-07-01 00:00:00.000;2026 07;DIALPAD;Dialpad;Philippines;Philippines;PH;Lyra Health International Ltd;1;1;1;3
2026-07-01 00:00:00.000;2026 07;DIALPAD;Dialpad;United States of America;;null;Lyra Health International Ltd;1;1;1;1
2026-07-01 00:00:00.000;2026 07;DIALPAD;Dialpad;United States of America;Argentina;AR;Lyra Health International Ltd;1;1;1;15
2026-07-01 00:00:00.000;2026 07;DIE002;Die Humansdorpse Landbou Koöperasie Ltd;South Africa;South Africa;ZA;Lyra Southern Africa Pty Ltd;1;1;1;6
2026-07-01 00:00:00.000;2026 07;DIVERSION;Diversion Holding BV;Netherlands;;null;Lyra Netherlands BV;1;1;1;1
2026-07-01 00:00:00.000;2026 07;DIVERSION;Diversion Holding BV;Netherlands;Netherlands;NL;Lyra Netherlands BV;1;1;2;6
2026-07-01 00:00:00.000;2026 07;DLA001;DLA Piper;Austria;;null;Lyra Health International Ltd;1;1;1;1
2026-07-01 00:00:00.000;2026 07;DLA001;DLA Piper;Austria;Austria;AT;Lyra Health International Ltd;1;1;2;8
2026-07-01 00:00:00.000;2026 07;DLA001;DLA Piper;Belgium;;null;Lyra Health International Ltd;1;1;1;1
2026-07-01 00:00:00.000;2026 07;DLA001;DLA Piper;Belgium;Belgium;BE;Lyra Health International Ltd;1;1;1;2
2026-07-01 00:00:00.000;2026 07;DLA001;DLA Piper;Ghana;;null;Lyra Health International Ltd;2;3;3;3
2026-07-01 00:00:00.000;2026 07;DLA001;DLA Piper;Ghana;Ghana;GH;Lyra Health International Ltd;2;3;9;92
2026-07-01 00:00:00.000;2026 07;DLA001;DLA Piper;Ireland;;null;Lyra Health International Ltd;1;1;1;1
2026-07-01 00:00:00.000;2026 07;DLA001;DLA Piper;Ireland;Ireland;IE;Lyra Health International Ltd;1;1;1;1
2026-07-01 00:00:00.000;2026 07;DLA001;DLA Piper;Kenya;;null;Lyra Health International Ltd;1;2;2;2
2026-07-01 00:00:00.000;2026 07;DLA001;DLA Piper;Kenya;Kenya;KE;Lyra Health International Ltd;2;4;4;15
2026-07-01 00:00:00.000;2026 07;DLA001;DLA Piper;Kenya;South Africa;ZA;Lyra Health International Ltd;1;1;1;7
2026-07-01 00:00:00.000;2026 07;DLA001;DLA Piper;Netherlands;;null;Lyra Health International Ltd;0;1;1;1
2026-07-01 00:00:00.000;2026 07;DLA001;DLA Piper;Netherlands;Netherlands;NL;Lyra Health International Ltd;0;1;1;15
2026-07-01 00:00:00.000;2026 07;DLA001;DLA Piper;South Africa;;null;Lyra Health International Ltd;2;3;3;3
2026-07-01 00:00:00.000;2026 07;DLA001;DLA Piper;South Africa;South Africa;ZA;Lyra Health International Ltd;1;1;1;4
2026-07-01 00:00:00.000;2026 07;DLA001;DLA Piper;South Africa;Tanzania;TZ;Lyra Health International Ltd;1;1;1;2
2026-07-01 00:00:00.000;2026 07;DLA001;DLA Piper;Spain;;null;Lyra Health International Ltd;1;1;1;1
2026-07-01 00:00:00.000;2026 07;DLA001;DLA Piper;Spain;Spain;ES;Lyra Health International Ltd;1;1;2;7
2026-07-01 00:00:00.000;2026 07;DLA001;DLA Piper;United Kingdom;;null;Lyra Health International Ltd;4;5;5;5
2026-07-01 00:00:00.000;2026 07;DLA001;DLA Piper;United Kingdom;United Kingdom;GB;Lyra Health International Ltd;4;5;6;78
2026-07-01 00:00:00.000;2026 07;DLA001;DLA Piper;Zambia;;null;Lyra Health International Ltd;1;1;1;1
2026-07-01 00:00:00.000;2026 07;DLA001;DLA Piper;Zambia;Zambia;ZM;Lyra Health International Ltd;1;1;1;4
2026-07-01 00:00:00.000;2026 07;DLA001;DLA Piper;Zimbabwe;;null;Lyra Health International Ltd;0;2;2;2
2026-07-01 00:00:00.000;2026 07;DLA001;DLA Piper;Zimbabwe;Zimbabwe;ZW;Lyra Health International Ltd;0;2;5;28
2026-07-01 00:00:00.000;2026 07;DMUDXB;De Montfort University Dubai;Poland;;null;Lyra Health International Ltd (DMCC) Branch (MENA);1;1;2;2
2026-07-01 00:00:00.000;2026 07;DMUDXB;De Montfort University Dubai;Poland;United Arab Emirates;AE;Lyra Health International Ltd (DMCC) Branch (MENA);1;1;7;32
2026-07-01 00:00:00.000;2026 07;DMUDXB;De Montfort University Dubai;United Arab Emirates;;null;Lyra Health International Ltd (DMCC) Branch (MENA);0;1;1;1
2026-07-01 00:00:00.000;2026 07;DMUDXB;De Montfort University Dubai;United Arab Emirates;United Arab Emirates;AE;Lyra Health International Ltd (DMCC) Branch (MENA);1;3;5;56
2026-07-01 00:00:00.000;2026 07;DOMESTICANDGENERAL;Domestic And General;Australia;;null;Lyra Health International Ltd;2;2;2;2
2026-07-01 00:00:00.000;2026 07;DOMESTICANDGENERAL;Domestic And General;Australia;Australia;AU;Lyra Health International Ltd;2;2;4;38
2026-07-01 00:00:00.000;2026 07;DOMESTICANDGENERAL;Domestic And General;Germany;;null;Lyra Health International Ltd;0;1;1;1
2026-07-01 00:00:00.000;2026 07;DOMESTICANDGENERAL;Domestic And General;Germany;Germany;DE;Lyra Health International Ltd;0;1;2;7
2026-07-01 00:00:00.000;2026 07;DOMESTICANDGENERAL;Domestic And General;Spain;;null;Lyra Health International Ltd;0;1;1;1
2026-07-01 00:00:00.000;2026 07;DOMESTICANDGENERAL;Domestic And General;Spain;Spain;ES;Lyra Health International Ltd;1;2;7;21
2026-07-01 00:00:00.000;2026 07;DOMESTICANDGENERAL;Domestic And General;United Kingdom;;null;Lyra Health International Ltd;1;1;1;1
2026-07-01 00:00:00.000;2026 07;DOMESTICANDGENERAL;Domestic And General;United Kingdom;Australia;AU;Lyra Health International Ltd;1;1;1;11
2026-07-01 00:00:00.000;2026 07;DOMO;DOMO;India;;null;Lyra Health International Ltd;2;2;2;2
2026-07-01 00:00:00.000;2026 07;DOMO;DOMO;India;India;IN;Lyra Health International Ltd;2;2;2;10
2026-07-01 00:00:00.000;2026 07;DOMO;DOMO;Japan;;null;Lyra Health International Ltd;2;2;2;2
2026-07-01 00:00:00.000;2026 07;DOMO;DOMO;Japan;Japan;JP;Lyra Health International Ltd;2;2;2;6
2026-07-01 00:00:00.000;2026 07;DOWEAP;Dow;Brazil;;null;Lyra Health International Ltd;1;1;1;1
2026-07-01 00:00:00.000;2026 07;DOWEAP;Dow;Brazil;Brazil;BR;Lyra Health International Ltd;1;1;1;13
2026-07-01 00:00:00.000;2026 07;DOWEAP;Dow;Colombia;Colombia;CO;Lyra Health International Ltd;1;1;2;2
2026-07-01 00:00:00.000;2026 07;DOWEAP;Dow;Germany;;null;Lyra Health International Ltd;1;1;1;1
2026-07-01 00:00:00.000;2026 07;DOWEAP;Dow;Germany;Germany;DE;Lyra Health International Ltd;2;2;2;30
2026-07-01 00:00:00.000;2026 07;DOWEAP;Dow;Italy;;null;Lyra Health International Ltd;0;1;1;1
2026-07-01 00:00:00.000;2026 07;DOWEAP;Dow;Italy;Italy;IT;Lyra Health International Ltd;0;1;1;4
2026-07-01 00:00:00.000;2026 07;DOWEAP;Dow;Netherlands;Netherlands;NL;Lyra Health International Ltd;1;1;1;1
2026-07-01 00:00:00.000;2026 07;DOWEAP;Dow;United Kingdom;United Kingdom;GB;Lyra Health International Ltd;1;1;1;3
2026-07-01 00:00:00.000;2026 07;DOWEAP;Dow;United States of America;United Kingdom;GB;Lyra Health International Ltd;1;1;1;1
2026-07-01 00:00:00.000;2026 07;DRA001;DRA Projects;Ghana;;null;Lyra Southern Africa Pty Ltd;1;1;1;1
2026-07-01 00:00:00.000;2026 07;DRA001;DRA Projects;Ghana;South Africa;ZA;Lyra Southern Africa Pty Ltd;1;1;2;13
2026-07-01 00:00:00.000;2026 07;DRA001;DRA Projects;Netherlands;;null;Lyra Southern Africa Pty Ltd;1;1;1;1
2026-07-01 00:00:00.000;2026 07;DRA001;DRA Projects;Netherlands;South Africa;ZA;Lyra Southern Africa Pty Ltd;1;1;2;15
2026-07-01 00:00:00.000;2026 07;DRA001;DRA Projects;South Africa;;null;Lyra Southern Africa Pty Ltd;7;11;11;11
2026-07-01 00:00:00.000;2026 07;DRA001;DRA Projects;South Africa;South Africa;ZA;Lyra Southern Africa Pty Ltd;7;11;27;192
2026-07-01 00:00:00.000;2026 07;DRE001;Dream Hotels and Resorts;Canada;;null;Lyra Southern Africa Pty Ltd;0;1;1;1
2026-07-01 00:00:00.000;2026 07;DRE001;Dream Hotels and Resorts;Canada;South Africa;ZA;Lyra Southern Africa Pty Ltd;0;1;1;3
2026-07-01 00:00:00.000;2026 07;DRE001;Dream Hotels and Resorts;South Africa;;null;Lyra Southern Africa Pty Ltd;3;3;3;3
2026-07-01 00:00:00.000;2026 07;DRE001;Dream Hotels and Resorts;South Africa;South Africa;ZA;Lyra Southern Africa Pty Ltd;5;5;5;46
2026-07-01 00:00:00.000;2026 07;DRS003;Diagnostic Radiological Services Incorporated;South Africa;;null;Lyra Southern Africa Pty Ltd;2;2;2;2
2026-07-01 00:00:00.000;2026 07;DRS003;Diagnostic Radiological Services Incorporated;South Africa;South Africa;ZA;Lyra Southern Africa Pty Ltd;2;3;4;33
2026-07-01 00:00:00.000;2026 07;DSI;DSI Underground Australia Pty Limited;Indonesia;;null;Lyra Health International Ltd;1;2;2;2
2026-07-01 00:00:00.000;2026 07;DSI;DSI Underground Australia Pty Limited;Indonesia;Indonesia;ID;Lyra Health International Ltd;1;2;6;47
2026-07-01 00:00:00.000;2026 07;DSI001;DSI Department of Science and Innovation;South Africa;South Africa;ZA;Lyra Southern Africa Pty Ltd;0;1;1;1
2026-07-01 00:00:00.000;2026 07;DSV001;DSV;South Africa;;null;Lyra Southern Africa Pty Ltd;7;11;12;13
2026-07-01 00:00:00.000;2026 07;DSV001;DSV;South Africa;South Africa;ZA;Lyra Southern Africa Pty Ltd;11;15;17;198
2026-07-01 00:00:00.000;2026 07;DSV001;DSV;United States of America;;null;Lyra Southern Africa Pty Ltd;2;2;2;2
2026-07-01 00:00:00.000;2026 07;DSV001;DSV;United States of America;South Africa;ZA;Lyra Southern Africa Pty Ltd;2;2;3;23
2026-07-01 00:00:00.000;2026 07;DUB001;Dube Trade Port Corporation;South Africa;;null;Lyra Southern Africa Pty Ltd;2;3;3;3
2026-07-01 00:00:00.000;2026 07;DUB001;Dube Trade Port Corporation;South Africa;South Africa;ZA;Lyra Southern Africa Pty Ltd;2;3;5;81
2026-07-01 00:00:00.000;2026 07;DUB001;Dube Trade Port Corporation;United States of America;;null;Lyra Southern Africa Pty Ltd;1;1;2;2
2026-07-01 00:00:00.000;2026 07;DUB001;Dube Trade Port Corporation;United States of America;South Africa;ZA;Lyra Southern Africa Pty Ltd;1;1;1;14
2026-07-01 00:00:00.000;2026 07;DYN002;Dynamic Fluid Control;South Africa;;null;Lyra Southern Africa Pty Ltd;1;1;1;1
2026-07-01 00:00:00.000;2026 07;DYN002;Dynamic Fluid Control;South Africa;South Africa;ZA;Lyra Southern Africa Pty Ltd;2;2;2;8
2026-07-01 00:00:00.000;2026 07;DYNATAEAP;Dynata Philippines;Philippines;;null;Lyra Health International Ltd;3;3;3;3
2026-07-01 00:00:00.000;2026 07;DYNATAEAP;Dynata Philippines;Philippines;Philippines;PH;Lyra Health International Ltd;3;3;12;89
2026-07-01 00:00:00.000;2026 07;EAP;ABinBev (Budweiser) APAC and Switzerland;;;null;Lyra Health International Ltd;1;1;1;1
2026-07-01 00:00:00.000;2026 07;EAP;ABinBev (Budweiser) APAC and Switzerland;Argentina;;null;Lyra Health International Ltd;1;1;2;2
2026-07-01 00:00:00.000;2026 07;EAP;ABinBev (Budweiser) APAC and Switzerland;Argentina;Switzerland;CH;Lyra Health International Ltd;1;1;1;3
2026-07-01 00:00:00.000;2026 07;EAP;ABinBev (Budweiser) APAC and Switzerland;Austria;;null;Lyra Health International Ltd;1;1;1;1
2026-07-01 00:00:00.000;2026 07;EAP;ABinBev (Budweiser) APAC and Switzerland;Austria;Switzerland;CH;Lyra Health International Ltd;1;1;1;6
2026-07-01 00:00:00.000;2026 07;EAP;ABinBev (Budweiser) APAC and Switzerland;Belgium;;null;Lyra Health International Ltd;1;1;1;1
2026-07-01 00:00:00.000;2026 07;EAP;ABinBev (Budweiser) APAC and Switzerland;Belgium;Switzerland;CH;Lyra Health International Ltd;2;2;2;2
2026-07-01 00:00:00.000;2026 07;EAP;ABinBev (Budweiser) APAC and Switzerland;Brazil;;null;Lyra Health International Ltd;3;3;3;3
2026-07-01 00:00:00.000;2026 07;EAP;ABinBev (Budweiser) APAC and Switzerland;Costa Rica;;null;Lyra Health International Ltd;1;1;1;1
2026-07-01 00:00:00.000;2026 07;EAP;ABinBev (Budweiser) APAC and Switzerland;Costa Rica;Switzerland;CH;Lyra Health International Ltd;1;1;1;14
2026-07-01 00:00:00.000;2026 07;EAP;ABinBev (Budweiser) APAC and Switzerland;Germany;;null;Lyra Health International Ltd;1;3;3;5
2026-07-01 00:00:00.000;2026 07;EAP;ABinBev (Budweiser) APAC and Switzerland;Germany;New Zealand;NZ;Lyra Health International Ltd;0;1;1;15
2026-07-01 00:00:00.000;2026 07;EAP;ABinBev (Budweiser) APAC and Switzerland;Guatemala;;null;Lyra Health International Ltd;1;1;1;1
2026-07-01 00:00:00.000;2026 07;EAP;ABinBev (Budweiser) APAC and Switzerland;Guatemala;New Zealand;NZ;Lyra Health International Ltd;1;1;1;10
2026-07-01 00:00:00.000;2026 07;EAP;ABinBev (Budweiser) APAC and Switzerland;Hong Kong;;null;Lyra Health International Ltd;1;1;1;4
2026-07-01 00:00:00.000;2026 07;EAP;ABinBev (Budweiser) APAC and Switzerland;Iraq;Switzerland;CH;Lyra Health International Ltd;0;1;1;3
2026-07-01 00:00:00.000;2026 07;EAP;ABinBev (Budweiser) APAC and Switzerland;Ireland;;null;Lyra Health International Ltd;2;2;2;4
2026-07-01 00:00:00.000;2026 07;EAP;ABinBev (Budweiser) APAC and Switzerland;Ireland;Switzerland;CH;Lyra Health International Ltd;1;1;1;6
2026-07-01 00:00:00.000;2026 07;EAP;ABinBev (Budweiser) APAC and Switzerland;Italy;;null;Lyra Health International Ltd;2;3;4;8
2026-07-01 00:00:00.000;2026 07;EAP;ABinBev (Budweiser) APAC and Switzerland;Malta;;null;Lyra Health International Ltd;1;1;1;3
2026-07-01 00:00:00.000;2026 07;EAP;ABinBev (Budweiser) APAC and Switzerland;Malta;New Zealand;NZ;Lyra Health International Ltd;1;1;1;9
2026-07-01 00:00:00.000;2026 07;EAP;ABinBev (Budweiser) APAC and Switzerland;Mexico;;null;Lyra Health International Ltd;1;1;1;1
2026-07-01 00:00:00.000;2026 07;EAP;ABinBev (Budweiser) APAC and Switzerland;Mexico;Switzerland;CH;Lyra Health International Ltd;1;1;1;15
2026-07-01 00:00:00.000;2026 07;EAP;ABinBev (Budweiser) APAC and Switzerland;New Zealand;;null;Lyra Health International Ltd;1;1;1;1
2026-07-01 00:00:00.000;2026 07;EAP;ABinBev (Budweiser) APAC and Switzerland;New Zealand;New Zealand;NZ;Lyra Health International Ltd;1;1;1;13
2026-07-01 00:00:00.000;2026 07;EAP;ABinBev (Budweiser) APAC and Switzerland;Poland;;null;Lyra Health International Ltd;2;2;2;2
2026-07-01 00:00:00.000;2026 07;EAP;ABinBev (Budweiser) APAC and Switzerland;Poland;Switzerland;CH;Lyra Health International Ltd;1;1;1;4
2026-07-01 00:00:00.000;2026 07;EAP;ABinBev (Budweiser) APAC and Switzerland;Romania;;null;Lyra Health International Ltd;1;1;1;1
2026-07-01 00:00:00.000;2026 07;EAP;ABinBev (Budweiser) APAC and Switzerland;Saudi Arabia;;null;Lyra Health International Ltd;1;1;1;3
2026-07-01 00:00:00.000;2026 07;EAP;ABinBev (Budweiser) APAC and Switzerland;Singapore;;null;Lyra Health International Ltd;1;1;1;8
2026-07-01 00:00:00.000;2026 07;EAP;ABinBev (Budweiser) APAC and Switzerland;Singapore;New Zealand;NZ;Lyra Health International Ltd;1;1;1;3
2026-07-01 00:00:00.000;2026 07;EAP;ABinBev (Budweiser) APAC and Switzerland;Spain;;null;Lyra Health International Ltd;1;1;1;5
2026-07-01 00:00:00.000;2026 07;EAP;ABinBev (Budweiser) APAC and Switzerland;Sweden;;null;Lyra Health International Ltd;1;1;1;3
2026-07-01 00:00:00.000;2026 07;EAP;ABinBev (Budweiser) APAC and Switzerland;Switzerland;;null;Lyra Health International Ltd;1;2;2;2
2026-07-01 00:00:00.000;2026 07;EAP;ABinBev (Budweiser) APAC and Switzerland;Switzerland;Switzerland;CH;Lyra Health International Ltd;1;2;3;20
2026-07-01 00:00:00.000;2026 07;EAP;ABinBev (Budweiser) APAC and Switzerland;United Arab Emirates;;null;Lyra Health International Ltd;1;1;1;7
2026-07-01 00:00:00.000;2026 07;EAP;ABinBev (Budweiser) APAC and Switzerland;United Arab Emirates;Japan;JP;Lyra Health International Ltd;1;1;1;3
2026-07-01 00:00:00.000;2026 07;EAP;ABinBev (Budweiser) APAC and Switzerland;United Kingdom;;null;Lyra Health International Ltd;7;7;7;17
2026-07-01 00:00:00.000;2026 07;EAP;ABinBev (Budweiser) APAC and Switzerland;United Kingdom;New Zealand;NZ;Lyra Health International Ltd;3;3;3;15
2026-07-01 00:00:00.000;2026 07;EAP;ABinBev (Budweiser) APAC and Switzerland;United States of America;;null;Lyra Health International Ltd;2;2;2;3
2026-07-01 00:00:00.000;2026 07;EAP;ABinBev (Budweiser) APAC and Switzerland;United States of America;New Zealand;NZ;Lyra Health International Ltd;1;1;1;3
2026-07-01 00:00:00.000;2026 07;EAPATM;AGILENT;Mexico;;null;Lyra Mexico and Central America;2;3;3;3
2026-07-01 00:00:00.000;2026 07;EAPATM;AGILENT;Mexico;Mexico;MX;Lyra Mexico and Central America;4;5;8;60
2026-07-01 00:00:00.000;2026 07;EAPATM;AGILENT;United States of America;;null;Lyra Mexico and Central America;1;1;1;1
2026-07-01 00:00:00.000;2026 07;EAPATM;AGILENT;United States of America;Mexico;MX;Lyra Mexico and Central America;1;1;1;3
2026-07-01 00:00:00.000;2026 07;EAPSB;Scott Bader;Australia;;null;Lyra Health International Ltd;2;2;2;2
2026-07-01 00:00:00.000;2026 07;EAPSB;Scott Bader;Australia;Australia;AU;Lyra Health International Ltd;2;2;6;29
2026-07-01 00:00:00.000;2026 07;EAPSB;Scott Bader;India;;null;Lyra Health International Ltd;1;1;1;1
2026-07-01 00:00:00.000;2026 07;EAPSB;Scott Bader;India;Australia;AU;Lyra Health International Ltd;1;1;1;3
2026-07-01 00:00:00.000;2026 07;EASYJETHUB22;easyJet;France;;null;Lyra Health International Ltd;6;7;7;7
2026-07-01 00:00:00.000;2026 07;EASYJETHUB22;easyJet;France;France;FR;Lyra Health International Ltd;7;8;10;59
2026-07-01 00:00:00.000;2026 07;EASYJETHUB22;easyJet;France;Italy;IT;Lyra Health International Ltd;1;1;1;1
2026-07-01 00:00:00.000;2026 07;EASYJETHUB22;easyJet;France;Switzerland;CH;Lyra Health International Ltd;1;1;2;9
2026-07-01 00:00:00.000;2026 07;EASYJETHUB22;easyJet;Germany;;null;Lyra Health International Ltd;3;4;4;4
2026-07-01 00:00:00.000;2026 07;EASYJETHUB22;easyJet;Germany;Germany;DE;Lyra Health International Ltd;3;5;11;144
2026-07-01 00:00:00.000;2026 07;EASYJETHUB22;easyJet;Greece;Italy;IT;Lyra Health International Ltd;1;1;1;1
2026-07-01 00:00:00.000;2026 07;EASYJETHUB22;easyJet;Italy;;null;Lyra Health International Ltd;8;9;9;9
2026-07-01 00:00:00.000;2026 07;EASYJETHUB22;easyJet;Italy;Italy;IT;Lyra Health International Ltd;9;11;14;77
2026-07-01 00:00:00.000;2026 07;EASYJETHUB22;easyJet;Netherlands;;null;Lyra Health International Ltd;1;1;1;1
2026-07-01 00:00:00.000;2026 07;EASYJETHUB22;easyJet;Netherlands;Netherlands;NL;Lyra Health International Ltd;1;1;1;3
2026-07-01 00:00:00.000;2026 07;EASYJETHUB22;easyJet;Portugal;;null;Lyra Health International Ltd;3;3;3;3
2026-07-01 00:00:00.000;2026 07;EASYJETHUB22;easyJet;Portugal;Portugal;PT;Lyra Health International Ltd;3;3;4;71
2026-07-01 00:00:00.000;2026 07;EASYJETHUB22;easyJet;Spain;;null;Lyra Health International Ltd;2;2;2;2
2026-07-01 00:00:00.000;2026 07;EASYJETHUB22;easyJet;Spain;Germany;DE;Lyra Health International Ltd;1;1;1;18
2026-07-01 00:00:00.000;2026 07;EASYJETHUB22;easyJet;Spain;Italy;IT;Lyra Health International Ltd;1;1;1;12
2026-07-01 00:00:00.000;2026 07;EASYJETHUB22;easyJet;Spain;Spain;ES;Lyra Health International Ltd;1;1;1;17
2026-07-01 00:00:00.000;2026 07;EASYJETHUB22;easyJet;Switzerland;;null;Lyra Health International Ltd;0;1;1;1
2026-07-01 00:00:00.000;2026 07;EASYJETHUB22;easyJet;Switzerland;France;FR;Lyra Health International Ltd;0;1;1;2
2026-07-01 00:00:00.000;2026 07;EASYJETHUB22;easyJet;Switzerland;Switzerland;CH;Lyra Health International Ltd;0;1;1;3
2026-07-01 00:00:00.000;2026 07;EASYJETHUB22;easyJet;United Kingdom;;null;Lyra Health International Ltd;3;4;4;4
2026-07-01 00:00:00.000;2026 07;EASYJETHUB22;easyJet;United Kingdom;France;FR;Lyra Health International Ltd;1;1;1;10
2026-07-01 00:00:00.000;2026 07;EASYJETHUB22;easyJet;United Kingdom;Portugal;PT;Lyra Health International Ltd;0;1;4;48
2026-07-01 00:00:00.000;2026 07;EASYJETHUB22;easyJet;United Kingdom;Switzerland;CH;Lyra Health International Ltd;1;1;3;8
2026-07-01 00:00:00.000;2026 07;EBAY;eBay;Japan;;null;Lyra;2;2;2;2
2026-07-01 00:00:00.000;2026 07;EBAY;eBay;Japan;Japan;JP;Lyra;2;2;2;11
2026-07-01 00:00:00.000;2026 07;ECE001;Ecentric Payment Systems PTY LTD;South Africa;;null;Lyra Southern Africa Pty Ltd;4;6;6;6
2026-07-01 00:00:00.000;2026 07;ECE001;Ecentric Payment Systems PTY LTD;South Africa;South Africa;ZA;Lyra Southern Africa Pty Ltd;4;6;9;126
2026-07-01 00:00:00.000;2026 07;ECP001;Eastern Cape Provincial Legislature;South Africa;;null;Lyra Southern Africa Pty Ltd;16;16;17;17
2026-07-01 00:00:00.000;2026 07;ECP001;Eastern Cape Provincial Legislature;South Africa;South Africa;ZA;Lyra Southern Africa Pty Ltd;17;17;29;143
2026-07-01 00:00:00.000;2026 07;EDU001;Education Ally;South Africa;;null;Lyra Southern Africa Pty Ltd;1;1;1;1
2026-07-01 00:00:00.000;2026 07;EDU001;Education Ally;South Africa;South Africa;ZA;Lyra Southern Africa Pty Ltd;1;1;3;37
2026-07-01 00:00:00.000;2026 07;EDU002;Eduvos;South Africa;;null;Lyra Southern Africa Pty Ltd;5;6;7;7
2026-07-01 00:00:00.000;2026 07;EDU002;Eduvos;South Africa;South Africa;ZA;Lyra Southern Africa Pty Ltd;7;8;20;118
2026-07-01 00:00:00.000;2026 07;EDWARDSLIFESCIENCES;Edwards Lifesciences;Australia;;null;Lyra Health International Ltd;1;1;1;1
2026-07-01 00:00:00.000;2026 07;EDWARDSLIFESCIENCES;Edwards Lifesciences;Australia;Australia;AU;Lyra Health International Ltd;1;1;1;12
2026-07-01 00:00:00.000;2026 07;EDWARDSLIFESCIENCES;Edwards Lifesciences;Canada;;null;Lyra Health International Ltd;1;1;2;2
2026-07-01 00:00:00.000;2026 07;EDWARDSLIFESCIENCES;Edwards Lifesciences;Canada;Canada;CA;Lyra Health International Ltd;1;1;2;13
2026-07-01 00:00:00.000;2026 07;EDWARDSLIFESCIENCES;Edwards Lifesciences;Costa Rica;;null;Lyra Health International Ltd;5;6;6;6
2026-07-01 00:00:00.000;2026 07;EDWARDSLIFESCIENCES;Edwards Lifesciences;Costa Rica;Costa Rica;CR;Lyra Health International Ltd;6;8;11;122
2026-07-01 00:00:00.000;2026 07;EDWARDSLIFESCIENCES;Edwards Lifesciences;Czech Republic;;null;Lyra Health International Ltd;2;4;4;5
2026-07-01 00:00:00.000;2026 07;EDWARDSLIFESCIENCES;Edwards Lifesciences;Czech Republic;China;CN;Lyra Health International Ltd;1;1;3;13
2026-07-01 00:00:00.000;2026 07;EDWARDSLIFESCIENCES;Edwards Lifesciences;Czech Republic;Czech Republic;CZ;Lyra Health International Ltd;1;2;3;9
2026-07-01 00:00:00.000;2026 07;EDWARDSLIFESCIENCES;Edwards Lifesciences;France;;null;Lyra Health International Ltd;1;1;1;1
2026-07-01 00:00:00.000;2026 07;EDWARDSLIFESCIENCES;Edwards Lifesciences;France;Czech Republic;CZ;Lyra Health International Ltd;1;1;1;2
2026-07-01 00:00:00.000;2026 07;EDWARDSLIFESCIENCES;Edwards Lifesciences;India;;null;Lyra Health International Ltd;6;6;6;6
2026-07-01 00:00:00.000;2026 07;EDWARDSLIFESCIENCES;Edwards Lifesciences;India;India;IN;Lyra Health International Ltd;5;5;6;57
2026-07-01 00:00:00.000;2026 07;EDWARDSLIFESCIENCES;Edwards Lifesciences;Israel;;null;Lyra Health International Ltd;3;3;3;3
2026-07-01 00:00:00.000;2026 07;EDWARDSLIFESCIENCES;Edwards Lifesciences;Israel;Israel;IL;Lyra Health International Ltd;3;3;3;50
2026-07-01 00:00:00.000;2026 07;EDWARDSLIFESCIENCES;Edwards Lifesciences;Malaysia;;null;Lyra Health International Ltd;2;2;2;2
2026-07-01 00:00:00.000;2026 07;EDWARDSLIFESCIENCES;Edwards Lifesciences;Malaysia;Malaysia;MY;Lyra Health International Ltd;2;2;2;8
2026-07-01 00:00:00.000;2026 07;EDWARDSLIFESCIENCES;Edwards Lifesciences;Malaysia;Singapore;SG;Lyra Health International Ltd;1;1;1;1
2026-07-01 00:00:00.000;2026 07;EDWARDSLIFESCIENCES;Edwards Lifesciences;Poland;;null;Lyra Health International Ltd;1;1;1;1
2026-07-01 00:00:00.000;2026 07;EDWARDSLIFESCIENCES;Edwards Lifesciences;Portugal;;null;Lyra Health International Ltd;1;1;1;1
2026-07-01 00:00:00.000;2026 07;EDWARDSLIFESCIENCES;Edwards Lifesciences;Portugal;Portugal;PT;Lyra Health International Ltd;1;1;2;24
2026-07-01 00:00:00.000;2026 07;EDWARDSLIFESCIENCES;Edwards Lifesciences;Singapore;;null;Lyra Health International Ltd;5;7;8;8
2026-07-01 00:00:00.000;2026 07;EDWARDSLIFESCIENCES;Edwards Lifesciences;Singapore;Austria;AT;Lyra Health International Ltd;0;1;1;2
2026-07-01 00:00:00.000;2026 07;EDWARDSLIFESCIENCES;Edwards Lifesciences;Singapore;Singapore;SG;Lyra Health International Ltd;7;10;18;76
2026-07-01 00:00:00.000;2026 07;EDWARDSLIFESCIENCES;Edwards Lifesciences;South Africa;;null;Lyra Health International Ltd;0;1;1;1
2026-07-01 00:00:00.000;2026 07;EDWARDSLIFESCIENCES;Edwards Lifesciences;South Africa;Malaysia;MY;Lyra Health International Ltd;0;1;1;5
2026-07-01 00:00:00.000;2026 07;EDWARDSLIFESCIENCES;Edwards Lifesciences;South Africa;Singapore;SG;Lyra Health International Ltd;0;1;2;5
2026-07-01 00:00:00.000;2026 07;EDWARDSLIFESCIENCES;Edwards Lifesciences;Spain;;null;Lyra Health International Ltd;5;6;6;6
2026-07-01 00:00:00.000;2026 07;EDWARDSLIFESCIENCES;Edwards Lifesciences;Spain;Spain;ES;Lyra Health International Ltd;5;7;8;80
2026-07-01 00:00:00.000;2026 07;EDWARDSLIFESCIENCES;Edwards Lifesciences;Sweden;;null;Lyra Health International Ltd;1;1;1;1
2026-07-01 00:00:00.000;2026 07;EDWARDSLIFESCIENCES;Edwards Lifesciences;Switzerland;;null;Lyra Health International Ltd;1;1;1;1
2026-07-01 00:00:00.000;2026 07;EDWARDSLIFESCIENCES;Edwards Lifesciences;Switzerland;Switzerland;CH;Lyra Health International Ltd;1;1;1;10
2026-07-01 00:00:00.000;2026 07;EDWARDSLIFESCIENCES;Edwards Lifesciences;Taiwan (Republic of China);Taiwan (Republic of China);TW;Lyra Health International Ltd;1;1;1;1
2026-07-01 00:00:00.000;2026 07;EDWARDSLIFESCIENCES;Edwards Lifesciences;United Kingdom;;null;Lyra Health International Ltd;4;6;6;7
2026-07-01 00:00:00.000;2026 07;EDWARDSLIFESCIENCES;Edwards Lifesciences;United Kingdom;United Kingdom;GB;Lyra Health International Ltd;2;4;5;60
2026-07-01 00:00:00.000;2026 07;EDWARDSLIFESCIENCES;Edwards Lifesciences;United States of America;;null;Lyra Health International Ltd;3;4;6;6
2026-07-01 00:00:00.000;2026 07;EDWARDSLIFESCIENCES;Edwards Lifesciences;United States of America;Canada;CA;Lyra Health International Ltd;1;1;2;16
2026-07-01 00:00:00.000;2026 07;EDWARDSLIFESCIENCES;Edwards Lifesciences;United States of America;United Kingdom;GB;Lyra Health International Ltd;0;1;2;14
2026-07-01 00:00:00.000;2026 07;EGONZEHNDER;Egon Zehnder;Austria;;null;Lyra Health International Ltd;1;1;1;1
2026-07-01 00:00:00.000;2026 07;EGONZEHNDER;Egon Zehnder;Austria;Turkey;TR;Lyra Health International Ltd;1;1;1;14
2026-07-01 00:00:00.000;2026 07;EGONZEHNDER;Egon Zehnder;Brazil;;null;Lyra Health International Ltd;1;1;1;1
2026-07-01 00:00:00.000;2026 07;EGONZEHNDER;Egon Zehnder;Brazil;Brazil;BR;Lyra Health International Ltd;1;1;1;3
2026-07-01 00:00:00.000;2026 07;EGONZEHNDER;Egon Zehnder;Canada;;null;Lyra Health International Ltd;1;1;1;1
2026-07-01 00:00:00.000;2026 07;EGONZEHNDER;Egon Zehnder;Germany;;null;Lyra Health International Ltd;3;3;3;3
2026-07-01 00:00:00.000;2026 07;EGONZEHNDER;Egon Zehnder;Germany;Germany;DE;Lyra Health International Ltd;3;3;3;34
2026-07-01 00:00:00.000;2026 07;EGONZEHNDER;Egon Zehnder;India;;null;Lyra Health International Ltd;1;1;1;1
2026-07-01 00:00:00.000;2026 07;EGONZEHNDER;Egon Zehnder;India;India;IN;Lyra Health International Ltd;1;2;2;10
2026-07-01 00:00:00.000;2026 07;EGONZEHNDER;Egon Zehnder;Norway;Norway;NO;Lyra Health International Ltd;1;1;1;21
2026-07-01 00:00:00.000;2026 07;EGONZEHNDER;Egon Zehnder;United Kingdom;;null;Lyra Health International Ltd;0;1;1;1
2026-07-01 00:00:00.000;2026 07;EGONZEHNDER;Egon Zehnder;United Kingdom;United Kingdom;GB;Lyra Health International Ltd;0;1;3;11
2026-07-01 00:00:00.000;2026 07;EGONZEHNDER;Egon Zehnder;United States of America;;null;Lyra Health International Ltd;3;3;3;3
2026-07-01 00:00:00.000;2026 07;EGONZEHNDER;Egon Zehnder;United States of America;United States of America;US;Lyra Health International Ltd;3;3;5;39
2026-07-01 00:00:00.000;2026 07;EGPAF;EGPAF - Elizabeth Glaser Pediatric Aids Foundation;Côte d`Ivoire;Côte d`Ivoire;CI;Lyra Health International Ltd;1;1;1;1
2026-07-01 00:00:00.000;2026 07;EIL001;Eagle Insurance Limited;Canada;;null;Lyra Southern Africa Pty Ltd;1;1;1;1
2026-07-01 00:00:00.000;2026 07;EIL001;Eagle Insurance Limited;Canada;South Africa;ZA;Lyra Southern Africa Pty Ltd;1;1;1;4
2026-07-01 00:00:00.000;2026 07;EIL001;Eagle Insurance Limited;Mauritius;;null;Lyra Southern Africa Pty Ltd;12;12;15;15
2026-07-01 00:00:00.000;2026 07;EIL001;Eagle Insurance Limited;Mauritius;South Africa;ZA;Lyra Southern Africa Pty Ltd;12;12;21;215
2026-07-01 00:00:00.000;2026 07;EIL001;Eagle Insurance Limited;South Africa;;null;Lyra Southern Africa Pty Ltd;0;1;1;1
2026-07-01 00:00:00.000;2026 07;EIL001;Eagle Insurance Limited;South Africa;South Africa;ZA;Lyra Southern Africa Pty Ltd;0;1;2;5
2026-07-01 00:00:00.000;2026 07;EIM001;Energy Infrastructure Management Services;South Africa;;null;Lyra Southern Africa Pty Ltd;1;1;1;1
2026-07-01 00:00:00.000;2026 07;EIM001;Energy Infrastructure Management Services;South Africa;South Africa;ZA;Lyra Southern Africa Pty Ltd;1;1;1;16
2026-07-01 00:00:00.000;2026 07;EIPC;EIPC;United Kingdom;;null;Lyra Health International Ltd;1;2;2;2
2026-07-01 00:00:00.000;2026 07;EIPC;EIPC;United Kingdom;United Kingdom;GB;Lyra Health International Ltd;1;2;2;14
2026-07-01 00:00:00.000;2026 07;ELANCO;Elanco Animal Health, Inc;Australia;;null;Lyra Health International Ltd;1;1;1;1
2026-07-01 00:00:00.000;2026 07;ELANCO;Elanco Animal Health, Inc;Australia;Australia;AU;Lyra Health International Ltd;1;1;4;19
2026-07-01 00:00:00.000;2026 07;ELANCO;Elanco Animal Health, Inc;Belgium;;null;Lyra Health International Ltd;2;3;3;3
2026-07-01 00:00:00.000;2026 07;ELANCO;Elanco Animal Health, Inc;Belgium;Belgium;BE;Lyra Health International Ltd;2;3;6;37
2026-07-01 00:00:00.000;2026 07;ELANCO;Elanco Animal Health, Inc;Belgium;Netherlands;NL;Lyra Health International Ltd;0;1;1;1
2026-07-01 00:00:00.000;2026 07;ELANCO;Elanco Animal Health, Inc;Brazil;;null;Lyra Health International Ltd;1;1;1;1
2026-07-01 00:00:00.000;2026 07;ELANCO;Elanco Animal Health, Inc;Brazil;Brazil;BR;Lyra Health International Ltd;1;1;1;18
2026-07-01 00:00:00.000;2026 07;ELANCO;Elanco Animal Health, Inc;Germany;;null;Lyra Health International Ltd;0;1;1;1
2026-07-01 00:00:00.000;2026 07;ELANCO;Elanco Animal Health, Inc;Germany;Germany;DE;Lyra Health International Ltd;0;1;1;2
2026-07-01 00:00:00.000;2026 07;ELANCO;Elanco Animal Health, Inc;Malaysia;;null;Lyra Health International Ltd;1;1;1;1
2026-07-01 00:00:00.000;2026 07;ELANCO;Elanco Animal Health, Inc;Malaysia;Malaysia;MY;Lyra Health International Ltd;1;1;5;12
2026-07-01 00:00:00.000;2026 07;ELANCO;Elanco Animal Health, Inc;Netherlands;;null;Lyra Health International Ltd;2;2;2;2
2026-07-01 00:00:00.000;2026 07;ELANCO;Elanco Animal Health, Inc;Netherlands;Netherlands;NL;Lyra Health International Ltd;2;2;2;18
2026-07-01 00:00:00.000;2026 07;ELANCO;Elanco Animal Health, Inc;Poland;;null;Lyra Health International Ltd;3;3;3;3
2026-07-01 00:00:00.000;2026 07;ELANCO;Elanco Animal Health, Inc;Poland;Poland;PL;Lyra Health International Ltd;1;2;2;7
2026-07-01 00:00:00.000;2026 07;ELANCO;Elanco Animal Health, Inc;Poland;Turkey;TR;Lyra Health International Ltd;1;1;2;5
2026-07-01 00:00:00.000;2026 07;ELANCO;Elanco Animal Health, Inc;Poland;Ukraine;UA;Lyra Health International Ltd;1;1;2;13
2026-07-01 00:00:00.000;2026 07;ELANCO;Elanco Animal Health, Inc;Portugal;;null;Lyra Health International Ltd;1;1;1;1
2026-07-01 00:00:00.000;2026 07;ELANCO;Elanco Animal Health, Inc;Portugal;Portugal;PT;Lyra Health International Ltd;1;1;1;5
2026-07-01 00:00:00.000;2026 07;ELANCO;Elanco Animal Health, Inc;Taiwan (Republic of China);Taiwan (Republic of China);TW;Lyra Health International Ltd;1;1;1;4
2026-07-01 00:00:00.000;2026 07;ELLIOTT;Elliott Company;Singapore;;null;Lyra Health International Ltd;1;1;1;1
2026-07-01 00:00:00.000;2026 07;ELR001;ELRU Early Learning Resource Unit;South Africa;;null;Lyra Southern Africa Pty Ltd;1;1;1;1
2026-07-01 00:00:00.000;2026 07;ELR001;ELRU Early Learning Resource Unit;South Africa;South Africa;ZA;Lyra Southern Africa Pty Ltd;1;1;1;9
2026-07-01 00:00:00.000;2026 07;ELVERYS;Intersport Elverys;Ireland;;null;Lyra UK & Ireland Ltd;3;3;3;3
2026-07-01 00:00:00.000;2026 07;ELVERYS;Intersport Elverys;Ireland;Ireland;IE;Lyra UK & Ireland Ltd;3;3;4;32
2026-07-01 00:00:00.000;2026 07;EMARSYS;Emarsys;Hungary;;null;Lyra Health International Ltd;2;2;2;2
2026-07-01 00:00:00.000;2026 07;EMARSYS;Emarsys;Hungary;Hungary;HU;Lyra Health International Ltd;2;2;2;27
2026-07-01 00:00:00.000;2026 07;ENA001;ENAEX;South Africa;;null;Lyra Southern Africa Pty Ltd;5;5;5;5
2026-07-01 00:00:00.000;2026 07;ENA001;ENAEX;South Africa;South Africa;ZA;Lyra Southern Africa Pty Ltd;5;5;6;37
2026-07-01 00:00:00.000;2026 07;ENE001;Enerlyctics;South Africa;;null;Lyra Southern Africa Pty Ltd;1;1;1;1
2026-07-01 00:00:00.000;2026 07;ENE001;Enerlyctics;South Africa;South Africa;ZA;Lyra Southern Africa Pty Ltd;1;1;1;8
2026-07-01 00:00:00.000;2026 07;ENE007;Enertec Batteries (Pty) Ltd;South Africa;;null;Lyra Southern Africa Pty Ltd;1;1;1;1
2026-07-01 00:00:00.000;2026 07;ENE007;Enertec Batteries (Pty) Ltd;South Africa;South Africa;ZA;Lyra Southern Africa Pty Ltd;1;1;2;30
2026-07-01 00:00:00.000;2026 07;ENS002;Ensimini Financial Services;South Africa;;null;Lyra Southern Africa Pty Ltd;2;2;2;2
2026-07-01 00:00:00.000;2026 07;ENS002;Ensimini Financial Services;South Africa;South Africa;ZA;Lyra Southern Africa Pty Ltd;2;2;2;2
2026-07-01 00:00:00.000;2026 07;ENZ001;ENZA Construction;South Africa;;null;Lyra Southern Africa Pty Ltd;2;3;3;3
2026-07-01 00:00:00.000;2026 07;ENZ001;ENZA Construction;South Africa;South Africa;ZA;Lyra Southern Africa Pty Ltd;2;3;6;84
2026-07-01 00:00:00.000;2026 07;EOSEAP;EOS Holding;Germany;;null;Lyra Deutschland GmBH;2;3;3;3
2026-07-01 00:00:00.000;2026 07;EOSEAP;EOS Holding;Germany;Germany;DE;Lyra Deutschland GmBH;2;3;5;66
2026-07-01 00:00:00.000;2026 07;EPIROCBALANCE;EPIROC;Mexico;;null;Lyra Mexico and Central America;1;1;1;1
2026-07-01 00:00:00.000;2026 07;EPIROCBALANCE;EPIROC;Mexico;Mexico;MX;Lyra Mexico and Central America;1;2;2;6
2026-07-01 00:00:00.000;2026 07;EPIROCBALANCE;EPIROC;United States of America;;null;Lyra Mexico and Central America;1;1;1;1
2026-07-01 00:00:00.000;2026 07;EPIROCBALANCE;EPIROC;United States of America;Mexico;MX;Lyra Mexico and Central America;1;1;1;6
2026-07-01 00:00:00.000;2026 07;EPREDIA;Epredia;France;;null;Lyra Health International Ltd;0;1;1;1
2026-07-01 00:00:00.000;2026 07;EPREDIA;Epredia;France;France;FR;Lyra Health International Ltd;0;1;3;9
2026-07-01 00:00:00.000;2026 07;EQU001;Equal Education;South Africa;;null;Lyra Southern Africa Pty Ltd;2;2;2;2
2026-07-01 00:00:00.000;2026 07;EQU001;Equal Education;South Africa;South Africa;ZA;Lyra Southern Africa Pty Ltd;2;2;4;36
2026-07-01 00:00:00.000;2026 07;EQU001;Equal Education;Zimbabwe;South Africa;ZA;Lyra Southern Africa Pty Ltd;0;1;2;4
2026-07-01 00:00:00.000;2026 07;EQU002;Equites Property Fund Limited;South Africa;;null;Lyra Southern Africa Pty Ltd;1;1;1;1
2026-07-01 00:00:00.000;2026 07;EQU002;Equites Property Fund Limited;South Africa;South Africa;ZA;Lyra Southern Africa Pty Ltd;1;1;2;7
2026-07-01 00:00:00.000;2026 07;EQUATION;Equation;United Kingdom;;null;Lyra UK & Ireland Ltd;3;3;3;3
2026-07-01 00:00:00.000;2026 07;EQUATION;Equation;United Kingdom;United Kingdom;GB;Lyra UK & Ireland Ltd;2;2;5;68
2026-07-01 00:00:00.000;2026 07;ERNEEAP;Erne AG;Switzerland;;null;Lyra Schweiz GmbH;2;2;2;2
2026-07-01 00:00:00.000;2026 07;ERNEEAP;Erne AG;Switzerland;Germany;DE;Lyra Schweiz GmbH;1;1;1;28
2026-07-01 00:00:00.000;2026 07;ERNEEAP;Erne AG;Switzerland;Switzerland;CH;Lyra Schweiz GmbH;1;1;1;16
2026-07-01 00:00:00.000;2026 07;ESENTIAENERGY;Esentia Energy;Mexico;;null;Lyra Mexico and Central America;4;5;5;5
2026-07-01 00:00:00.000;2026 07;ESENTIAENERGY;Esentia Energy;Mexico;Mexico;MX;Lyra Mexico and Central America;3;3;3;8
2026-07-01 00:00:00.000;2026 07;ESK001;Eskom Pension and Provident Fund;Mauritius;;null;Lyra Southern Africa Pty Ltd;1;2;2;2
2026-07-01 00:00:00.000;2026 07;ESK001;Eskom Pension and Provident Fund;Mauritius;South Africa;ZA;Lyra Southern Africa Pty Ltd;1;2;4;32
2026-07-01 00:00:00.000;2026 07;ESK001;Eskom Pension and Provident Fund;South Africa;;null;Lyra Southern Africa Pty Ltd;1;1;1;1
2026-07-01 00:00:00.000;2026 07;ESK001;Eskom Pension and Provident Fund;South Africa;South Africa;ZA;Lyra Southern Africa Pty Ltd;1;2;4;41
2026-07-01 00:00:00.000;2026 07;ESK002;Eskom;South Africa;;null;Lyra Southern Africa Pty Ltd;58;70;72;74
2026-07-01 00:00:00.000;2026 07;ESK002;Eskom;South Africa;South Africa;ZA;Lyra Southern Africa Pty Ltd;60;84;153;859
2026-07-01 00:00:00.000;2026 07;ETH001;Ethekwini Municipality;South Africa;;null;Lyra Southern Africa Pty Ltd;10;12;12;12
2026-07-01 00:00:00.000;2026 07;ETH001;Ethekwini Municipality;South Africa;South Africa;ZA;Lyra Southern Africa Pty Ltd;12;16;22;163
2026-07-01 00:00:00.000;2026 07;EVEREST;Everest;Singapore;;null;Lyra Health International Ltd;0;1;1;2
2026-07-01 00:00:00.000;2026 07;EVEREST;Everest;Singapore;Singapore;SG;Lyra Health International Ltd;0;1;4;45
2026-07-01 00:00:00.000;2026 07;EVEREST;Everest;Switzerland;;null;Lyra Health International Ltd;1;1;1;1
2026-07-01 00:00:00.000;2026 07;EVEREST;Everest;Switzerland;Switzerland;CH;Lyra Health International Ltd;1;1;1;21
2026-07-01 00:00:00.000;2026 07;EVEREST;Everest;United Kingdom;;null;Lyra Health International Ltd;1;1;1;1
2026-07-01 00:00:00.000;2026 07;EVEREST;Everest;United Kingdom;United Kingdom;GB;Lyra Health International Ltd;1;1;21;26
2026-07-01 00:00:00.000;2026 07;EVEREST;Everest;United States of America;;null;Lyra Health International Ltd;4;4;5;5
2026-07-01 00:00:00.000;2026 07;EVEREST;Everest;United States of America;United States of America;US;Lyra Health International Ltd;4;4;15;77
2026-07-01 00:00:00.000;2026 07;EVERSHEDS;Eversheds - Sutherland;Germany;Germany;DE;Lyra Health International Ltd;2;2;2;2
2026-07-01 00:00:00.000;2026 07;EVO005;EVO Financial Services;South Africa;;null;Lyra Southern Africa Pty Ltd;1;1;1;1
2026-07-01 00:00:00.000;2026 07;EVO005;EVO Financial Services;South Africa;South Africa;ZA;Lyra Southern Africa Pty Ltd;1;1;3;13
2026-07-01 00:00:00.000;2026 07;EVONIK;Evonik;India;;null;Lyra Mexico and Central America;2;2;2;3
2026-07-01 00:00:00.000;2026 07;EVONIK;Evonik;India;Mexico;MX;Lyra Mexico and Central America;1;1;1;3
2026-07-01 00:00:00.000;2026 07;EVONIK;Evonik;Mexico;;null;Lyra Mexico and Central America;1;3;3;3
2026-07-01 00:00:00.000;2026 07;EVONIK;Evonik;Mexico;Mexico;MX;Lyra Mexico and Central America;2;5;7;30
2026-07-01 00:00:00.000;2026 07;EVONIK;Evonik;United States of America;;null;Lyra Mexico and Central America;1;1;1;1
2026-07-01 00:00:00.000;2026 07;EVONIK;Evonik;United States of America;Mexico;MX;Lyra Mexico and Central America;1;2;3;31
2026-07-01 00:00:00.000;2026 07;EVONIKINDIA;EVONIK INDIA PRIVATE LIMITED;India;;null;Lyra Mental Health India Private Limited;1;1;1;1
2026-07-01 00:00:00.000;2026 07;EVONIKINDIA;EVONIK INDIA PRIVATE LIMITED;India;India;IN;Lyra Mental Health India Private Limited;3;3;3;15
2026-07-01 00:00:00.000;2026 07;EVREN;EVREN;India;;null;Lyra Mental Health India Private Limited;2;3;3;3
2026-07-01 00:00:00.000;2026 07;EVREN;EVREN;India;India;IN;Lyra Mental Health India Private Limited;2;4;9;62
2026-07-01 00:00:00.000;2026 07;EXCELITAS;Excelitas;United Kingdom;;null;Lyra UK & Ireland Ltd;3;3;3;3
2026-07-01 00:00:00.000;2026 07;EXCELITAS;Excelitas;United Kingdom;United Kingdom;GB;Lyra UK & Ireland Ltd;3;3;5;74
2026-07-01 00:00:00.000;2026 07;EXCLAIMER;Exclaimer Europe BV;Portugal;;null;Lyra Netherlands BV;1;1;1;1
2026-07-01 00:00:00.000;2026 07;EXCLAIMER;Exclaimer Europe BV;Portugal;Portugal;PT;Lyra Netherlands BV;1;1;1;6
2026-07-01 00:00:00.000;2026 07;EXCLUSIVENETWORKS;Exclusive Networks, S.L.;Belgium;;null;Lyra Health International Ltd;2;2;2;2
2026-07-01 00:00:00.000;2026 07;EXCLUSIVENETWORKS;Exclusive Networks, S.L.;Belgium;Belgium;BE;Lyra Health International Ltd;2;2;2;19
2026-07-01 00:00:00.000;2026 07;EXCLUSIVENETWORKS;Exclusive Networks, S.L.;Italy;;null;Lyra Health International Ltd;2;2;2;2
2026-07-01 00:00:00.000;2026 07;EXCLUSIVENETWORKS;Exclusive Networks, S.L.;Italy;Italy;IT;Lyra Health International Ltd;2;2;2;5
2026-07-01 00:00:00.000;2026 07;EXCLUSIVENETWORKS;Exclusive Networks, S.L.;Switzerland;;null;Lyra Health International Ltd;1;1;1;1
2026-07-01 00:00:00.000;2026 07;EXCLUSIVENETWORKS;Exclusive Networks, S.L.;Switzerland;Switzerland;CH;Lyra Health International Ltd;1;1;1;3
2026-07-01 00:00:00.000;2026 07;EXCLUSIVENETWORKS;Exclusive Networks, S.L.;Turkey;;null;Lyra Health International Ltd;1;1;1;1
2026-07-01 00:00:00.000;2026 07;EXCLUSIVENETWORKS;Exclusive Networks, S.L.;Turkey;Turkey;TR;Lyra Health International Ltd;1;1;1;10
2026-07-01 00:00:00.000;2026 07;EXPEDIA;Expedia;India;;null;;3;3;3;3
2026-07-01 00:00:00.000;2026 07;EXPEDIA;Expedia;India;India;IN;;3;3;3;32
2026-07-01 00:00:00.000;2026 07;EXPONENT;Exponent;Germany;;null;Lyra UK & Ireland Ltd;0;1;1;1
2026-07-01 00:00:00.000;2026 07;EXPONENT;Exponent;Germany;Germany;DE;Lyra UK & Ireland Ltd;0;1;2;23
2026-07-01 00:00:00.000;2026 07;EXPONENT;Exponent;Switzerland;;null;Lyra UK & Ireland Ltd;0;1;1;1
2026-07-01 00:00:00.000;2026 07;EXPONENT;Exponent;Switzerland;Germany;DE;Lyra UK & Ireland Ltd;0;1;1;6
2026-07-01 00:00:00.000;2026 07;EXPONENT;Exponent;United Kingdom;United Kingdom;GB;Lyra UK & Ireland Ltd;0;1;1;8
2026-07-01 00:00:00.000;2026 07;EY;EY;Argentina;;null;ICAS Latina;1;2;2;2
2026-07-01 00:00:00.000;2026 07;EY;EY;Argentina;Argentina;AR;ICAS Latina;1;2;4;14
2026-07-01 00:00:00.000;2026 07;EY;EY;India;;null;ICAS Latina;1;1;2;2
2026-07-01 00:00:00.000;2026 07;EY;EY;Malaysia;;null;ICAS Latina;2;2;3;3
2026-07-01 00:00:00.000;2026 07;EYMY;Ernst & Young Malaysia;Malaysia;;null;Lyra Health Malaysia Sdn Bhd;19;26;29;29
2026-07-01 00:00:00.000;2026 07;EYMY;Ernst & Young Malaysia;Malaysia;Malaysia;MY;Lyra Health Malaysia Sdn Bhd;19;27;43;487
2026-07-01 00:00:00.000;2026 07;FAB001;FAB GIB;South Africa;;null;Lyra Southern Africa Pty Ltd;10;11;13;14
2026-07-01 00:00:00.000;2026 07;FAB001;FAB GIB;South Africa;South Africa;ZA;Lyra Southern Africa Pty Ltd;13;14;23;141
2026-07-01 00:00:00.000;2026 07;FAM001;Famous Brands Management;South Africa;;null;Lyra Southern Africa Pty Ltd;6;11;11;11
2026-07-01 00:00:00.000;2026 07;FAM001;Famous Brands Management;South Africa;South Africa;ZA;Lyra Southern Africa Pty Ltd;8;15;25;112
2026-07-01 00:00:00.000;2026 07;FAS002;FASSET;South Africa;;null;Lyra Southern Africa Pty Ltd;1;1;1;1
2026-07-01 00:00:00.000;2026 07;FAS002;FASSET;South Africa;South Africa;ZA;Lyra Southern Africa Pty Ltd;1;1;1;3
2026-07-01 00:00:00.000;2026 07;FCBHUB;First Capital Bank Botswana;Botswana;;null;ICAS Botswana;0;1;1;1
2026-07-01 00:00:00.000;2026 07;FCBHUB;First Capital Bank Botswana;Botswana;Botswana;BW;ICAS Botswana;0;1;2;4
2026-07-01 00:00:00.000;2026 07;FCM;FCM Travel Group;India;;null;Lyra Mental Health India Private Limited;1;1;1;1
2026-07-01 00:00:00.000;2026 07;FCM;FCM Travel Group;India;India;IN;Lyra Mental Health India Private Limited;1;1;1;4
2026-07-01 00:00:00.000;2026 07;FEDEX14;ENAEX;Mexico;;null;Lyra Mexico and Central America;0;1;1;3
2026-07-01 00:00:00.000;2026 07;FEDEX14;ENAEX;Mexico;Mexico;MX;Lyra Mexico and Central America;1;1;1;10
2026-07-01 00:00:00.000;2026 07;FEFUNDINFOHUB;FeFundinfo;Luxembourg;;null;Lyra International Luxembourg SARL;1;1;1;1
2026-07-01 00:00:00.000;2026 07;FEFUNDINFOHUB;FeFundinfo;Luxembourg;Luxembourg;LU;Lyra International Luxembourg SARL;1;1;3;25
2026-07-01 00:00:00.000;2026 07;FEM001;Federated Employers Mutual Assurance (FEM);South Africa;;null;Lyra Southern Africa Pty Ltd;1;1;1;1
2026-07-01 00:00:00.000;2026 07;FEM001;Federated Employers Mutual Assurance (FEM);South Africa;South Africa;ZA;Lyra Southern Africa Pty Ltd;1;1;1;9
2026-07-01 00:00:00.000;2026 07;FERRERO;Ferrero;Australia;;null;Lyra Health International Ltd;1;2;2;2
2026-07-01 00:00:00.000;2026 07;FERRERO;Ferrero;Australia;Australia;AU;Lyra Health International Ltd;1;2;3;27
2026-07-01 00:00:00.000;2026 07;FERRERO;Ferrero;Austria;;null;Lyra Health International Ltd;1;1;1;1
2026-07-01 00:00:00.000;2026 07;FERRERO;Ferrero;Austria;Romania;RO;Lyra Health International Ltd;1;1;1;3
2026-07-01 00:00:00.000;2026 07;FERRERO;Ferrero;Belgium;;null;Lyra Health International Ltd;4;5;5;5
2026-07-01 00:00:00.000;2026 07;FERRERO;Ferrero;Belgium;Belgium;BE;Lyra Health International Ltd;3;4;12;37
2026-07-01 00:00:00.000;2026 07;FERRERO;Ferrero;Belgium;France;FR;Lyra Health International Ltd;1;1;1;3
2026-07-01 00:00:00.000;2026 07;FERRERO;Ferrero;Canada;;null;Lyra Health International Ltd;8;9;9;9
2026-07-01 00:00:00.000;2026 07;FERRERO;Ferrero;Canada;Canada;CA;Lyra Health International Ltd;8;10;14;137
2026-07-01 00:00:00.000;2026 07;FERRERO;Ferrero;Chile;;null;Lyra Health International Ltd;0;2;3;3
2026-07-01 00:00:00.000;2026 07;FERRERO;Ferrero;Chile;Chile;CL;Lyra Health International Ltd;0;2;3;14
2026-07-01 00:00:00.000;2026 07;FERRERO;Ferrero;Ecuador;;null;Lyra Health International Ltd;1;3;3;3
2026-07-01 00:00:00.000;2026 07;FERRERO;Ferrero;Ecuador;Ecuador;EC;Lyra Health International Ltd;0;2;2;18
2026-07-01 00:00:00.000;2026 07;FERRERO;Ferrero;France;;null;Lyra Health International Ltd;4;4;4;4
2026-07-01 00:00:00.000;2026 07;FERRERO;Ferrero;France;France;FR;Lyra Health International Ltd;4;4;5;54
2026-07-01 00:00:00.000;2026 07;FERRERO;Ferrero;Germany;;null;Lyra Health International Ltd;19;19;20;20
2026-07-01 00:00:00.000;2026 07;FERRERO;Ferrero;Germany;Austria;AT;Lyra Health International Ltd;1;1;2;24
2026-07-01 00:00:00.000;2026 07;FERRERO;Ferrero;Germany;Germany;DE;Lyra Health International Ltd;7;7;15;250
2026-07-01 00:00:00.000;2026 07;FERRERO;Ferrero;Germany;Italy;IT;Lyra Health International Ltd;1;1;1;18
2026-07-01 00:00:00.000;2026 07;FERRERO;Ferrero;Germany;Luxembourg;LU;Lyra Health International Ltd;6;6;8;78
2026-07-01 00:00:00.000;2026 07;FERRERO;Ferrero;Germany;Turkey;TR;Lyra Health International Ltd;1;1;1;17
2026-07-01 00:00:00.000;2026 07;FERRERO;Ferrero;Greece;;null;Lyra Health International Ltd;2;3;4;4
2026-07-01 00:00:00.000;2026 07;FERRERO;Ferrero;Greece;Greece;GR;Lyra Health International Ltd;2;3;10;73
2026-07-01 00:00:00.000;2026 07;FERRERO;Ferrero;Hong Kong;Hong Kong;HK;Lyra Health International Ltd;0;1;1;1
2026-07-01 00:00:00.000;2026 07;FERRERO;Ferrero;Hungary;;null;Lyra Health International Ltd;1;1;1;1
2026-07-01 00:00:00.000;2026 07;FERRERO;Ferrero;Hungary;Hungary;HU;Lyra Health International Ltd;1;1;1;3
2026-07-01 00:00:00.000;2026 07;FERRERO;Ferrero;India;;null;Lyra Health International Ltd;0;2;3;3
2026-07-01 00:00:00.000;2026 07;FERRERO;Ferrero;India;India;IN;Lyra Health International Ltd;0;2;2;10
2026-07-01 00:00:00.000;2026 07;FERRERO;Ferrero;India;Kuwait;KW;Lyra Health International Ltd;0;1;1;16
2026-07-01 00:00:00.000;2026 07;FERRERO;Ferrero;Italy;;null;Lyra Health International Ltd;16;19;22;22
2026-07-01 00:00:00.000;2026 07;FERRERO;Ferrero;Italy;Italy;IT;Lyra Health International Ltd;16;21;39;353
2026-07-01 00:00:00.000;2026 07;FERRERO;Ferrero;Italy;Luxembourg;LU;Lyra Health International Ltd;0;1;1;7
2026-07-01 00:00:00.000;2026 07;FERRERO;Ferrero;Jersey;United Kingdom;GB;Lyra Health International Ltd;1;1;1;1
2026-07-01 00:00:00.000;2026 07;FERRERO;Ferrero;Kazakhstan;;null;Lyra Health International Ltd;1;2;2;2
2026-07-01 00:00:00.000;2026 07;FERRERO;Ferrero;Kazakhstan;Kazakhstan;KZ;Lyra Health International Ltd;1;2;3;9
2026-07-01 00:00:00.000;2026 07;FERRERO;Ferrero;Kuwait;;null;Lyra Health International Ltd;0;1;2;2
2026-07-01 00:00:00.000;2026 07;FERRERO;Ferrero;Kuwait;Kuwait;KW;Lyra Health International Ltd;0;1;1;2
2026-07-01 00:00:00.000;2026 07;FERRERO;Ferrero;Luxembourg;;null;Lyra Health International Ltd;3;4;4;4
2026-07-01 00:00:00.000;2026 07;FERRERO;Ferrero;Luxembourg;France;FR;Lyra Health International Ltd;1;1;1;6
2026-07-01 00:00:00.000;2026 07;FERRERO;Ferrero;Luxembourg;Italy;IT;Lyra Health International Ltd;0;1;1;3
2026-07-01 00:00:00.000;2026 07;FERRERO;Ferrero;Luxembourg;Luxembourg;LU;Lyra Health International Ltd;2;2;2;8
2026-07-01 00:00:00.000;2026 07;FERRERO;Ferrero;Mexico;;null;Lyra Health International Ltd;2;2;2;2
2026-07-01 00:00:00.000;2026 07;FERRERO;Ferrero;Mexico;Mexico;MX;Lyra Health International Ltd;2;2;3;31
2026-07-01 00:00:00.000;2026 07;FERRERO;Ferrero;Poland;;null;Lyra Health International Ltd;2;2;2;2
2026-07-01 00:00:00.000;2026 07;FERRERO;Ferrero;Poland;Poland;PL;Lyra Health International Ltd;1;1;2;44
2026-07-01 00:00:00.000;2026 07;FERRERO;Ferrero;Republic of Korea;;null;Lyra Health International Ltd;2;2;2;2
2026-07-01 00:00:00.000;2026 07;FERRERO;Ferrero;Republic of Korea;Republic of Korea;KR;Lyra Health International Ltd;2;2;2;9
2026-07-01 00:00:00.000;2026 07;FERRERO;Ferrero;Singapore;;null;Lyra Health International Ltd;1;1;1;1
2026-07-01 00:00:00.000;2026 07;FERRERO;Ferrero;Singapore;Singapore;SG;Lyra Health International Ltd;1;1;1;5
2026-07-01 00:00:00.000;2026 07;FERRERO;Ferrero;South Africa;;null;Lyra Health International Ltd;0;1;1;1
2026-07-01 00:00:00.000;2026 07;FERRERO;Ferrero;South Africa;South Africa;ZA;Lyra Health International Ltd;0;1;1;1
2026-07-01 00:00:00.000;2026 07;FERRERO;Ferrero;Spain;;null;Lyra Health International Ltd;3;4;4;4
2026-07-01 00:00:00.000;2026 07;FERRERO;Ferrero;Spain;Italy;IT;Lyra Health International Ltd;1;1;2;15
2026-07-01 00:00:00.000;2026 07;FERRERO;Ferrero;Spain;Spain;ES;Lyra Health International Ltd;3;4;6;60
2026-07-01 00:00:00.000;2026 07;FERRERO;Ferrero;Sweden;;null;Lyra Health International Ltd;0;1;1;1
2026-07-01 00:00:00.000;2026 07;FERRERO;Ferrero;Sweden;Sweden;SE;Lyra Health International Ltd;0;1;1;6
2026-07-01 00:00:00.000;2026 07;FERRERO;Ferrero;Thailand;;null;Lyra Health International Ltd;1;1;1;1
2026-07-01 00:00:00.000;2026 07;FERRERO;Ferrero;Thailand;Thailand;TH;Lyra Health International Ltd;1;1;3;26
2026-07-01 00:00:00.000;2026 07;FERRERO;Ferrero;Turkey;;null;Lyra Health International Ltd;1;1;1;1
2026-07-01 00:00:00.000;2026 07;FERRERO;Ferrero;Turkey;Turkey;TR;Lyra Health International Ltd;1;2;3;39
2026-07-01 00:00:00.000;2026 07;FERRERO;Ferrero;United Kingdom;;null;Lyra Health International Ltd;14;19;20;25
2026-07-01 00:00:00.000;2026 07;FERRERO;Ferrero;United Kingdom;Hong Kong;HK;Lyra Health International Ltd;1;1;1;20
2026-07-01 00:00:00.000;2026 07;FERRERO;Ferrero;United Kingdom;Italy;IT;Lyra Health International Ltd;1;1;1;46
2026-07-01 00:00:00.000;2026 07;FERRERO;Ferrero;United Kingdom;United Kingdom;GB;Lyra Health International Ltd;12;18;26;209
2026-07-01 00:00:00.000;2026 07;FERRERO;Ferrero;United States of America;;null;Lyra Health International Ltd;12;14;14;14
2026-07-01 00:00:00.000;2026 07;FERRERO;Ferrero;United States of America;Mexico;MX;Lyra Health International Ltd;1;1;1;3
2026-07-01 00:00:00.000;2026 07;FERRERO;Ferrero;United States of America;United States of America;US;Lyra Health International Ltd;9;11;16;175
2026-07-01 00:00:00.000;2026 07;FERREROCHINA;Ferrero;United Kingdom;;null;Lyra Health International Ltd;0;1;1;1
2026-07-01 00:00:00.000;2026 07;FERREROCHINA;Ferrero;United Kingdom;China;CN;Lyra Health International Ltd;0;1;3;31
2026-07-01 00:00:00.000;2026 07;FERREROHUBTEST;Ferrero Group;Georgia;Georgia;GE;Lyra Health International Ltd;1;1;2;2
2026-07-01 00:00:00.000;2026 07;FERREROHUBTEST;Ferrero Group;Sweden;Sweden;SE;Lyra Health International Ltd;1;2;2;25
2026-07-01 00:00:00.000;2026 07;FERTIBERIAPAE;FERTIBERIA;Spain;Spain;ES;Lyra Spain SLU;1;1;1;1
2026-07-01 00:00:00.000;2026 07;FGR001;Fgro Red Pty Ltd;South Africa;;null;Lyra Southern Africa Pty Ltd;1;1;1;1
2026-07-01 00:00:00.000;2026 07;FGR001;Fgro Red Pty Ltd;South Africa;South Africa;ZA;Lyra Southern Africa Pty Ltd;1;1;2;8
2026-07-01 00:00:00.000;2026 07;FID001;Fidelity Cares NPC;South Africa;;null;Lyra Southern Africa Pty Ltd;5;5;5;5
2026-07-01 00:00:00.000;2026 07;FID001;Fidelity Cares NPC;South Africa;South Africa;ZA;Lyra Southern Africa Pty Ltd;6;10;11;44
2026-07-01 00:00:00.000;2026 07;FIMBANK;Fimbank;Malta;;null;Lyra Health International Ltd;3;5;5;5
2026-07-01 00:00:00.000;2026 07;FIMBANK;Fimbank;Malta;Malta;MT;Lyra Health International Ltd;3;5;9;53
2026-07-01 00:00:00.000;2026 07;FIN002;Financial Intelligence Centre;South Africa;;null;Lyra Southern Africa Pty Ltd;3;4;4;4
2026-07-01 00:00:00.000;2026 07;FIN002;Financial Intelligence Centre;South Africa;South Africa;ZA;Lyra Southern Africa Pty Ltd;3;4;8;30
2026-07-01 00:00:00.000;2026 07;FINNOVAEAP;Finnova AG;Germany;Switzerland;CH;Lyra Schweiz GmbH;1;1;2;2
2026-07-01 00:00:00.000;2026 07;FINNOVAEAP;Finnova AG;Switzerland;;null;Lyra Schweiz GmbH;1;1;1;1
2026-07-01 00:00:00.000;2026 07;FINNOVAEAP;Finnova AG;Switzerland;Switzerland;CH;Lyra Schweiz GmbH;1;1;3;5
2026-07-01 00:00:00.000;2026 07;FIR001;FirstRand Limited;Brazil;South Africa;ZA;Lyra Southern Africa Pty Ltd;1;1;3;15
2026-07-01 00:00:00.000;2026 07;FIR001;FirstRand Limited;South Africa;;null;Lyra Southern Africa Pty Ltd;122;144;144;145
2026-07-01 00:00:00.000;2026 07;FIR001;FirstRand Limited;South Africa;South Africa;ZA;Lyra Southern Africa Pty Ltd;136;175;281;2019
2026-07-01 00:00:00.000;2026 07;FIR002;Firmenich Production;South Africa;;null;Lyra Southern Africa Pty Ltd;2;3;3;3
2026-07-01 00:00:00.000;2026 07;FIR002;Firmenich Production;South Africa;South Africa;ZA;Lyra Southern Africa Pty Ltd;2;3;3;23
2026-07-01 00:00:00.000;2026 07;FLS001;FLSmidth Pty Ltd;South Africa;;null;Lyra Southern Africa Pty Ltd;3;3;3;3
2026-07-01 00:00:00.000;2026 07;FLS001;FLSmidth Pty Ltd;South Africa;South Africa;ZA;Lyra Southern Africa Pty Ltd;3;4;7;47
2026-07-01 00:00:00.000;2026 07;FNB001;FNB Lesotho;Lesotho;;null;Lyra Southern Africa Pty Ltd;1;1;1;1
2026-07-01 00:00:00.000;2026 07;FNB001;FNB Lesotho;Lesotho;Lesotho;LS;Lyra Southern Africa Pty Ltd;2;4;8;18
2026-07-01 00:00:00.000;2026 07;FNB001;FNB Lesotho;South Africa;;null;Lyra Southern Africa Pty Ltd;3;6;6;7
2026-07-01 00:00:00.000;2026 07;FNB001;FNB Lesotho;South Africa;Lesotho;LS;Lyra Southern Africa Pty Ltd;1;3;4;9
2026-07-01 00:00:00.000;2026 07;FNB001;FNB Lesotho;South Africa;South Africa;ZA;Lyra Southern Africa Pty Ltd;1;2;3;72
2026-07-01 00:00:00.000;2026 07;FNB001;FNB Lesotho;United States of America;;null;Lyra Southern Africa Pty Ltd;1;1;1;1
2026-07-01 00:00:00.000;2026 07;FNB001;FNB Lesotho;United States of America;South Africa;ZA;Lyra Southern Africa Pty Ltd;1;1;1;8
2026-07-01 00:00:00.000;2026 07;FNB006;FNB eSwatini;Eswatini;;null;Lyra Southern Africa Pty Ltd;4;4;4;4
2026-07-01 00:00:00.000;2026 07;FNB006;FNB eSwatini;Eswatini;Eswatini;SZ;Lyra Southern Africa Pty Ltd;3;3;4;37
2026-07-01 00:00:00.000;2026 07;FOR002;Forge Academy;South Africa;South Africa;ZA;Lyra Southern Africa Pty Ltd;0;1;2;4
2026-07-01 00:00:00.000;2026 07;FORTIVE;Fortive;Argentina;;null;Lyra Health International Ltd;1;1;1;4
2026-07-01 00:00:00.000;2026 07;FORTIVE;Fortive;Mexico;;null;Lyra Health International Ltd;2;3;3;7
2026-07-01 00:00:00.000;2026 07;FORTIVE;Fortive;Mexico;Germany;DE;Lyra Health International Ltd;1;1;1;2
2026-07-01 00:00:00.000;2026 07;FORTIVE;Fortive;Mexico;Mexico;MX;Lyra Health International Ltd;1;2;3;7
2026-07-01 00:00:00.000;2026 07;FORTUNEBRANDS;Fortune Brands;Mexico;;null;Lyra Health International Ltd;1;2;2;2
2026-07-01 00:00:00.000;2026 07;FORTUNEBRANDS;Fortune Brands;Mexico;Mexico;MX;Lyra Health International Ltd;2;3;4;18
2026-07-01 00:00:00.000;2026 07;FOTOCASA26;Adevintia;Spain;Spain;ES;Lyra Spain SLU;0;1;1;9
2026-07-01 00:00:00.000;2026 07;FRAISAEAP;Fraisa SA;Switzerland;;null;Lyra Schweiz GmbH;1;1;1;1
2026-07-01 00:00:00.000;2026 07;FRAISAEAP;Fraisa SA;Switzerland;Switzerland;CH;Lyra Schweiz GmbH;1;1;2;36
2026-07-01 00:00:00.000;2026 07;FRANKEEAP;Franke;Germany;;null;Lyra Deutschland GmBH;3;3;3;3
2026-07-01 00:00:00.000;2026 07;FRANKEEAP;Franke;Germany;Germany;DE;Lyra Deutschland GmBH;2;2;2;30
2026-07-01 00:00:00.000;2026 07;FRE001;Freedom Park;South Africa;;null;Lyra Southern Africa Pty Ltd;1;2;2;2
2026-07-01 00:00:00.000;2026 07;FRE001;Freedom Park;South Africa;South Africa;ZA;Lyra Southern Africa Pty Ltd;1;2;3;4
2026-07-01 00:00:00.000;2026 07;FREEMONTSG;Freemont Capital Pte. Ltd;Singapore;;null;Lyra Health Singapore Pte Ltd;7;9;9;9
2026-07-01 00:00:00.000;2026 07;FREEMONTSG;Freemont Capital Pte. Ltd;Singapore;Singapore;SG;Lyra Health Singapore Pte Ltd;8;10;11;104
2026-07-01 00:00:00.000;2026 07;FSC001;FSCA Financial Sector Conduct Authority;South Africa;;null;Lyra Southern Africa Pty Ltd;2;2;2;2
2026-07-01 00:00:00.000;2026 07;FSC001;FSCA Financial Sector Conduct Authority;South Africa;South Africa;ZA;Lyra Southern Africa Pty Ltd;2;3;3;35
2026-07-01 00:00:00.000;2026 07;FTI001;Fire Topaz Investments (Pty) Ltd;South Africa;;null;Lyra Southern Africa Pty Ltd;8;9;9;11
2026-07-01 00:00:00.000;2026 07;FTI001;Fire Topaz Investments (Pty) Ltd;South Africa;South Africa;ZA;Lyra Southern Africa Pty Ltd;8;9;13;44
2026-07-01 00:00:00.000;2026 07;FUJ2236;FUJITSU AUSTRALIA LTD;Philippines;;null;Lyra Health International Ltd;1;1;1;1
2026-07-01 00:00:00.000;2026 07;FUJ2236;FUJITSU AUSTRALIA LTD;Philippines;Philippines;PH;Lyra Health International Ltd;1;1;1;7
2026-07-01 00:00:00.000;2026 07;FUJ2236;FUJITSU AUSTRALIA LTD;Singapore;;null;Lyra Health International Ltd;1;1;1;2
2026-07-01 00:00:00.000;2026 07;FUJ2236;FUJITSU AUSTRALIA LTD;Singapore;Singapore;SG;Lyra Health International Ltd;1;1;1;31
2026-07-01 00:00:00.000;2026 07;FUT001;Future Forex SA PTY Ltd;South Africa;;null;Lyra Southern Africa Pty Ltd;7;7;7;7
2026-07-01 00:00:00.000;2026 07;FUT001;Future Forex SA PTY Ltd;South Africa;South Africa;ZA;Lyra Southern Africa Pty Ltd;7;9;13;79
2026-07-01 00:00:00.000;2026 07;G2NUBERA26;G2 NUBERA;Spain;;null;Lyra Spain SLU;0;1;1;1
2026-07-01 00:00:00.000;2026 07;G2NUBERA26;G2 NUBERA;Spain;Spain;ES;Lyra Spain SLU;0;2;5;17
2026-07-01 00:00:00.000;2026 07;GALLAGHER;Gallagher;India;;null;Lyra Mental Health India Private Limited;2;5;5;5
2026-07-01 00:00:00.000;2026 07;GALLAGHER;Gallagher;India;India;IN;Lyra Mental Health India Private Limited;2;5;7;37
2026-07-01 00:00:00.000;2026 07;GARTNER;GARTNER;United Kingdom;India;IN;Lyra Health International Ltd;0;1;1;1
2026-07-01 00:00:00.000;2026 07;GAT001;Gattaca Services South Africa;South Africa;South Africa;ZA;Lyra Southern Africa Pty Ltd;0;1;1;3
2026-07-01 00:00:00.000;2026 07;GAU001;Gauteng Gambling Board;South Africa;;null;Lyra Southern Africa Pty Ltd;2;2;2;2
2026-07-01 00:00:00.000;2026 07;GAU001;Gauteng Gambling Board;South Africa;South Africa;ZA;Lyra Southern Africa Pty Ltd;2;2;2;5
2026-07-01 00:00:00.000;2026 07;GAU003;Gauteng Partnership Trust;South Africa;;null;Lyra Southern Africa Pty Ltd;1;1;1;1
2026-07-01 00:00:00.000;2026 07;GAU003;Gauteng Partnership Trust;South Africa;South Africa;ZA;Lyra Southern Africa Pty Ltd;2;2;6;19
2026-07-01 00:00:00.000;2026 07;GB;GB GROUP;Mexico;;null;Lyra Health International Ltd;1;1;1;1
2026-07-01 00:00:00.000;2026 07;GB;GB GROUP;Mexico;Mexico;MX;Lyra Health International Ltd;1;1;1;6
2026-07-01 00:00:00.000;2026 07;GCS001;GCS Green Cape Sector Development Agency;South Africa;;null;Lyra Southern Africa Pty Ltd;2;2;2;2
2026-07-01 00:00:00.000;2026 07;GCS001;GCS Green Cape Sector Development Agency;South Africa;South Africa;ZA;Lyra Southern Africa Pty Ltd;2;2;4;36
2026-07-01 00:00:00.000;2026 07;GCT001;Groot Constantia Trust NPC RF;South Africa;;null;Lyra Southern Africa Pty Ltd;0;1;1;1
2026-07-01 00:00:00.000;2026 07;GCT001;Groot Constantia Trust NPC RF;South Africa;South Africa;ZA;Lyra Southern Africa Pty Ltd;0;1;1;7
2026-07-01 00:00:00.000;2026 07;GDA;Grupo Diagnóstico Aries GDA;Mexico;;null;Lyra Mexico and Central America;18;19;19;19
2026-07-01 00:00:00.000;2026 07;GDA;Grupo Diagnóstico Aries GDA;Mexico;Mexico;MX;Lyra Mexico and Central America;18;19;27;145
2026-07-01 00:00:00.000;2026 07;GDR;Stardream Cruises Genting Dream;Indonesia;;null;Lyra Health Malaysia Sdn Bhd;1;2;3;3
2026-07-01 00:00:00.000;2026 07;GDR;Stardream Cruises Genting Dream;Indonesia;Malaysia;MY;Lyra Health Malaysia Sdn Bhd;1;1;1;17
2026-07-01 00:00:00.000;2026 07;GDR;Stardream Cruises Genting Dream;Indonesia;Singapore;SG;Lyra Health Malaysia Sdn Bhd;1;2;5;51
2026-07-01 00:00:00.000;2026 07;GDR;Stardream Cruises Genting Dream;United Kingdom;;null;Lyra Health Malaysia Sdn Bhd;2;2;2;2
2026-07-01 00:00:00.000;2026 07;GDR;Stardream Cruises Genting Dream;United Kingdom;Singapore;SG;Lyra Health Malaysia Sdn Bhd;2;2;2;24
2026-07-01 00:00:00.000;2026 07;GEDETH26;Gedeth Network;Spain;;null;Lyra Spain SLU;0;1;1;1
2026-07-01 00:00:00.000;2026 07;GEDETH26;Gedeth Network;Spain;Spain;ES;Lyra Spain SLU;0;1;3;10
2026-07-01 00:00:00.000;2026 07;GEM001;GEMS Government Employee Medical Scheme;South Africa;;null;Lyra Southern Africa Pty Ltd;2;4;4;4
2026-07-01 00:00:00.000;2026 07;GEM001;GEMS Government Employee Medical Scheme;South Africa;South Africa;ZA;Lyra Southern Africa Pty Ltd;2;6;6;28
2026-07-01 00:00:00.000;2026 07;GEN001;General Public Service Sectoral Bargaining Council;South Africa;;null;Lyra Southern Africa Pty Ltd;2;2;2;2
2026-07-01 00:00:00.000;2026 07;GEN001;General Public Service Sectoral Bargaining Council;South Africa;South Africa;ZA;Lyra Southern Africa Pty Ltd;2;2;4;27
2026-07-01 00:00:00.000;2026 07;GEN002;Genii Analytics;South Africa;;null;Lyra Southern Africa Pty Ltd;1;1;1;1
2026-07-01 00:00:00.000;2026 07;GEN002;Genii Analytics;South Africa;South Africa;ZA;Lyra Southern Africa Pty Ltd;1;1;1;6
2026-07-01 00:00:00.000;2026 07;GENESYS;Genesys;India;;null;Lyra Health International Ltd;2;3;3;3
2026-07-01 00:00:00.000;2026 07;GENESYS;Genesys;India;India;IN;Lyra Health International Ltd;2;4;4;71
2026-07-01 00:00:00.000;2026 07;GETNET123;Get Net;Mexico;;null;Lyra Mexico and Central America;8;9;9;9
2026-07-01 00:00:00.000;2026 07;GETNET123;Get Net;Mexico;Mexico;MX;Lyra Mexico and Central America;8;9;12;114
2026-07-01 00:00:00.000;2026 07;GEVERNOVA;GE Vernova;Indonesia;Colombia;CO;ICAS Latina;0;1;1;1
2026-07-01 00:00:00.000;2026 07;GEVERNOVA;GE Vernova;Mexico;;null;ICAS Latina;0;1;1;1
2026-07-01 00:00:00.000;2026 07;GEVERNOVA;GE Vernova;United States of America;;null;ICAS Latina;1;1;2;2
2026-07-01 00:00:00.000;2026 07;GHD;GHD Pty Ltd;Indonesia;;null;Lyra Health International Ltd;0;1;1;1
2026-07-01 00:00:00.000;2026 07;GHD;GHD Pty Ltd;Indonesia;Indonesia;ID;Lyra Health International Ltd;0;1;2;5
2026-07-01 00:00:00.000;2026 07;GHDXICAS;GHD Middle East;United Arab Emirates;;null;Lyra Health International Ltd (DMCC) Branch (MENA);3;5;5;5
2026-07-01 00:00:00.000;2026 07;GHDXICAS;GHD Middle East;United Arab Emirates;United Arab Emirates;AE;Lyra Health International Ltd (DMCC) Branch (MENA);3;6;18;82
2026-07-01 00:00:00.000;2026 07;GHDXICAS;GHD Middle East;United Kingdom;Qatar;QA;Lyra Health International Ltd (DMCC) Branch (MENA);0;1;1;9
2026-07-01 00:00:00.000;2026 07;GIAHUB;Gemological Institute of America;Botswana;;null;ICAS Botswana;1;1;1;1
2026-07-01 00:00:00.000;2026 07;GIAHUB;Gemological Institute of America;Botswana;Botswana;BW;ICAS Botswana;1;1;1;4
2026-07-01 00:00:00.000;2026 07;GIB003;GIBS Gordon Institute of Business Science;South Africa;;null;Lyra Southern Africa Pty Ltd;2;2;2;2
2026-07-01 00:00:00.000;2026 07;GIB003;GIBS Gordon Institute of Business Science;South Africa;South Africa;ZA;Lyra Southern Africa Pty Ltd;2;2;3;19
2026-07-01 00:00:00.000;2026 07;GIC;GIC;Singapore;;null;Lyra Health Singapore Pte Ltd;2;2;2;2
2026-07-01 00:00:00.000;2026 07;GIC;GIC;Singapore;Singapore;SG;Lyra Health Singapore Pte Ltd;2;2;2;17
2026-07-01 00:00:00.000;2026 07;GLO005;Global Load Control;Namibia;;null;Lyra Southern Africa Pty Ltd;3;3;3;3
2026-07-01 00:00:00.000;2026 07;GLO005;Global Load Control;Namibia;Namibia;NA;Lyra Southern Africa Pty Ltd;3;3;10;129
2026-07-01 00:00:00.000;2026 07;GMUAEXICAS;General Motors Middle East;India;;null;Lyra Health International Ltd (DMCC) Branch (MENA);1;1;1;1
2026-07-01 00:00:00.000;2026 07;GMUAEXICAS;General Motors Middle East;India;United Arab Emirates;AE;Lyra Health International Ltd (DMCC) Branch (MENA);1;1;1;25
2026-07-01 00:00:00.000;2026 07;GOLDMANSACHS;Goldman Sachs;Germany;;null;Lyra Health International Ltd;1;1;1;1
2026-07-01 00:00:00.000;2026 07;GOLDMANSACHS;Goldman Sachs;Germany;Germany;DE;Lyra Health International Ltd;1;2;3;10
2026-07-01 00:00:00.000;2026 07;GOLDMANSACHS;Goldman Sachs;Netherlands;;null;Lyra Health International Ltd;2;3;3;3
2026-07-01 00:00:00.000;2026 07;GOLDMANSACHS;Goldman Sachs;Netherlands;Netherlands;NL;Lyra Health International Ltd;2;3;3;123
2026-07-01 00:00:00.000;2026 07;GOLDMANSACHS;Goldman Sachs;Netherlands;United Kingdom;GB;Lyra Health International Ltd;0;1;6;46
2026-07-01 00:00:00.000;2026 07;GOLDMANSACHS;Goldman Sachs;Poland;;null;Lyra Health International Ltd;1;3;3;3
2026-07-01 00:00:00.000;2026 07;GOLDMANSACHS;Goldman Sachs;Poland;Poland;PL;Lyra Health International Ltd;1;4;6;35
2026-07-01 00:00:00.000;2026 07;GOLDMANSACHS;Goldman Sachs;Switzerland;;null;Lyra Health International Ltd;1;1;1;1
2026-07-01 00:00:00.000;2026 07;GOLDMANSACHS;Goldman Sachs;Switzerland;Switzerland;CH;Lyra Health International Ltd;1;1;2;20
2026-07-01 00:00:00.000;2026 07;GOLDMANSACHS;Goldman Sachs;United Arab Emirates;;null;Lyra Health International Ltd;2;2;2;2
2026-07-01 00:00:00.000;2026 07;GOLDMANSACHS;Goldman Sachs;United Arab Emirates;United Arab Emirates;AE;Lyra Health International Ltd;2;2;5;15
2026-07-01 00:00:00.000;2026 07;GOLDMANSACHS;Goldman Sachs;United Kingdom;;null;Lyra Health International Ltd;39;43;43;43
2026-07-01 00:00:00.000;2026 07;GOLDMANSACHS;Goldman Sachs;United Kingdom;Germany;DE;Lyra Health International Ltd;1;1;1;49
2026-07-01 00:00:00.000;2026 07;GOLDMANSACHS;Goldman Sachs;United Kingdom;Poland;PL;Lyra Health International Ltd;1;1;1;4
2026-07-01 00:00:00.000;2026 07;GOLDMANSACHS;Goldman Sachs;United Kingdom;United Kingdom;GB;Lyra Health International Ltd;34;38;55;386
2026-07-01 00:00:00.000;2026 07;GOLDSTANDARD;The Gold Standard Foundation;Switzerland;;null;Lyra Health International Ltd;1;1;1;1
2026-07-01 00:00:00.000;2026 07;GOLDSTANDARD;The Gold Standard Foundation;United Kingdom;;null;Lyra Health International Ltd;2;3;3;3
2026-07-01 00:00:00.000;2026 07;GOLDSTANDARD;The Gold Standard Foundation;United Kingdom;United Kingdom;GB;Lyra Health International Ltd;2;3;8;69
2026-07-01 00:00:00.000;2026 07;GQ;Globeleq;South Africa;;null;Lyra Health International Ltd;2;3;3;3
2026-07-01 00:00:00.000;2026 07;GQ;Globeleq;South Africa;South Africa;ZA;Lyra Health International Ltd;2;3;6;39
2026-07-01 00:00:00.000;2026 07;GRA003;Gransolar Development and Construction Pty Ltd;South Africa;;null;Lyra Southern Africa Pty Ltd;1;1;1;1
2026-07-01 00:00:00.000;2026 07;GRA003;Gransolar Development and Construction Pty Ltd;South Africa;South Africa;ZA;Lyra Southern Africa Pty Ltd;1;1;2;6
2026-07-01 00:00:00.000;2026 07;GRA004;Grace Village Management Pty Ltd;South Africa;;null;Lyra Southern Africa Pty Ltd;1;1;1;1
2026-07-01 00:00:00.000;2026 07;GRA004;Grace Village Management Pty Ltd;South Africa;South Africa;ZA;Lyra Southern Africa Pty Ltd;1;1;1;2
2026-07-01 00:00:00.000;2026 07;GRACEEAP;Grace Loves Lace;United States of America;;null;Lyra Health International Ltd;1;1;1;1
2026-07-01 00:00:00.000;2026 07;GRACEEAP;Grace Loves Lace;United States of America;United States of America;US;Lyra Health International Ltd;1;1;1;12
2026-07-01 00:00:00.000;2026 07;GREENGIRAFFEHUB22;green giraffe;France;;null;Lyra Health International Ltd;1;1;2;2
2026-07-01 00:00:00.000;2026 07;GREENGIRAFFEHUB22;green giraffe;France;France;FR;Lyra Health International Ltd;2;2;5;23
2026-07-01 00:00:00.000;2026 07;GREENGIRAFFEHUB22;green giraffe;Netherlands;;null;Lyra Health International Ltd;1;1;1;1
2026-07-01 00:00:00.000;2026 07;GREENGIRAFFEHUB22;green giraffe;Netherlands;Netherlands;NL;Lyra Health International Ltd;1;1;1;1
2026-07-01 00:00:00.000;2026 07;GREENGIRAFFEHUB22;green giraffe;South Africa;;null;Lyra Health International Ltd;1;1;1;1
2026-07-01 00:00:00.000;2026 07;GREENGIRAFFEHUB22;green giraffe;South Africa;South Africa;ZA;Lyra Health International Ltd;1;1;1;3
2026-07-01 00:00:00.000;2026 07;GRI001;Grindrod Freight Services;South Africa;;null;Lyra Southern Africa Pty Ltd;0;1;1;1
2026-07-01 00:00:00.000;2026 07;GRI001;Grindrod Freight Services;South Africa;South Africa;ZA;Lyra Southern Africa Pty Ltd;0;3;5;22
2026-07-01 00:00:00.000;2026 07;GRO001;Grobank Limited;South Africa;;null;Lyra Southern Africa Pty Ltd;1;1;1;1
2026-07-01 00:00:00.000;2026 07;GRO001;Grobank Limited;South Africa;South Africa;ZA;Lyra Southern Africa Pty Ltd;1;2;2;11
2026-07-01 00:00:00.000;2026 07;GRUNENTHAL;Grunenthal;Belgium;Belgium;BE;Lyra Health International Ltd;0;1;1;5
2026-07-01 00:00:00.000;2026 07;GRUNENTHAL;Grunenthal;Netherlands;;null;Lyra Health International Ltd;1;1;1;1
2026-07-01 00:00:00.000;2026 07;GRUNENTHAL;Grunenthal;Netherlands;Belgium;BE;Lyra Health International Ltd;1;1;1;9
2026-07-01 00:00:00.000;2026 07;GRUPOBIMBO;Grupo Bimbo;Mexico;;null;Lyra Mexico and Central America;156;171;173;174
2026-07-01 00:00:00.000;2026 07;GRUPOBIMBO;Grupo Bimbo;Mexico;Mexico;MX;Lyra Mexico and Central America;157;186;267;1653
2026-07-01 00:00:00.000;2026 07;GRUPOBIMBO;Grupo Bimbo;United States of America;Mexico;MX;Lyra Mexico and Central America;2;2;2;5
2026-07-01 00:00:00.000;2026 07;GRUPOGUSI;Grupo Gusi;Mexico;;null;Lyra Mexico and Central America;1;1;1;1
2026-07-01 00:00:00.000;2026 07;GRUPOGUSI;Grupo Gusi;Mexico;Mexico;MX;Lyra Mexico and Central America;1;1;2;10
2026-07-01 00:00:00.000;2026 07;GRUPOTERAN;Grupo Teran;Mexico;;null;Lyra Mexico and Central America;2;3;3;3
2026-07-01 00:00:00.000;2026 07;GRUPOTERAN;Grupo Teran;Mexico;Mexico;MX;Lyra Mexico and Central America;2;3;3;18
2026-07-01 00:00:00.000;2026 07;GRUPOTRACSA;Grupo Tracsa;Mexico;;null;Lyra Mexico and Central America;24;30;30;32
2026-07-01 00:00:00.000;2026 07;GRUPOTRACSA;Grupo Tracsa;Mexico;Mexico;MX;Lyra Mexico and Central America;25;33;39;396
2026-07-01 00:00:00.000;2026 07;GUNVORHUB;Gunvor;France;;null;Lyra Health International Ltd;1;1;1;1
2026-07-01 00:00:00.000;2026 07;GUNVORHUB;Gunvor;France;Switzerland;CH;Lyra Health International Ltd;1;1;1;4
2026-07-01 00:00:00.000;2026 07;H2OEAP;H2O Innovation;United Kingdom;;null;Lyra Health International Ltd;1;1;1;1
2026-07-01 00:00:00.000;2026 07;H2OEAP;H2O Innovation;United Kingdom;United Kingdom;GB;Lyra Health International Ltd;1;1;1;1
2026-07-01 00:00:00.000;2026 07;HAM001;H and M;South Africa;;null;Lyra Southern Africa Pty Ltd;4;7;8;8
2026-07-01 00:00:00.000;2026 07;HAM001;H and M;South Africa;South Africa;ZA;Lyra Southern Africa Pty Ltd;9;13;22;160
2026-07-01 00:00:00.000;2026 07;HANGSENG;Hang Seng (HSBC);Hong Kong;;null;Lyra Health International Ltd;3;3;3;3
2026-07-01 00:00:00.000;2026 07;HANGSENG;Hang Seng (HSBC);Hong Kong;Hong Kong;HK;Lyra Health International Ltd;3;3;5;58
2026-07-01 00:00:00.000;2026 07;HAPPINESS;Intertek;Guatemala;;null;Lyra Mexico and Central America;2;2;2;2
2026-07-01 00:00:00.000;2026 07;HAPPINESS;Intertek;Guatemala;Guatemala;GT;Lyra Mexico and Central America;2;2;4;30
2026-07-01 00:00:00.000;2026 07;HAPPINESS;Intertek;Mexico;;null;Lyra Mexico and Central America;9;11;11;12
2026-07-01 00:00:00.000;2026 07;HAPPINESS;Intertek;Mexico;Mexico;MX;Lyra Mexico and Central America;9;11;22;201
2026-07-01 00:00:00.000;2026 07;HARMONIC;Harmonic;Canada;;null;Lyra Health International Ltd;1;1;1;1
2026-07-01 00:00:00.000;2026 07;HARMONIC;Harmonic;Canada;United Kingdom;GB;Lyra Health International Ltd;1;1;1;3
2026-07-01 00:00:00.000;2026 07;HAT001;Hatch;South Africa;;null;Lyra Southern Africa Pty Ltd;1;1;1;1
2026-07-01 00:00:00.000;2026 07;HAT001;Hatch;South Africa;South Africa;ZA;Lyra Southern Africa Pty Ltd;1;1;2;6
2026-07-01 00:00:00.000;2026 07;HCL;HCL;Belgium;Belgium;BE;Lyra Health International Ltd;1;1;1;1
2026-07-01 00:00:00.000;2026 07;HCL;HCL;Bulgaria;;null;Lyra Health International Ltd;2;2;2;2
2026-07-01 00:00:00.000;2026 07;HCL;HCL;Bulgaria;Bulgaria;BG;Lyra Health International Ltd;2;2;2;17
2026-07-01 00:00:00.000;2026 07;HCL;HCL;Germany;;null;Lyra Health International Ltd;1;1;1;1
2026-07-01 00:00:00.000;2026 07;HCL;HCL;Germany;Germany;DE;Lyra Health International Ltd;1;1;1;53
2026-07-01 00:00:00.000;2026 07;HCL;HCL;Morocco;;null;Lyra Health International Ltd;1;1;1;1
2026-07-01 00:00:00.000;2026 07;HCL;HCL;Morocco;Morocco;MA;Lyra Health International Ltd;1;1;1;7
2026-07-01 00:00:00.000;2026 07;HCL;HCL;Netherlands;;null;Lyra Health International Ltd;1;1;1;1
2026-07-01 00:00:00.000;2026 07;HCL;HCL;Netherlands;Netherlands;NL;Lyra Health International Ltd;2;2;2;13
2026-07-01 00:00:00.000;2026 07;HCL;HCL;Norway;;null;Lyra Health International Ltd;1;1;1;1
2026-07-01 00:00:00.000;2026 07;HCL;HCL;Norway;Norway;NO;Lyra Health International Ltd;1;1;2;9
2026-07-01 00:00:00.000;2026 07;HCL;HCL;Poland;;null;Lyra Health International Ltd;1;1;1;1
2026-07-01 00:00:00.000;2026 07;HCL;HCL;Poland;Poland;PL;Lyra Health International Ltd;1;1;1;6
2026-07-01 00:00:00.000;2026 07;HCL;HCL;Portugal;;null;Lyra Health International Ltd;1;1;1;1
2026-07-01 00:00:00.000;2026 07;HCL;HCL;Portugal;Germany;DE;Lyra Health International Ltd;1;1;1;23
2026-07-01 00:00:00.000;2026 07;HCL;HCL;Romania;;null;Lyra Health International Ltd;2;3;3;3
2026-07-01 00:00:00.000;2026 07;HCL;HCL;Romania;Romania;RO;Lyra Health International Ltd;2;3;3;62
2026-07-01 00:00:00.000;2026 07;HCL;HCL;South Africa;;null;Lyra Health International Ltd;0;1;1;1
2026-07-01 00:00:00.000;2026 07;HCL;HCL;South Africa;South Africa;ZA;Lyra Health International Ltd;1;2;2;23
2026-07-01 00:00:00.000;2026 07;HCL;HCL;Spain;;null;Lyra Health International Ltd;3;3;3;3
2026-07-01 00:00:00.000;2026 07;HCL;HCL;Spain;Spain;ES;Lyra Health International Ltd;3;3;6;12
2026-07-01 00:00:00.000;2026 07;HCL;HCL;Sweden;;null;Lyra Health International Ltd;3;3;3;3
2026-07-01 00:00:00.000;2026 07;HCL;HCL;Sweden;Sweden;SE;Lyra Health International Ltd;3;3;5;23
2026-07-01 00:00:00.000;2026 07;HCL;HCL;United Kingdom;;null;Lyra Health International Ltd;9;9;9;9
2026-07-01 00:00:00.000;2026 07;HCL;HCL;United Kingdom;United Kingdom;GB;Lyra Health International Ltd;10;10;17;98
2026-07-01 00:00:00.000;2026 07;HCL;HCL;United States of America;;null;Lyra Health International Ltd;1;1;1;1
2026-07-01 00:00:00.000;2026 07;HCL;HCL;United States of America;United Kingdom;GB;Lyra Health International Ltd;1;1;1;1
2026-07-01 00:00:00.000;2026 07;HDFCLIFE;HDFC Life;India;;null;Lyra Mental Health India Private Limited;8;8;8;8
2026-07-01 00:00:00.000;2026 07;HDFCLIFE;HDFC Life;India;India;IN;Lyra Mental Health India Private Limited;8;8;8;89
2026-07-01 00:00:00.000;2026 07;HEA006;Health Professions Council of South Africa;South Africa;;null;Lyra Southern Africa Pty Ltd;1;1;1;1
2026-07-01 00:00:00.000;2026 07;HEA006;Health Professions Council of South Africa;South Africa;South Africa;ZA;Lyra Southern Africa Pty Ltd;1;2;5;61
2026-07-01 00:00:00.000;2026 07;HEINEKEN;Heineken Malaysia Berhad;Malaysia;;null;Lyra Health Malaysia Sdn Bhd;2;2;2;2
2026-07-01 00:00:00.000;2026 07;HEINEKEN;Heineken Malaysia Berhad;Malaysia;Malaysia;MY;Lyra Health Malaysia Sdn Bhd;2;2;2;19
2026-07-01 00:00:00.000;2026 07;HEIZMANNHUB;Heizmann AG;Switzerland;;null;Lyra Schweiz GmbH;1;1;1;1
2026-07-01 00:00:00.000;2026 07;HEIZMANNHUB;Heizmann AG;Switzerland;Switzerland;CH;Lyra Schweiz GmbH;1;1;1;12
2026-07-01 00:00:00.000;2026 07;HELIOSTOWERS;Helios Towers;Madagascar;;null;Lyra Health International Ltd;1;1;1;1
2026-07-01 00:00:00.000;2026 07;HELIOSTOWERS;Helios Towers;Madagascar;Madagascar;MG;Lyra Health International Ltd;1;1;1;2
2026-07-01 00:00:00.000;2026 07;HELIOSTOWERS;Helios Towers;Senegal;Senegal;SN;Lyra Health International Ltd;1;1;1;8
2026-07-01 00:00:00.000;2026 07;HELIOSTOWERS;Helios Towers;South Africa;;null;Lyra Health International Ltd;0;1;1;1
2026-07-01 00:00:00.000;2026 07;HELIOSTOWERS;Helios Towers;South Africa;United Arab Emirates;AE;Lyra Health International Ltd;0;1;2;5
2026-07-01 00:00:00.000;2026 07;HELIOSTOWERS;Helios Towers;United Arab Emirates;;null;Lyra Health International Ltd;5;5;6;6
2026-07-01 00:00:00.000;2026 07;HELIOSTOWERS;Helios Towers;United Arab Emirates;United Arab Emirates;AE;Lyra Health International Ltd;4;4;10;34
2026-07-01 00:00:00.000;2026 07;HELIOSTOWERS;Helios Towers;United Kingdom;;null;Lyra Health International Ltd;4;4;5;5
2026-07-01 00:00:00.000;2026 07;HELIOSTOWERS;Helios Towers;United Kingdom;United Kingdom;GB;Lyra Health International Ltd;4;4;8;73
2026-07-01 00:00:00.000;2026 07;HELVETIAHUB1;Helvetia Schweizerische Versicherungsgesellschaft AG;Austria;;null;Lyra Schweiz GmbH;2;2;2;2
2026-07-01 00:00:00.000;2026 07;HELVETIAHUB1;Helvetia Schweizerische Versicherungsgesellschaft AG;Austria;Austria;AT;Lyra Schweiz GmbH;3;3;3;23
2026-07-01 00:00:00.000;2026 07;HELVETIAHUB1;Helvetia Schweizerische Versicherungsgesellschaft AG;France;;null;Lyra Schweiz GmbH;2;2;2;2
2026-07-01 00:00:00.000;2026 07;HELVETIAHUB1;Helvetia Schweizerische Versicherungsgesellschaft AG;France;France;FR;Lyra Schweiz GmbH;1;2;2;10
2026-07-01 00:00:00.000;2026 07;HELVETIAHUB1;Helvetia Schweizerische Versicherungsgesellschaft AG;France;Luxembourg;LU;Lyra Schweiz GmbH;1;1;1;4
2026-07-01 00:00:00.000;2026 07;HELVETIAHUB1;Helvetia Schweizerische Versicherungsgesellschaft AG;Germany;;null;Lyra Schweiz GmbH;1;1;1;1
2026-07-01 00:00:00.000;2026 07;HELVETIAHUB1;Helvetia Schweizerische Versicherungsgesellschaft AG;Germany;Germany;DE;Lyra Schweiz GmbH;0;1;1;11
2026-07-01 00:00:00.000;2026 07;HELVETIAHUB1;Helvetia Schweizerische Versicherungsgesellschaft AG;Germany;Switzerland;CH;Lyra Schweiz GmbH;1;1;1;11
2026-07-01 00:00:00.000;2026 07;HELVETIAHUB1;Helvetia Schweizerische Versicherungsgesellschaft AG;Switzerland;;null;Lyra Schweiz GmbH;4;5;5;5
2026-07-01 00:00:00.000;2026 07;HELVETIAHUB1;Helvetia Schweizerische Versicherungsgesellschaft AG;Switzerland;France;FR;Lyra Schweiz GmbH;1;1;1;32
2026-07-01 00:00:00.000;2026 07;HELVETIAHUB1;Helvetia Schweizerische Versicherungsgesellschaft AG;Switzerland;Switzerland;CH;Lyra Schweiz GmbH;4;8;12;70
2026-07-01 00:00:00.000;2026 07;HELVETIAHUB1;Helvetia Schweizerische Versicherungsgesellschaft AG;United Arab Emirates;;null;Lyra Schweiz GmbH;1;1;1;1
2026-07-01 00:00:00.000;2026 07;HELVETIAHUB1;Helvetia Schweizerische Versicherungsgesellschaft AG;United Arab Emirates;Switzerland;CH;Lyra Schweiz GmbH;1;1;1;4
2026-07-01 00:00:00.000;2026 07;HELVETIAHUB2;Helvetia Baloise;Belgium;;null;Lyra Health International Ltd;6;7;7;10
2026-07-01 00:00:00.000;2026 07;HELVETIAHUB2;Helvetia Baloise;Belgium;Belgium;BE;Lyra Health International Ltd;6;7;11;109
2026-07-01 00:00:00.000;2026 07;HELVETIAHUB2;Helvetia Baloise;France;;null;Lyra Health International Ltd;1;1;1;1
2026-07-01 00:00:00.000;2026 07;HELVETIAHUB2;Helvetia Baloise;Germany;Belgium;BE;Lyra Health International Ltd;1;1;1;5
2026-07-01 00:00:00.000;2026 07;HELVETIAHUB2;Helvetia Baloise;Luxembourg;;null;Lyra Health International Ltd;1;1;1;1
2026-07-01 00:00:00.000;2026 07;HELVETIAHUB2;Helvetia Baloise;Luxembourg;Belgium;BE;Lyra Health International Ltd;1;1;3;24
2026-07-01 00:00:00.000;2026 07;HELVETIAHUB2;Helvetia Baloise;Spain;;null;Lyra Health International Ltd;3;3;3;3
2026-07-01 00:00:00.000;2026 07;HELVETIAHUB2;Helvetia Baloise;Spain;Spain;ES;Lyra Health International Ltd;4;4;7;79
2026-07-01 00:00:00.000;2026 07;HELVETIAHUB2;Helvetia Baloise;Thailand;Belgium;BE;Lyra Health International Ltd;1;1;1;1
2026-07-01 00:00:00.000;2026 07;HELVEX;Helvex;Mexico;;null;Lyra Mexico and Central America;1;1;1;1
2026-07-01 00:00:00.000;2026 07;HELVEX;Helvex;Mexico;Mexico;MX;Lyra Mexico and Central America;1;1;2;32
2026-07-01 00:00:00.000;2026 07;HEN002;Henley Business School;South Africa;;null;Lyra Southern Africa Pty Ltd;1;1;1;1
2026-07-01 00:00:00.000;2026 07;HEN002;Henley Business School;South Africa;South Africa;ZA;Lyra Southern Africa Pty Ltd;1;2;6;52
2026-07-01 00:00:00.000;2026 07;HENKEL;Henkel;India;;null;Lyra Health International Ltd;43;44;44;44
2026-07-01 00:00:00.000;2026 07;HENKEL;Henkel;India;India;IN;Lyra Health International Ltd;44;45;62;468
2026-07-01 00:00:00.000;2026 07;HENKELXLYRA;Henkel MENA;Germany;United Arab Emirates;AE;Lyra Health International Ltd (DMCC) Branch (MENA);0;1;1;43
2026-07-01 00:00:00.000;2026 07;HENKELXLYRA;Henkel MENA;Pakistan;;null;Lyra Health International Ltd (DMCC) Branch (MENA);1;1;1;1
2026-07-01 00:00:00.000;2026 07;HENKELXLYRA;Henkel MENA;Pakistan;United Arab Emirates;AE;Lyra Health International Ltd (DMCC) Branch (MENA);1;1;1;13
2026-07-01 00:00:00.000;2026 07;HENKELXLYRA;Henkel MENA;Saudi Arabia;;null;Lyra Health International Ltd (DMCC) Branch (MENA);4;7;7;7
2026-07-01 00:00:00.000;2026 07;HENKELXLYRA;Henkel MENA;Saudi Arabia;Saudi Arabia;SA;Lyra Health International Ltd (DMCC) Branch (MENA);4;11;17;158
2026-07-01 00:00:00.000;2026 07;HENKELXLYRA;Henkel MENA;United Arab Emirates;United Arab Emirates;AE;Lyra Health International Ltd (DMCC) Branch (MENA);0;1;1;2
2026-07-01 00:00:00.000;2026 07;HEXAGON;Leica Geosystems Pty Limited - aka HEXAGON MINING;Australia;;null;Lyra Health International Ltd;0;1;1;3
2026-07-01 00:00:00.000;2026 07;HEXAGON;Leica Geosystems Pty Limited - aka HEXAGON MINING;Australia;Indonesia;ID;Lyra Health International Ltd;0;1;1;14
2026-07-01 00:00:00.000;2026 07;HEXAGON;Leica Geosystems Pty Limited - aka HEXAGON MINING;Indonesia;;null;Lyra Health International Ltd;0;1;1;1
2026-07-01 00:00:00.000;2026 07;HEXAGON;Leica Geosystems Pty Limited - aka HEXAGON MINING;Indonesia;Indonesia;ID;Lyra Health International Ltd;0;2;6;55
2026-07-01 00:00:00.000;2026 07;HIG002;HIGHER EDUCATION AND TRAINING HEALTH WELLNESS AND DEVELOPMENT CENTRE;South Africa;South Africa;ZA;Lyra Southern Africa Pty Ltd;0;2;3;21
2026-07-01 00:00:00.000;2026 07;HILITESTLYRA;HILIVENTURES (Test Preview);Malta;;null;Lyra;0;1;1;1
2026-07-01 00:00:00.000;2026 07;HILITESTLYRA;HILIVENTURES (Test Preview);Malta;United Kingdom;GB;Lyra;0;1;4;89
2026-07-01 00:00:00.000;2026 07;HIRSAARAU;Hirslanden-Klinik Aarau;Switzerland;Switzerland;CH;Lyra Schweiz GmbH;0;1;1;1
2026-07-01 00:00:00.000;2026 07;HIRSCECIL;Hirslanden Clinique Cecil;France;Switzerland;CH;Lyra Schweiz GmbH;1;1;1;13
2026-07-01 00:00:00.000;2026 07;HIRSCECIL;Hirslanden Clinique Cecil;Switzerland;Switzerland;CH;Lyra Schweiz GmbH;1;1;2;2
2026-07-01 00:00:00.000;2026 07;HIRSCORP;Hirslanden Corporate Office;Switzerland;Switzerland;CH;Lyra Schweiz GmbH;1;1;1;2
2026-07-01 00:00:00.000;2026 07;HISCOX;Hiscox;France;;null;Lyra Health International Ltd;1;1;1;1
2026-07-01 00:00:00.000;2026 07;HISCOX;Hiscox;France;France;FR;Lyra Health International Ltd;1;1;1;2
2026-07-01 00:00:00.000;2026 07;HISCOX;Hiscox;Portugal;;null;Lyra Health International Ltd;2;3;3;3
2026-07-01 00:00:00.000;2026 07;HISCOX;Hiscox;Portugal;Portugal;PT;Lyra Health International Ltd;2;3;4;85
2026-07-01 00:00:00.000;2026 07;HLH001;HLH;South Africa;;null;Lyra Southern Africa Pty Ltd;3;4;5;5
2026-07-01 00:00:00.000;2026 07;HLH001;HLH;South Africa;South Africa;ZA;Lyra Southern Africa Pty Ltd;3;4;10;36
2026-07-01 00:00:00.000;2026 07;HM;H&M Group;Austria;;null;Lyra Health International Ltd;1;1;1;1
2026-07-01 00:00:00.000;2026 07;HM;H&M Group;Austria;Austria;AT;Lyra Health International Ltd;2;2;2;6
2026-07-01 00:00:00.000;2026 07;HM;H&M Group;Estonia;;null;Lyra Health International Ltd;1;1;1;1
2026-07-01 00:00:00.000;2026 07;HM;H&M Group;Estonia;Netherlands;NL;Lyra Health International Ltd;1;1;1;3
2026-07-01 00:00:00.000;2026 07;HM;H&M Group;Germany;;null;Lyra Health International Ltd;29;38;39;39
2026-07-01 00:00:00.000;2026 07;HM;H&M Group;Germany;Germany;DE;Lyra Health International Ltd;34;45;108;983
2026-07-01 00:00:00.000;2026 07;HM;H&M Group;Netherlands;;null;Lyra Health International Ltd;8;9;9;9
2026-07-01 00:00:00.000;2026 07;HM;H&M Group;Netherlands;Netherlands;NL;Lyra Health International Ltd;8;11;17;104
2026-07-01 00:00:00.000;2026 07;HM;H&M Group;South Africa;;null;Lyra Health International Ltd;2;3;4;5
2026-07-01 00:00:00.000;2026 07;HM;H&M Group;South Africa;Germany;DE;Lyra Health International Ltd;1;1;1;3
2026-07-01 00:00:00.000;2026 07;HM;H&M Group;South Africa;Netherlands;NL;Lyra Health International Ltd;1;1;1;3
2026-07-01 00:00:00.000;2026 07;HM;H&M Group;South Africa;Switzerland;CH;Lyra Health International Ltd;0;1;1;4
2026-07-01 00:00:00.000;2026 07;HM;H&M Group;Sweden;;null;Lyra Health International Ltd;1;1;1;1
2026-07-01 00:00:00.000;2026 07;HM;H&M Group;Sweden;Germany;DE;Lyra Health International Ltd;1;1;1;3
2026-07-01 00:00:00.000;2026 07;HM;H&M Group;Switzerland;;null;Lyra Health International Ltd;1;2;2;2
2026-07-01 00:00:00.000;2026 07;HM;H&M Group;Switzerland;Switzerland;CH;Lyra Health International Ltd;1;1;4;37
2026-07-01 00:00:00.000;2026 07;HM;H&M Group;United Kingdom;;null;Lyra Health International Ltd;1;1;1;1
2026-07-01 00:00:00.000;2026 07;HM;H&M Group;United Kingdom;Austria;AT;Lyra Health International Ltd;1;1;2;8
2026-07-01 00:00:00.000;2026 07;HOGANHUB22;Hogan Lovells;Germany;;null;Lyra;1;1;1;1
2026-07-01 00:00:00.000;2026 07;HOGANHUB22;Hogan Lovells;Germany;Germany;DE;Lyra;1;1;1;1
2026-07-01 00:00:00.000;2026 07;HOGANHUB22;Hogan Lovells;Italy;;null;Lyra;0;1;1;1
2026-07-01 00:00:00.000;2026 07;HOGANHUB22;Hogan Lovells;Italy;Italy;IT;Lyra;0;1;1;2
2026-07-01 00:00:00.000;2026 07;HOL002;Hollard Lesotho;South Africa;;null;Lyra Southern Africa Pty Ltd;0;1;1;1
2026-07-01 00:00:00.000;2026 07;HOL002;Hollard Lesotho;South Africa;Lesotho;LS;Lyra Southern Africa Pty Ltd;0;1;1;1
2026-07-01 00:00:00.000;2026 07;HONEYBIRDETTE;Honey Birdette (Aust) Pty Ltd;United Kingdom;;null;Lyra Health International Ltd;1;1;1;1
2026-07-01 00:00:00.000;2026 07;HONEYBIRDETTE;Honey Birdette (Aust) Pty Ltd;United Kingdom;United Kingdom;GB;Lyra Health International Ltd;1;1;1;1
2026-07-01 00:00:00.000;2026 07;HORSEWAREEAP;Horseware Products Ltd;Ireland;;null;Lyra Health International Ltd;1;2;2;2
2026-07-01 00:00:00.000;2026 07;HORSEWAREEAP;Horseware Products Ltd;Ireland;Ireland;IE;Lyra Health International Ltd;1;2;4;92
2026-07-01 00:00:00.000;2026 07;HOU003;Houss PTY LTD;South Africa;South Africa;ZA;Lyra Southern Africa Pty Ltd;1;1;1;1
2026-07-01 00:00:00.000;2026 07;HOUZZ;Houzz;Australia;;null;Lyra Health International Ltd;1;1;1;1
2026-07-01 00:00:00.000;2026 07;HOXTONXLYRA;Hoxton Wealth;Indonesia;;null;Lyra Health International Ltd (DMCC) Branch (MENA);0;1;1;1
2026-07-01 00:00:00.000;2026 07;HOXTONXLYRA;Hoxton Wealth;Indonesia;Hong Kong;HK;Lyra Health International Ltd (DMCC) Branch (MENA);0;1;2;5
2026-07-01 00:00:00.000;2026 07;HOXTONXLYRA;Hoxton Wealth;Indonesia;United Kingdom;GB;Lyra Health International Ltd (DMCC) Branch (MENA);0;1;1;4
2026-07-01 00:00:00.000;2026 07;HOXTONXLYRA;Hoxton Wealth;Philippines;;null;Lyra Health International Ltd (DMCC) Branch (MENA);2;2;2;2
2026-07-01 00:00:00.000;2026 07;HOXTONXLYRA;Hoxton Wealth;Philippines;United Arab Emirates;AE;Lyra Health International Ltd (DMCC) Branch (MENA);2;2;2;16
2026-07-01 00:00:00.000;2026 07;HOXTONXLYRA;Hoxton Wealth;United Arab Emirates;;null;Lyra Health International Ltd (DMCC) Branch (MENA);2;4;6;6
2026-07-01 00:00:00.000;2026 07;HOXTONXLYRA;Hoxton Wealth;United Arab Emirates;Australia;AU;Lyra Health International Ltd (DMCC) Branch (MENA);0;1;2;19
2026-07-01 00:00:00.000;2026 07;HOXTONXLYRA;Hoxton Wealth;United Arab Emirates;Hong Kong;HK;Lyra Health International Ltd (DMCC) Branch (MENA);0;1;1;8
2026-07-01 00:00:00.000;2026 07;HOXTONXLYRA;Hoxton Wealth;United Arab Emirates;United Arab Emirates;AE;Lyra Health International Ltd (DMCC) Branch (MENA);2;2;3;18
2026-07-01 00:00:00.000;2026 07;HOXTONXLYRA;Hoxton Wealth;United Arab Emirates;United Kingdom;GB;Lyra Health International Ltd (DMCC) Branch (MENA);0;1;1;3
2026-07-01 00:00:00.000;2026 07;HOXTONXLYRA;Hoxton Wealth;United Arab Emirates;Vietnam;VN;Lyra Health International Ltd (DMCC) Branch (MENA);0;1;2;4
2026-07-01 00:00:00.000;2026 07;HOXTONXLYRA;Hoxton Wealth;United Kingdom;;null;Lyra Health International Ltd (DMCC) Branch (MENA);8;8;8;8
2026-07-01 00:00:00.000;2026 07;HOXTONXLYRA;Hoxton Wealth;United Kingdom;United Arab Emirates;AE;Lyra Health International Ltd (DMCC) Branch (MENA);1;1;1;4
2026-07-01 00:00:00.000;2026 07;HOXTONXLYRA;Hoxton Wealth;United Kingdom;United Kingdom;GB;Lyra Health International Ltd (DMCC) Branch (MENA);7;7;10;43
2026-07-01 00:00:00.000;2026 07;HOXTONXLYRA;Hoxton Wealth;United States of America;;null;Lyra Health International Ltd (DMCC) Branch (MENA);0;1;1;1
2026-07-01 00:00:00.000;2026 07;HOXTONXLYRA;Hoxton Wealth;United States of America;United Arab Emirates;AE;Lyra Health International Ltd (DMCC) Branch (MENA);0;1;1;3
2026-07-01 00:00:00.000;2026 07;HPG001;HPG Hitachi Power Grids;South Africa;South Africa;ZA;Lyra Southern Africa Pty Ltd;1;1;1;1
2026-07-01 00:00:00.000;2026 07;HSBC;HSBC;Australia;;null;Lyra Health International Ltd;1;1;1;1
2026-07-01 00:00:00.000;2026 07;HSBC;HSBC;Canada;;null;Lyra Health International Ltd;1;1;1;1
2026-07-01 00:00:00.000;2026 07;HSBC;HSBC;Canada;Hong Kong;HK;Lyra Health International Ltd;1;1;1;12
2026-07-01 00:00:00.000;2026 07;HSBC;HSBC;France;;null;Lyra Health International Ltd;3;3;3;3
2026-07-01 00:00:00.000;2026 07;HSBC;HSBC;France;France;FR;Lyra Health International Ltd;7;8;10;96
2026-07-01 00:00:00.000;2026 07;HSBC;HSBC;Germany;;null;Lyra Health International Ltd;1;1;1;1
2026-07-01 00:00:00.000;2026 07;HSBC;HSBC;Germany;Hong Kong;HK;Lyra Health International Ltd;1;1;2;11
2026-07-01 00:00:00.000;2026 07;HSBC;HSBC;Guernsey;Guernsey;GG;Lyra Health International Ltd;1;1;1;10
2026-07-01 00:00:00.000;2026 07;HSBC;HSBC;Hong Kong;;null;Lyra Health International Ltd;64;74;76;76
2026-07-01 00:00:00.000;2026 07;HSBC;HSBC;Hong Kong;Bangladesh;BD;Lyra Health International Ltd;1;1;1;9
2026-07-01 00:00:00.000;2026 07;HSBC;HSBC;Hong Kong;Hong Kong;HK;Lyra Health International Ltd;35;42;65;427
2026-07-01 00:00:00.000;2026 07;HSBC;HSBC;Hong Kong;Macao;MO;Lyra Health International Ltd;1;1;1;8
2026-07-01 00:00:00.000;2026 07;HSBC;HSBC;Hong Kong;Malaysia;MY;Lyra Health International Ltd;4;4;4;26
2026-07-01 00:00:00.000;2026 07;HSBC;HSBC;Hong Kong;Philippines;PH;Lyra Health International Ltd;23;26;34;158
2026-07-01 00:00:00.000;2026 07;HSBC;HSBC;Hong Kong;Taiwan (Republic of China);TW;Lyra Health International Ltd;2;3;3;8
2026-07-01 00:00:00.000;2026 07;HSBC;HSBC;India;;null;Lyra Health International Ltd;14;16;16;17
2026-07-01 00:00:00.000;2026 07;HSBC;HSBC;India;India;IN;Lyra Health International Ltd;16;18;23;167
2026-07-01 00:00:00.000;2026 07;HSBC;HSBC;Isle of Man;;null;Lyra Health International Ltd;2;3;3;3
2026-07-01 00:00:00.000;2026 07;HSBC;HSBC;Isle of Man;Isle of Man;IM;Lyra Health International Ltd;2;3;8;33
2026-07-01 00:00:00.000;2026 07;HSBC;HSBC;Israel;Israel;IL;Lyra Health International Ltd;1;1;1;1
2026-07-01 00:00:00.000;2026 07;HSBC;HSBC;Jersey;;null;Lyra Health International Ltd;1;1;1;1
2026-07-01 00:00:00.000;2026 07;HSBC;HSBC;Jersey;Jersey;JE;Lyra Health International Ltd;2;2;2;12
2026-07-01 00:00:00.000;2026 07;HSBC;HSBC;Malaysia;;null;Lyra Health International Ltd;24;35;36;39
2026-07-01 00:00:00.000;2026 07;HSBC;HSBC;Malaysia;Malaysia;MY;Lyra Health International Ltd;26;37;50;422
2026-07-01 00:00:00.000;2026 07;HSBC;HSBC;Malaysia;Philippines;PH;Lyra Health International Ltd;0;1;1;5
2026-07-01 00:00:00.000;2026 07;HSBC;HSBC;Netherlands;;null;Lyra Health International Ltd;1;1;1;1
2026-07-01 00:00:00.000;2026 07;HSBC;HSBC;Netherlands;Netherlands;NL;Lyra Health International Ltd;1;1;5;107
2026-07-01 00:00:00.000;2026 07;HSBC;HSBC;Philippines;;null;Lyra Health International Ltd;44;50;50;50
2026-07-01 00:00:00.000;2026 07;HSBC;HSBC;Philippines;Philippines;PH;Lyra Health International Ltd;43;50;87;577
2026-07-01 00:00:00.000;2026 07;HSBC;HSBC;Poland;;null;Lyra Health International Ltd;2;3;3;3
2026-07-01 00:00:00.000;2026 07;HSBC;HSBC;Poland;Poland;PL;Lyra Health International Ltd;2;5;12;98
2026-07-01 00:00:00.000;2026 07;HSBC;HSBC;Singapore;;null;Lyra Health International Ltd;5;5;5;5
2026-07-01 00:00:00.000;2026 07;HSBC;HSBC;Singapore;Hong Kong;HK;Lyra Health International Ltd;1;1;1;2
2026-07-01 00:00:00.000;2026 07;HSBC;HSBC;Singapore;Malaysia;MY;Lyra Health International Ltd;2;3;3;20
2026-07-01 00:00:00.000;2026 07;HSBC;HSBC;Singapore;Philippines;PH;Lyra Health International Ltd;2;2;3;22
2026-07-01 00:00:00.000;2026 07;HSBC;HSBC;South Africa;South Africa;ZA;Lyra Health International Ltd;1;1;1;1
2026-07-01 00:00:00.000;2026 07;HSBC;HSBC;Taiwan (Republic of China);;null;Lyra Health International Ltd;3;3;3;3
2026-07-01 00:00:00.000;2026 07;HSBC;HSBC;Taiwan (Republic of China);Taiwan (Republic of China);TW;Lyra Health International Ltd;5;5;6;15
2026-07-01 00:00:00.000;2026 07;HSBC;HSBC;Turkey;;null;Lyra Health International Ltd;1;2;2;2
2026-07-01 00:00:00.000;2026 07;HSBC;HSBC;Turkey;Taiwan (Republic of China);TW;Lyra Health International Ltd;0;1;1;4
2026-07-01 00:00:00.000;2026 07;HSBC;HSBC;Turkey;Turkey;TR;Lyra Health International Ltd;1;2;2;12
2026-07-01 00:00:00.000;2026 07;HSBC;HSBC;United Kingdom;;null;Lyra Health International Ltd;15;16;16;16
2026-07-01 00:00:00.000;2026 07;HSBC;HSBC;United Kingdom;France;FR;Lyra Health International Ltd;2;2;2;6
2026-07-01 00:00:00.000;2026 07;HSBC;HSBC;United Kingdom;Guernsey;GG;Lyra Health International Ltd;2;2;3;14
2026-07-01 00:00:00.000;2026 07;HSBC;HSBC;United Kingdom;Isle of Man;IM;Lyra Health International Ltd;2;2;3;6
2026-07-01 00:00:00.000;2026 07;HSBC;HSBC;United Kingdom;Jersey;JE;Lyra Health International Ltd;1;1;1;8
2026-07-01 00:00:00.000;2026 07;HSBC;HSBC;United Kingdom;Luxembourg;LU;Lyra Health International Ltd;0;1;1;14
2026-07-01 00:00:00.000;2026 07;HSBC;HSBC;United Kingdom;Poland;PL;Lyra Health International Ltd;5;5;6;35
2026-07-01 00:00:00.000;2026 07;HSBC;HSBC;United States of America;;null;Lyra Health International Ltd;2;2;2;2
2026-07-01 00:00:00.000;2026 07;HSBC;HSBC;United States of America;Hong Kong;HK;Lyra Health International Ltd;1;1;1;3
2026-07-01 00:00:00.000;2026 07;HSBC;HSBC;United States of America;Jersey;JE;Lyra Health International Ltd;1;1;1;5
2026-07-01 00:00:00.000;2026 07;HSBC;HSBC;Vietnam;;null;Lyra Health International Ltd;0;1;1;1
2026-07-01 00:00:00.000;2026 07;HSBC;HSBC;Vietnam;Vietnam;VN;Lyra Health International Ltd;0;1;1;5
2026-07-01 00:00:00.000;2026 07;HSF;Herbert Smith Freehills;China;;null;Lyra Health International Ltd;1;2;2;2
2026-07-01 00:00:00.000;2026 07;HSF;Herbert Smith Freehills;China;China;CN;Lyra Health International Ltd;1;2;2;27
2026-07-01 00:00:00.000;2026 07;HSF;Herbert Smith Freehills;France;;null;Lyra Health International Ltd;0;2;2;2
2026-07-01 00:00:00.000;2026 07;HSF;Herbert Smith Freehills;France;France;FR;Lyra Health International Ltd;0;2;2;12
2026-07-01 00:00:00.000;2026 07;HSF;Herbert Smith Freehills;Germany;;null;Lyra Health International Ltd;1;1;1;1
2026-07-01 00:00:00.000;2026 07;HSF;Herbert Smith Freehills;Germany;Germany;DE;Lyra Health International Ltd;1;1;1;9
2026-07-01 00:00:00.000;2026 07;HSF;Herbert Smith Freehills;Hong Kong;;null;Lyra Health International Ltd;2;2;2;2
2026-07-01 00:00:00.000;2026 07;HSF;Herbert Smith Freehills;Hong Kong;China;CN;Lyra Health International Ltd;1;1;1;2
2026-07-01 00:00:00.000;2026 07;HSF;Herbert Smith Freehills;Hong Kong;Hong Kong;HK;Lyra Health International Ltd;1;1;2;13
2026-07-01 00:00:00.000;2026 07;HSF;Herbert Smith Freehills;Singapore;;null;Lyra Health International Ltd;1;2;2;2
2026-07-01 00:00:00.000;2026 07;HSF;Herbert Smith Freehills;Singapore;Singapore;SG;Lyra Health International Ltd;0;1;1;3
2026-07-01 00:00:00.000;2026 07;HSF;Herbert Smith Freehills;Spain;;null;Lyra Health International Ltd;1;1;1;1
2026-07-01 00:00:00.000;2026 07;HSF;Herbert Smith Freehills;Spain;Spain;ES;Lyra Health International Ltd;1;1;1;8
2026-07-01 00:00:00.000;2026 07;HUBTEST;icashubtestclient (Test Preview);South Africa;;null;Lyra Health International Ltd;0;1;2;5
2026-07-01 00:00:00.000;2026 07;HUBTEST;icashubtestclient (Test Preview);South Africa;United Kingdom;GB;Lyra Health International Ltd;0;1;2;66
2026-07-01 00:00:00.000;2026 07;HUBTEST;icashubtestclient (Test Preview);United Kingdom;;null;Lyra Health International Ltd;0;1;1;1
2026-07-01 00:00:00.000;2026 07;HUBTEST;icashubtestclient (Test Preview);United Kingdom;United Kingdom;GB;Lyra Health International Ltd;0;1;1;8
2026-07-01 00:00:00.000;2026 07;HUM001;Human Science Resource Council (HSRC);South Africa;;null;Lyra Southern Africa Pty Ltd;3;6;6;6
2026-07-01 00:00:00.000;2026 07;HUM001;Human Science Resource Council (HSRC);South Africa;South Africa;ZA;Lyra Southern Africa Pty Ltd;5;9;15;95
2026-07-01 00:00:00.000;2026 07;HUM002;Humankind Group Pty Ltd;South Africa;;null;Lyra Southern Africa Pty Ltd;0;2;2;2
2026-07-01 00:00:00.000;2026 07;HUM002;Humankind Group Pty Ltd;South Africa;South Africa;ZA;Lyra Southern Africa Pty Ltd;0;2;3;32
2026-07-01 00:00:00.000;2026 07;HUNRSM;RSM;Hungary;;null;Lyra Health Hungary Kft;1;1;1;1
2026-07-01 00:00:00.000;2026 07;HUNRSM;RSM;Hungary;Hungary;HU;Lyra Health Hungary Kft;1;1;1;23
2026-07-01 00:00:00.000;2026 07;HYP001;Hyprop Investments;South Africa;;null;Lyra Southern Africa Pty Ltd;1;1;1;1
2026-07-01 00:00:00.000;2026 07;HYP001;Hyprop Investments;South Africa;South Africa;ZA;Lyra Southern Africa Pty Ltd;2;2;4;19
2026-07-01 00:00:00.000;2026 07;HYPERFLEX123;Hyperflex;Mexico;Mexico;MX;Lyra Mexico and Central America;1;1;1;1
2026-07-01 00:00:00.000;2026 07;IBMASEAN;IBM;Indonesia;;null;Lyra Health International Ltd;0;1;1;1
2026-07-01 00:00:00.000;2026 07;IBMASEAN;IBM;Indonesia;Indonesia;ID;Lyra Health International Ltd;0;1;1;7
2026-07-01 00:00:00.000;2026 07;IBMASEAN;IBM;Malaysia;;null;Lyra Health International Ltd;7;8;8;8
2026-07-01 00:00:00.000;2026 07;IBMASEAN;IBM;Malaysia;Malaysia;MY;Lyra Health International Ltd;8;10;16;133
2026-07-01 00:00:00.000;2026 07;IBMASEAN;IBM;Philippines;;null;Lyra Health International Ltd;22;25;26;26
2026-07-01 00:00:00.000;2026 07;IBMASEAN;IBM;Philippines;Philippines;PH;Lyra Health International Ltd;22;30;55;332
2026-07-01 00:00:00.000;2026 07;IBMASEAN;IBM;Singapore;;null;Lyra Health International Ltd;0;1;1;1
2026-07-01 00:00:00.000;2026 07;IBMASEAN;IBM;Singapore;Philippines;PH;Lyra Health International Ltd;0;2;2;2
2026-07-01 00:00:00.000;2026 07;IBMASEAN;IBM;Thailand;;null;Lyra Health International Ltd;1;1;1;1
2026-07-01 00:00:00.000;2026 07;IBMASEAN;IBM;Thailand;Thailand;TH;Lyra Health International Ltd;1;1;2;18
2026-07-01 00:00:00.000;2026 07;ICA001;iCAS;South Africa;;null;Lyra Southern Africa Pty Ltd;3;5;5;5
2026-07-01 00:00:00.000;2026 07;ICA001;iCAS;South Africa;South Africa;ZA;Lyra Southern Africa Pty Ltd;4;8;9;37
2026-07-01 00:00:00.000;2026 07;ICASBITEST;iCAS BI & Consulting (Test Preview);South Africa;;null;Lyra Health International Ltd;0;1;1;1
2026-07-01 00:00:00.000;2026 07;ICASBITEST;iCAS BI & Consulting (Test Preview);South Africa;South Africa;ZA;Lyra Health International Ltd;0;1;1;7
2026-07-01 00:00:00.000;2026 07;ICASBWTEST;ICAS Botswana (Test Preview);Botswana;;null;ICAS Botswana;2;2;2;2
2026-07-01 00:00:00.000;2026 07;ICASBWTEST;ICAS Botswana (Test Preview);Botswana;Botswana;BW;ICAS Botswana;2;2;3;27
2026-07-01 00:00:00.000;2026 07;ICASLATINATEST;ICAS Latina (Test Preview);Argentina;;null;ICAS Latina;8;9;9;9
2026-07-01 00:00:00.000;2026 07;ICASLATINATEST;ICAS Latina (Test Preview);Argentina;Argentina;AR;ICAS Latina;7;7;8;68
2026-07-01 00:00:00.000;2026 07;ICASPARTNERTEST;ICAS Preferred Partners (Test Preview);South Africa;;null;Lyra Health International Ltd;1;2;2;2
2026-07-01 00:00:00.000;2026 07;ICASPARTNERTEST;ICAS Preferred Partners (Test Preview);South Africa;South Africa;ZA;Lyra Health International Ltd;1;2;3;23
2026-07-01 00:00:00.000;2026 07;ICASTESTINDIA;ICAS India (Test Preview);India;;null;Lyra Health International Ltd;2;3;3;3
2026-07-01 00:00:00.000;2026 07;ICASTESTINDIA;ICAS India (Test Preview);India;India;IN;Lyra Health International Ltd;2;3;12;156
2026-07-01 00:00:00.000;2026 07;ICM;ABP - ICM;Ireland;;null;Lyra UK & Ireland Ltd;1;2;2;2
2026-07-01 00:00:00.000;2026 07;ICM;ABP - ICM;Ireland;Ireland;IE;Lyra UK & Ireland Ltd;1;2;2;33
2026-07-01 00:00:00.000;2026 07;ICM001;ICM Corporate Services Pty Limited;South Africa;;null;Lyra Southern Africa Pty Ltd;0;1;1;1
2026-07-01 00:00:00.000;2026 07;ICM001;ICM Corporate Services Pty Limited;South Africa;South Africa;ZA;Lyra Southern Africa Pty Ltd;0;1;1;42
2026-07-01 00:00:00.000;2026 07;ICT001;ICT Works;South Africa;South Africa;ZA;Lyra Southern Africa Pty Ltd;1;1;1;1
2026-07-01 00:00:00.000;2026 07;IDFC001;Ithala Development Finance Corporation Ltd;South Africa;;null;Lyra Southern Africa Pty Ltd;2;2;2;2
2026-07-01 00:00:00.000;2026 07;IDFC001;Ithala Development Finance Corporation Ltd;South Africa;South Africa;ZA;Lyra Southern Africa Pty Ltd;2;2;3;19
2026-07-01 00:00:00.000;2026 07;IDHPRODTEST;IDH Prod Test Company;Canada;;null;Lyra Health International Ltd;1;2;7;10
2026-07-01 00:00:00.000;2026 07;IDHPRODTEST;IDH Prod Test Company;Canada;Australia;AU;Lyra Health International Ltd;1;1;1;3
2026-07-01 00:00:00.000;2026 07;IDHPRODTEST;IDH Prod Test Company;Canada;United Kingdom;GB;Lyra Health International Ltd;1;2;12;89
2026-07-01 00:00:00.000;2026 07;IDHPRODTEST;IDH Prod Test Company;Singapore;Australia;AU;Lyra Health International Ltd;1;1;1;3
2026-07-01 00:00:00.000;2026 07;IDHPRODTEST;IDH Prod Test Company;United Kingdom;;null;Lyra Health International Ltd;12;16;23;26
2026-07-01 00:00:00.000;2026 07;IDHPRODTEST;IDH Prod Test Company;United Kingdom;Argentina;AR;Lyra Health International Ltd;0;1;1;6
2026-07-01 00:00:00.000;2026 07;IDHPRODTEST;IDH Prod Test Company;United Kingdom;Australia;AU;Lyra Health International Ltd;1;2;2;2
2026-07-01 00:00:00.000;2026 07;IDHPRODTEST;IDH Prod Test Company;United Kingdom;Singapore;SG;Lyra Health International Ltd;0;1;2;40
2026-07-01 00:00:00.000;2026 07;IDHPRODTEST;IDH Prod Test Company;United Kingdom;United Kingdom;GB;Lyra Health International Ltd;13;18;37;351
2026-07-01 00:00:00.000;2026 07;IDHPRODTEST;IDH Prod Test Company;United States of America;;null;Lyra Health International Ltd;1;1;1;1
2026-07-01 00:00:00.000;2026 07;IDHPRODTEST;IDH Prod Test Company;United States of America;United Kingdom;GB;Lyra Health International Ltd;1;2;3;37
2026-07-01 00:00:00.000;2026 07;IGBB;IGB Berhad;Malaysia;;null;Lyra Health Malaysia Sdn Bhd;3;4;4;4
2026-07-01 00:00:00.000;2026 07;IGBB;IGB Berhad;Malaysia;Malaysia;MY;Lyra Health Malaysia Sdn Bhd;5;6;6;98
2026-07-01 00:00:00.000;2026 07;IGBR;IGB Retail REIT;Malaysia;;null;Lyra Health Malaysia Sdn Bhd;2;2;2;2
2026-07-01 00:00:00.000;2026 07;IGBR;IGB Retail REIT;Malaysia;Malaysia;MY;Lyra Health Malaysia Sdn Bhd;4;5;5;30
2026-07-01 00:00:00.000;2026 07;IHG;Intercontinental Hotel Group (IHG);China;;null;Lyra Health International Ltd;1;1;1;1
2026-07-01 00:00:00.000;2026 07;IHG;Intercontinental Hotel Group (IHG);China;China;CN;Lyra Health International Ltd;1;1;2;18
2026-07-01 00:00:00.000;2026 07;IHG;Intercontinental Hotel Group (IHG);Germany;;null;Lyra Health International Ltd;2;2;2;3
2026-07-01 00:00:00.000;2026 07;IHG;Intercontinental Hotel Group (IHG);Germany;Germany;DE;Lyra Health International Ltd;2;2;3;9
2026-07-01 00:00:00.000;2026 07;IHG;Intercontinental Hotel Group (IHG);Greece;;null;Lyra Health International Ltd;1;1;1;1
2026-07-01 00:00:00.000;2026 07;IHG;Intercontinental Hotel Group (IHG);Greece;Philippines;PH;Lyra Health International Ltd;1;1;1;13
2026-07-01 00:00:00.000;2026 07;IHG;Intercontinental Hotel Group (IHG);Japan;Philippines;PH;Lyra Health International Ltd;1;1;1;1
2026-07-01 00:00:00.000;2026 07;IHG;Intercontinental Hotel Group (IHG);Mexico;;null;Lyra Health International Ltd;4;7;7;7
2026-07-01 00:00:00.000;2026 07;IHG;Intercontinental Hotel Group (IHG);Mexico;Mexico;MX;Lyra Health International Ltd;4;7;20;107
2026-07-01 00:00:00.000;2026 07;IHG;Intercontinental Hotel Group (IHG);Philippines;;null;Lyra Health International Ltd;29;31;32;37
2026-07-01 00:00:00.000;2026 07;IHG;Intercontinental Hotel Group (IHG);Philippines;Philippines;PH;Lyra Health International Ltd;26;28;41;343
2026-07-01 00:00:00.000;2026 07;IHG;Intercontinental Hotel Group (IHG);Singapore;;null;Lyra Health International Ltd;1;1;1;1
2026-07-01 00:00:00.000;2026 07;IHG;Intercontinental Hotel Group (IHG);Singapore;Singapore;SG;Lyra Health International Ltd;1;1;1;5
2026-07-01 00:00:00.000;2026 07;IHG;Intercontinental Hotel Group (IHG);Thailand;Thailand;TH;Lyra Health International Ltd;1;1;2;4
2026-07-01 00:00:00.000;2026 07;IHG;Intercontinental Hotel Group (IHG);United Kingdom;;null;Lyra Health International Ltd;1;2;2;2
2026-07-01 00:00:00.000;2026 07;IHG;Intercontinental Hotel Group (IHG);United Kingdom;Spain;ES;Lyra Health International Ltd;0;1;1;20
2026-07-01 00:00:00.000;2026 07;IHG;Intercontinental Hotel Group (IHG);United Kingdom;Sweden;SE;Lyra Health International Ltd;0;1;7;35
2026-07-01 00:00:00.000;2026 07;IHG;Intercontinental Hotel Group (IHG);United Kingdom;Turkey;TR;Lyra Health International Ltd;1;1;1;6
2026-07-01 00:00:00.000;2026 07;IHG;Intercontinental Hotel Group (IHG);United States of America;;null;Lyra Health International Ltd;1;1;1;1
2026-07-01 00:00:00.000;2026 07;IHG;Intercontinental Hotel Group (IHG);United States of America;Mexico;MX;Lyra Health International Ltd;1;1;1;3
2026-07-01 00:00:00.000;2026 07;ILE001;Ilex South Africa;South Africa;South Africa;ZA;Lyra Southern Africa Pty Ltd;0;1;1;1
2026-07-01 00:00:00.000;2026 07;ILLUMINA;Illumina Cambridge;Germany;Germany;DE;Lyra Health International Ltd;1;1;1;14
2026-07-01 00:00:00.000;2026 07;ILLUMINA;Illumina Cambridge;Italy;;null;Lyra Health International Ltd;1;1;1;1
2026-07-01 00:00:00.000;2026 07;ILLUMINA;Illumina Cambridge;Italy;Italy;IT;Lyra Health International Ltd;1;1;1;8
2026-07-01 00:00:00.000;2026 07;ILLUMINA;Illumina Cambridge;Netherlands;;null;Lyra Health International Ltd;1;1;1;1
2026-07-01 00:00:00.000;2026 07;ILLUMINA;Illumina Cambridge;Netherlands;Netherlands;NL;Lyra Health International Ltd;1;1;1;1
2026-07-01 00:00:00.000;2026 07;ILLUMINA;Illumina Cambridge;Saudi Arabia;;null;Lyra Health International Ltd;1;1;1;1
2026-07-01 00:00:00.000;2026 07;ILLUMINA;Illumina Cambridge;Spain;;null;Lyra Health International Ltd;1;1;1;1
2026-07-01 00:00:00.000;2026 07;ILLUMINA;Illumina Cambridge;Spain;Spain;ES;Lyra Health International Ltd;1;1;1;6
2026-07-01 00:00:00.000;2026 07;ILLUMINA;Illumina Cambridge;Sweden;;null;Lyra Health International Ltd;1;1;1;1
2026-07-01 00:00:00.000;2026 07;ILLUMINA;Illumina Cambridge;Sweden;Sweden;SE;Lyra Health International Ltd;1;1;1;6
2026-07-01 00:00:00.000;2026 07;ILLUMINA;Illumina Cambridge;United Kingdom;;null;Lyra Health International Ltd;1;1;1;1
2026-07-01 00:00:00.000;2026 07;ILLUMINA;Illumina Cambridge;United Kingdom;Austria;AT;Lyra Health International Ltd;1;1;1;9
2026-07-01 00:00:00.000;2026 07;ILLUMINA;Illumina Cambridge;United States of America;;null;Lyra Health International Ltd;1;1;1;1
2026-07-01 00:00:00.000;2026 07;ILLUMINA;Illumina Cambridge;United States of America;Netherlands;NL;Lyra Health International Ltd;1;1;1;15
2026-07-01 00:00:00.000;2026 07;IMC;Irish Medical Council;Ireland;;null;Lyra UK & Ireland Ltd;0;1;1;1
2026-07-01 00:00:00.000;2026 07;IMC;Irish Medical Council;Ireland;Ireland;IE;Lyra UK & Ireland Ltd;0;3;5;24
2026-07-01 00:00:00.000;2026 07;IMP001;Imperial;Austria;;null;Lyra Southern Africa Pty Ltd;0;1;1;1
2026-07-01 00:00:00.000;2026 07;IMP001;Imperial;Austria;South Africa;ZA;Lyra Southern Africa Pty Ltd;0;1;1;9
2026-07-01 00:00:00.000;2026 07;IMP001;Imperial;South Africa;;null;Lyra Southern Africa Pty Ltd;14;14;14;14
2026-07-01 00:00:00.000;2026 07;IMP001;Imperial;South Africa;South Africa;ZA;Lyra Southern Africa Pty Ltd;16;19;31;195
2026-07-01 00:00:00.000;2026 07;IMPLENIAEAP;Implenia AG;Germany;;null;Lyra Schweiz GmbH;7;7;7;7
2026-07-01 00:00:00.000;2026 07;IMPLENIAEAP;Implenia AG;Germany;Germany;DE;Lyra Schweiz GmbH;7;7;7;58
2026-07-01 00:00:00.000;2026 07;IMPLENIAEAP;Implenia AG;Germany;Switzerland;CH;Lyra Schweiz GmbH;1;1;1;1
2026-07-01 00:00:00.000;2026 07;IMPLENIAEAP;Implenia AG;Switzerland;;null;Lyra Schweiz GmbH;11;11;11;11
2026-07-01 00:00:00.000;2026 07;IMPLENIAEAP;Implenia AG;Switzerland;Switzerland;CH;Lyra Schweiz GmbH;11;13;19;83
2026-07-01 00:00:00.000;2026 07;IMPULSOBECK;Grupo Beck;Mexico;;null;Lyra Mexico and Central America;0;2;2;2
2026-07-01 00:00:00.000;2026 07;IMPULSOBECK;Grupo Beck;Mexico;Mexico;MX;Lyra Mexico and Central America;0;2;4;17
2026-07-01 00:00:00.000;2026 07;IND001;Indwe;South Africa;;null;Lyra Southern Africa Pty Ltd;2;3;3;3
2026-07-01 00:00:00.000;2026 07;IND001;Indwe;South Africa;South Africa;ZA;Lyra Southern Africa Pty Ltd;2;3;5;47
2026-07-01 00:00:00.000;2026 07;INDITEXSPAIN;INDITEX SPAIN;Spain;;null;Lyra Spain SLU;15;19;19;19
2026-07-01 00:00:00.000;2026 07;INDITEXSPAIN;INDITEX SPAIN;Spain;Spain;ES;Lyra Spain SLU;19;26;40;271
2026-07-01 00:00:00.000;2026 07;INF002;Infiniti Insurance Limited;South Africa;;null;Lyra Southern Africa Pty Ltd;0;1;1;1
2026-07-01 00:00:00.000;2026 07;INF002;Infiniti Insurance Limited;South Africa;South Africa;ZA;Lyra Southern Africa Pty Ltd;1;2;2;4
2026-07-01 00:00:00.000;2026 07;INFORMA;Informa;Brazil;;null;Lyra Health International Ltd;1;1;1;1
2026-07-01 00:00:00.000;2026 07;INFORMA;Informa;Brazil;Brazil;BR;Lyra Health International Ltd;1;1;1;4
2026-07-01 00:00:00.000;2026 07;INFORMA;Informa;China;;null;Lyra Health International Ltd;1;1;1;1
2026-07-01 00:00:00.000;2026 07;INFORMA;Informa;China;China;CN;Lyra Health International Ltd;1;1;1;3
2026-07-01 00:00:00.000;2026 07;INFORMA;Informa;Ireland;China;CN;Lyra Health International Ltd;1;1;2;2
2026-07-01 00:00:00.000;2026 07;INFORMA;Informa;Mexico;;null;Lyra Health International Ltd;0;1;1;1
2026-07-01 00:00:00.000;2026 07;INFORMA;Informa;Mexico;Mexico;MX;Lyra Health International Ltd;0;1;1;1
2026-07-01 00:00:00.000;2026 07;INFORMA;Informa;Netherlands;;null;Lyra Health International Ltd;1;1;1;1
2026-07-01 00:00:00.000;2026 07;INFORMA;Informa;Netherlands;Netherlands;NL;Lyra Health International Ltd;1;1;1;4
2026-07-01 00:00:00.000;2026 07;INFORMA;Informa;New Zealand;;null;Lyra Health International Ltd;1;1;1;1
2026-07-01 00:00:00.000;2026 07;INFORMA;Informa;New Zealand;New Zealand;NZ;Lyra Health International Ltd;1;1;1;5
2026-07-01 00:00:00.000;2026 07;INFORMA;Informa;Saudi Arabia;;null;Lyra Health International Ltd;1;1;1;1
2026-07-01 00:00:00.000;2026 07;INFORMA;Informa;Saudi Arabia;Bahrain;BH;Lyra Health International Ltd;1;1;1;3
2026-07-01 00:00:00.000;2026 07;INFORMA;Informa;Singapore;;null;Lyra Health International Ltd;1;1;1;1
2026-07-01 00:00:00.000;2026 07;INFORMA;Informa;Singapore;Malaysia;MY;Lyra Health International Ltd;1;1;1;3
2026-07-01 00:00:00.000;2026 07;INFRONTFINANCIALDICH;Infront Financial Deutschland;Switzerland;;null;Lyra Deutschland GmBH;0;1;1;2
2026-07-01 00:00:00.000;2026 07;INFRONTFINANCIALDICH;Infront Financial Deutschland;Switzerland;Switzerland;CH;Lyra Deutschland GmBH;0;1;1;5
2026-07-01 00:00:00.000;2026 07;INFRONTFINANCIALWORLD;Infront Financial;France;Netherlands;NL;Lyra Health International Ltd;1;1;2;5
2026-07-01 00:00:00.000;2026 07;INFRONTFINANCIALWORLD;Infront Financial;Netherlands;;null;Lyra Health International Ltd;1;1;1;1
2026-07-01 00:00:00.000;2026 07;INFRONTFINANCIALWORLD;Infront Financial;Netherlands;Netherlands;NL;Lyra Health International Ltd;1;1;3;18
2026-07-01 00:00:00.000;2026 07;INFRONTFINANCIALWORLD;Infront Financial;Sweden;;null;Lyra Health International Ltd;1;1;1;1
2026-07-01 00:00:00.000;2026 07;INFRONTFINANCIALWORLD;Infront Financial;Sweden;Sweden;SE;Lyra Health International Ltd;1;1;3;10
2026-07-01 00:00:00.000;2026 07;INFRONTFINANCIALWORLD;Infront Financial;Switzerland;;null;Lyra Health International Ltd;0;1;1;1
2026-07-01 00:00:00.000;2026 07;INFRONTFINANCIALWORLD;Infront Financial;Switzerland;United Kingdom;GB;Lyra Health International Ltd;0;1;1;11
2026-07-01 00:00:00.000;2026 07;INGECOM;Exclusive Networks - Ingecom;Italy;;null;Lyra Health International Ltd;0;1;1;1
2026-07-01 00:00:00.000;2026 07;INGECOM;Exclusive Networks - Ingecom;Italy;Italy;IT;Lyra Health International Ltd;0;1;1;2
2026-07-01 00:00:00.000;2026 07;INGECOM;Exclusive Networks - Ingecom;Spain;;null;Lyra Health International Ltd;1;1;1;1
2026-07-01 00:00:00.000;2026 07;INGENICO;Ingenico;Philippines;;null;Lyra Health International Ltd;3;3;3;3
2026-07-01 00:00:00.000;2026 07;INGENICO;Ingenico;Philippines;Philippines;PH;Lyra Health International Ltd;3;3;3;4
2026-07-01 00:00:00.000;2026 07;INGENICO;Ingenico;Vietnam;;null;Lyra Health International Ltd;2;2;2;2
2026-07-01 00:00:00.000;2026 07;INGENICO;Ingenico;Vietnam;Vietnam;VN;Lyra Health International Ltd;2;2;3;11
2026-07-01 00:00:00.000;2026 07;INN001;Innovent;South Africa;;null;Lyra Southern Africa Pty Ltd;1;1;1;1
2026-07-01 00:00:00.000;2026 07;INN001;Innovent;South Africa;South Africa;ZA;Lyra Southern Africa Pty Ltd;1;2;3;38
2026-07-01 00:00:00.000;2026 07;INN004;Innomotics Proprietary Limited;South Africa;;null;Lyra Southern Africa Pty Ltd;1;1;1;1
2026-07-01 00:00:00.000;2026 07;INN004;Innomotics Proprietary Limited;South Africa;South Africa;ZA;Lyra Southern Africa Pty Ltd;1;1;1;2
2026-07-01 00:00:00.000;2026 07;INS001;Institute of Directors;South Africa;;null;Lyra Southern Africa Pty Ltd;1;1;1;1
2026-07-01 00:00:00.000;2026 07;INS001;Institute of Directors;South Africa;South Africa;ZA;Lyra Southern Africa Pty Ltd;1;1;1;4
2026-07-01 00:00:00.000;2026 07;INS003;Inspired Testing;South Africa;;null;Lyra Southern Africa Pty Ltd;0;1;1;1
2026-07-01 00:00:00.000;2026 07;INS003;Inspired Testing;South Africa;South Africa;ZA;Lyra Southern Africa Pty Ltd;1;2;2;9
2026-07-01 00:00:00.000;2026 07;INSPIRE;Inspire Foundation;Denmark;;null;Lyra Health International Ltd;2;2;2;2
2026-07-01 00:00:00.000;2026 07;INSPIRE;Inspire Foundation;Denmark;Malta;MT;Lyra Health International Ltd;2;2;2;17
2026-07-01 00:00:00.000;2026 07;INSPIRE;Inspire Foundation;Malta;Malta;MT;Lyra Health International Ltd;1;1;1;3
2026-07-01 00:00:00.000;2026 07;INT002;Intembeko;South Africa;;null;Lyra Southern Africa Pty Ltd;1;2;2;2
2026-07-01 00:00:00.000;2026 07;INT002;Intembeko;South Africa;South Africa;ZA;Lyra Southern Africa Pty Ltd;1;2;3;64
2026-07-01 00:00:00.000;2026 07;INT003;Interface and Academy of York;South Africa;;null;Lyra Southern Africa Pty Ltd;1;1;1;1
2026-07-01 00:00:00.000;2026 07;INT003;Interface and Academy of York;South Africa;South Africa;ZA;Lyra Southern Africa Pty Ltd;1;1;2;20
2026-07-01 00:00:00.000;2026 07;INT006;Intercape;South Africa;;null;Lyra Southern Africa Pty Ltd;5;5;5;5
2026-07-01 00:00:00.000;2026 07;INT006;Intercape;South Africa;South Africa;ZA;Lyra Southern Africa Pty Ltd;5;5;15;97
2026-07-01 00:00:00.000;2026 07;INTELLIGENTHEALTH;Intelligent Health;United Kingdom;;null;Lyra UK & Ireland Ltd;2;2;2;2
2026-07-01 00:00:00.000;2026 07;INTELLIGENTHEALTH;Intelligent Health;United Kingdom;United Kingdom;GB;Lyra UK & Ireland Ltd;3;3;3;33
2026-07-01 00:00:00.000;2026 07;INTERFACEEAP;Interface;Germany;;null;Lyra Deutschland GmBH;1;1;1;1
2026-07-01 00:00:00.000;2026 07;INTERFACEEAP;Interface;Germany;Germany;DE;Lyra Deutschland GmBH;1;1;3;14
2026-07-01 00:00:00.000;2026 07;INTERTEK;Intertek Bahamas;Mexico;;null;Lyra Health International Ltd;2;2;2;3
2026-07-01 00:00:00.000;2026 07;INTERTEK;Intertek Bahamas;Mexico;Dominican Republic;DO;Lyra Health International Ltd;2;2;3;12
2026-07-01 00:00:00.000;2026 07;INTERTEK;Intertek Bahamas;Suriname;;null;Lyra Health International Ltd;1;1;1;1
2026-07-01 00:00:00.000;2026 07;INTERTEK;Intertek Bahamas;Suriname;Suriname;SR;Lyra Health International Ltd;1;1;3;27
2026-07-01 00:00:00.000;2026 07;INU001;Inuka Group;South Africa;;null;Lyra Southern Africa Pty Ltd;9;10;11;14
2026-07-01 00:00:00.000;2026 07;INU001;Inuka Group;South Africa;South Africa;ZA;Lyra Southern Africa Pty Ltd;11;13;21;89
2026-07-01 00:00:00.000;2026 07;INVICTI;Invicti;Malta;;null;Lyra Health International Ltd;1;2;3;11
2026-07-01 00:00:00.000;2026 07;INVICTI;Invicti;Malta;Malta;MT;Lyra Health International Ltd;1;2;3;11
2026-07-01 00:00:00.000;2026 07;INVICTI;Invicti;Turkey;;null;Lyra Health International Ltd;1;1;1;1
2026-07-01 00:00:00.000;2026 07;INVICTI;Invicti;Turkey;Turkey;TR;Lyra Health International Ltd;1;1;8;10
2026-07-01 00:00:00.000;2026 07;IOT001;IoT nxt;South Africa;;null;Lyra Southern Africa Pty Ltd;1;1;1;1
2026-07-01 00:00:00.000;2026 07;IOT001;IoT nxt;South Africa;South Africa;ZA;Lyra Southern Africa Pty Ltd;1;1;1;56
2026-07-01 00:00:00.000;2026 07;IPMYCARE;International Paper;United States of America;;null;Lyra Health International Ltd;1;1;1;1
2026-07-01 00:00:00.000;2026 07;IQV001;iQvia;South Africa;South Africa;ZA;Lyra Southern Africa Pty Ltd;2;2;3;4
2026-07-01 00:00:00.000;2026 07;ISENTIA;Isentia Pte Limited;Australia;;null;Lyra Health International Ltd;2;2;2;2
2026-07-01 00:00:00.000;2026 07;ISENTIA;Isentia Pte Limited;Australia;Australia;AU;Lyra Health International Ltd;2;2;2;20
2026-07-01 00:00:00.000;2026 07;ISENTIA;Isentia Pte Limited;Malaysia;;null;Lyra Health International Ltd;0;1;1;1
2026-07-01 00:00:00.000;2026 07;ISENTIA;Isentia Pte Limited;Malaysia;Philippines;PH;Lyra Health International Ltd;0;1;3;13
2026-07-01 00:00:00.000;2026 07;ISENTIA;Isentia Pte Limited;New Zealand;;null;Lyra Health International Ltd;1;1;1;1
2026-07-01 00:00:00.000;2026 07;ISENTIA;Isentia Pte Limited;New Zealand;New Zealand;NZ;Lyra Health International Ltd;1;1;1;11
2026-07-01 00:00:00.000;2026 07;ISENTIA;Isentia Pte Limited;Philippines;;null;Lyra Health International Ltd;4;4;4;4
2026-07-01 00:00:00.000;2026 07;ISENTIA;Isentia Pte Limited;Philippines;Philippines;PH;Lyra Health International Ltd;4;4;5;19
2026-07-01 00:00:00.000;2026 07;ISERVEAP;IServ GmbH;Germany;;null;Lyra Deutschland GmBH;1;1;1;1
2026-07-01 00:00:00.000;2026 07;ISERVEAP;IServ GmbH;Germany;Germany;DE;Lyra Deutschland GmBH;1;1;6;10
2026-07-01 00:00:00.000;2026 07;ISF001;ISF Group;South Africa;;null;Lyra Southern Africa Pty Ltd;1;1;1;1
2026-07-01 00:00:00.000;2026 07;ISF001;ISF Group;South Africa;South Africa;ZA;Lyra Southern Africa Pty Ltd;1;1;3;11
2026-07-01 00:00:00.000;2026 07;ITE002;ITEC SA;South Africa;;null;Lyra Southern Africa Pty Ltd;3;3;3;3
2026-07-01 00:00:00.000;2026 07;ITE002;ITEC SA;South Africa;South Africa;ZA;Lyra Southern Africa Pty Ltd;3;3;4;23
2026-07-01 00:00:00.000;2026 07;ITH001;Ithuba Lottery;South Africa;;null;Lyra Southern Africa Pty Ltd;3;3;3;3
2026-07-01 00:00:00.000;2026 07;ITH001;Ithuba Lottery;South Africa;South Africa;ZA;Lyra Southern Africa Pty Ltd;3;4;6;19
2026-07-01 00:00:00.000;2026 07;ITPHUB;IT-P Information Technology-Partner GmbH;Germany;;null;Lyra Deutschland GmBH;0;1;1;1
2026-07-01 00:00:00.000;2026 07;ITPHUB;IT-P Information Technology-Partner GmbH;Germany;Germany;DE;Lyra Deutschland GmBH;0;1;2;26
2026-07-01 00:00:00.000;2026 07;ITSGROUPHUB;ITS Service Gruppe;Germany;;null;Lyra Deutschland GmBH;3;5;5;5
2026-07-01 00:00:00.000;2026 07;ITSGROUPHUB;ITS Service Gruppe;Germany;Germany;DE;Lyra Deutschland GmBH;3;5;9;62
2026-07-01 00:00:00.000;2026 07;ITT;ITT Inc;Germany;Germany;DE;Lyra Health International Ltd;0;1;1;3
2026-07-01 00:00:00.000;2026 07;ITT;ITT Inc;Italy;;null;Lyra Health International Ltd;1;1;1;1
2026-07-01 00:00:00.000;2026 07;ITT;ITT Inc;Italy;Italy;IT;Lyra Health International Ltd;1;1;1;11
2026-07-01 00:00:00.000;2026 07;ITT;ITT Inc;Netherlands;;null;Lyra Health International Ltd;1;1;1;1
2026-07-01 00:00:00.000;2026 07;ITT;ITT Inc;Netherlands;Netherlands;NL;Lyra Health International Ltd;1;1;1;4
2026-07-01 00:00:00.000;2026 07;ITTMEXICO;ITT;Mexico;;null;Lyra Mexico and Central America;2;2;2;2
2026-07-01 00:00:00.000;2026 07;ITTMEXICO;ITT;Mexico;Mexico;MX;Lyra Mexico and Central America;2;2;3;46
2026-07-01 00:00:00.000;2026 07;IUA001;IUA Business Solutions;South Africa;;null;Lyra Southern Africa Pty Ltd;0;1;1;1
2026-07-01 00:00:00.000;2026 07;IUA001;IUA Business Solutions;South Africa;South Africa;ZA;Lyra Southern Africa Pty Ltd;0;1;2;19
2026-07-01 00:00:00.000;2026 07;IVE001;iVeri Payment Technologies;South Africa;;null;Lyra Southern Africa Pty Ltd;1;1;1;1
2026-07-01 00:00:00.000;2026 07;IVE001;iVeri Payment Technologies;South Africa;South Africa;ZA;Lyra Southern Africa Pty Ltd;1;1;2;33
2026-07-01 00:00:00.000;2026 07;IVXS;IVXS UK Ltd;Portugal;;null;Lyra Health International Ltd;1;1;1;1
2026-07-01 00:00:00.000;2026 07;JABIL;Jabil;Belgium;;null;Lyra Health International Ltd;1;1;1;1
2026-07-01 00:00:00.000;2026 07;JABIL;Jabil;Belgium;Hungary;HU;Lyra Health International Ltd;1;1;3;48
2026-07-01 00:00:00.000;2026 07;JABIL;Jabil;Brazil;;null;Lyra Health International Ltd;1;1;1;1
2026-07-01 00:00:00.000;2026 07;JABIL;Jabil;Dominican Republic;;null;Lyra Health International Ltd;0;1;1;1
2026-07-01 00:00:00.000;2026 07;JABIL;Jabil;Dominican Republic;Dominican Republic;DO;Lyra Health International Ltd;0;2;2;4
2026-07-01 00:00:00.000;2026 07;JABIL;Jabil;Germany;;null;Lyra Health International Ltd;3;5;5;5
2026-07-01 00:00:00.000;2026 07;JABIL;Jabil;Germany;Germany;DE;Lyra Health International Ltd;1;2;4;42
2026-07-01 00:00:00.000;2026 07;JABIL;Jabil;Germany;Hungary;HU;Lyra Health International Ltd;2;3;3;31
2026-07-01 00:00:00.000;2026 07;JABIL;Jabil;Hong Kong;;null;Lyra Health International Ltd;2;2;2;2
2026-07-01 00:00:00.000;2026 07;JABIL;Jabil;Hong Kong;Spain;ES;Lyra Health International Ltd;1;1;1;4
2026-07-01 00:00:00.000;2026 07;JABIL;Jabil;Hong Kong;Taiwan (Republic of China);TW;Lyra Health International Ltd;1;1;1;3
2026-07-01 00:00:00.000;2026 07;JABIL;Jabil;Hungary;;null;Lyra Health International Ltd;2;2;2;2
2026-07-01 00:00:00.000;2026 07;JABIL;Jabil;Hungary;Hungary;HU;Lyra Health International Ltd;2;2;2;8
2026-07-01 00:00:00.000;2026 07;JABIL;Jabil;India;;null;Lyra Health International Ltd;1;1;1;1
2026-07-01 00:00:00.000;2026 07;JABIL;Jabil;India;India;IN;Lyra Health International Ltd;1;1;1;5
2026-07-01 00:00:00.000;2026 07;JABIL;Jabil;Ireland;;null;Lyra Health International Ltd;6;6;6;7
2026-07-01 00:00:00.000;2026 07;JABIL;Jabil;Ireland;Ireland;IE;Lyra Health International Ltd;6;7;9;75
2026-07-01 00:00:00.000;2026 07;JABIL;Jabil;Malaysia;;null;Lyra Health International Ltd;1;1;1;1
2026-07-01 00:00:00.000;2026 07;JABIL;Jabil;Malaysia;Singapore;SG;Lyra Health International Ltd;1;1;1;9
2026-07-01 00:00:00.000;2026 07;JABIL;Jabil;Mexico;;null;Lyra Health International Ltd;21;25;25;30
2026-07-01 00:00:00.000;2026 07;JABIL;Jabil;Mexico;Mexico;MX;Lyra Health International Ltd;22;25;37;377
2026-07-01 00:00:00.000;2026 07;JABIL;Jabil;Poland;;null;Lyra Health International Ltd;1;2;2;2
2026-07-01 00:00:00.000;2026 07;JABIL;Jabil;Poland;Poland;PL;Lyra Health International Ltd;1;1;2;5
2026-07-01 00:00:00.000;2026 07;JABIL;Jabil;Poland;Ukraine;UA;Lyra Health International Ltd;0;2;2;38
2026-07-01 00:00:00.000;2026 07;JABIL;Jabil;Singapore;;null;Lyra Health International Ltd;12;12;12;14
2026-07-01 00:00:00.000;2026 07;JABIL;Jabil;Singapore;Malaysia;MY;Lyra Health International Ltd;7;7;10;164
2026-07-01 00:00:00.000;2026 07;JABIL;Jabil;Singapore;Singapore;SG;Lyra Health International Ltd;4;4;4;47
2026-07-01 00:00:00.000;2026 07;JABIL;Jabil;Singapore;Vietnam;VN;Lyra Health International Ltd;1;1;1;23
2026-07-01 00:00:00.000;2026 07;JABIL;Jabil;Switzerland;;null;Lyra Health International Ltd;2;3;4;4
2026-07-01 00:00:00.000;2026 07;JABIL;Jabil;Switzerland;Switzerland;CH;Lyra Health International Ltd;3;5;6;32
2026-07-01 00:00:00.000;2026 07;JABIL;Jabil;Taiwan (Republic of China);;null;Lyra Health International Ltd;3;4;4;4
2026-07-01 00:00:00.000;2026 07;JABIL;Jabil;Taiwan (Republic of China);Taiwan (Republic of China);TW;Lyra Health International Ltd;3;5;6;51
2026-07-01 00:00:00.000;2026 07;JABIL;Jabil;Ukraine;;null;Lyra Health International Ltd;3;4;4;4
2026-07-01 00:00:00.000;2026 07;JABIL;Jabil;Ukraine;Ukraine;UA;Lyra Health International Ltd;3;4;6;34
2026-07-01 00:00:00.000;2026 07;JABIL;Jabil;United Kingdom;;null;Lyra Health International Ltd;9;10;10;10
2026-07-01 00:00:00.000;2026 07;JABIL;Jabil;United Kingdom;Ireland;IE;Lyra Health International Ltd;5;6;8;58
2026-07-01 00:00:00.000;2026 07;JABIL;Jabil;United Kingdom;United Kingdom;GB;Lyra Health International Ltd;5;5;5;21
2026-07-01 00:00:00.000;2026 07;JABIL;Jabil;United States of America;;null;Lyra Health International Ltd;7;8;8;8
2026-07-01 00:00:00.000;2026 07;JABIL;Jabil;United States of America;Mexico;MX;Lyra Health International Ltd;5;6;9;65
2026-07-01 00:00:00.000;2026 07;JABIL;Jabil;United States of America;United Kingdom;GB;Lyra Health International Ltd;1;1;1;3
2026-07-01 00:00:00.000;2026 07;JABRA;Jabra;India;;null;Lyra Health International Ltd;1;1;1;1
2026-07-01 00:00:00.000;2026 07;JABRA;Jabra;India;India;IN;Lyra Health International Ltd;1;1;2;17
2026-07-01 00:00:00.000;2026 07;JABRA;Jabra;Philippines;;null;Lyra Health International Ltd;1;1;1;4
2026-07-01 00:00:00.000;2026 07;JABRA;Jabra;Philippines;Singapore;SG;Lyra Health International Ltd;1;1;1;20
2026-07-01 00:00:00.000;2026 07;JABRA;Jabra;Singapore;;null;Lyra Health International Ltd;4;4;4;6
2026-07-01 00:00:00.000;2026 07;JABRA;Jabra;Singapore;Philippines;PH;Lyra Health International Ltd;3;3;3;20
2026-07-01 00:00:00.000;2026 07;JABRA;Jabra;Singapore;Singapore;SG;Lyra Health International Ltd;2;2;3;19
2026-07-01 00:00:00.000;2026 07;JABRA;Jabra;Vietnam;;null;Lyra Health International Ltd;1;1;1;1
2026-07-01 00:00:00.000;2026 07;JABRA;Jabra;Vietnam;Vietnam;VN;Lyra Health International Ltd;1;1;1;2
2026-07-01 00:00:00.000;2026 07;JAK001;Jakes Gerwel Fellowship;South Africa;;null;Lyra Southern Africa Pty Ltd;0;1;1;1
2026-07-01 00:00:00.000;2026 07;JAK001;Jakes Gerwel Fellowship;South Africa;South Africa;ZA;Lyra Southern Africa Pty Ltd;0;1;2;15
2026-07-01 00:00:00.000;2026 07;JAS001;Jasco;South Africa;;null;Lyra Southern Africa Pty Ltd;0;1;1;1
2026-07-01 00:00:00.000;2026 07;JAS001;Jasco;South Africa;South Africa;ZA;Lyra Southern Africa Pty Ltd;2;2;3;7
2026-07-01 00:00:00.000;2026 07;JAZZPHARMA;Jazz Pharmaceuticals;Italy;;null;Lyra;2;2;2;2
2026-07-01 00:00:00.000;2026 07;JAZZPHARMA;Jazz Pharmaceuticals;Italy;Italy;IT;Lyra;2;2;4;65
2026-07-01 00:00:00.000;2026 07;JCBRAUNSCHWEIG;Jobcenter Braunschweig;Germany;Germany;DE;Lyra Deutschland GmBH;2;3;3;3
2026-07-01 00:00:00.000;2026 07;JCCELLE;Jobcenter im Landkreis Celle;Germany;;null;Lyra Deutschland GmBH;1;1;1;1
2026-07-01 00:00:00.000;2026 07;JCCELLE;Jobcenter im Landkreis Celle;Germany;Germany;DE;Lyra Deutschland GmBH;1;1;1;8
2026-07-01 00:00:00.000;2026 07;JCCLOPPENBURG;Jobcenter Cloppenburg;Germany;Germany;DE;Lyra Deutschland GmBH;2;2;2;10
2026-07-01 00:00:00.000;2026 07;JCD001;JCDecaux;South Africa;;null;Lyra Southern Africa Pty Ltd;3;5;5;5
2026-07-01 00:00:00.000;2026 07;JCD001;JCDecaux;South Africa;South Africa;ZA;Lyra Southern Africa Pty Ltd;3;5;9;26
2026-07-01 00:00:00.000;2026 07;JCI;JCI;Australia;;null;Lyra Health International Ltd;2;2;2;2
2026-07-01 00:00:00.000;2026 07;JCI;JCI;Australia;Australia;AU;Lyra Health International Ltd;2;3;4;58
2026-07-01 00:00:00.000;2026 07;JCI;JCI;Austria;;null;Lyra Health International Ltd;1;1;1;1
2026-07-01 00:00:00.000;2026 07;JCI;JCI;Austria;Slovakia;SK;Lyra Health International Ltd;2;2;4;80
2026-07-01 00:00:00.000;2026 07;JCI;JCI;Belgium;;null;Lyra Health International Ltd;2;2;2;2
2026-07-01 00:00:00.000;2026 07;JCI;JCI;Belgium;Belgium;BE;Lyra Health International Ltd;2;2;3;26
2026-07-01 00:00:00.000;2026 07;JCI;JCI;China;;null;Lyra Health International Ltd;2;3;4;4
2026-07-01 00:00:00.000;2026 07;JCI;JCI;China;China;CN;Lyra Health International Ltd;2;3;3;26
2026-07-01 00:00:00.000;2026 07;JCI;JCI;Czech Republic;;null;Lyra Health International Ltd;3;3;3;3
2026-07-01 00:00:00.000;2026 07;JCI;JCI;Czech Republic;Slovakia;SK;Lyra Health International Ltd;3;3;4;25
2026-07-01 00:00:00.000;2026 07;JCI;JCI;Germany;;null;Lyra Health International Ltd;19;20;21;21
2026-07-01 00:00:00.000;2026 07;JCI;JCI;Germany;Germany;DE;Lyra Health International Ltd;17;18;23;214
2026-07-01 00:00:00.000;2026 07;JCI;JCI;Hong Kong;;null;Lyra Health International Ltd;1;1;1;1
2026-07-01 00:00:00.000;2026 07;JCI;JCI;Hong Kong;Philippines;PH;Lyra Health International Ltd;1;1;2;9
2026-07-01 00:00:00.000;2026 07;JCI;JCI;Indonesia;;null;Lyra Health International Ltd;2;2;2;2
2026-07-01 00:00:00.000;2026 07;JCI;JCI;Indonesia;Indonesia;ID;Lyra Health International Ltd;2;2;4;72
2026-07-01 00:00:00.000;2026 07;JCI;JCI;Mexico;;null;Lyra Health International Ltd;1;1;2;2
2026-07-01 00:00:00.000;2026 07;JCI;JCI;Mexico;Japan;JP;Lyra Health International Ltd;1;1;1;3
2026-07-01 00:00:00.000;2026 07;JCI;JCI;Philippines;Philippines;PH;Lyra Health International Ltd;1;1;1;5
2026-07-01 00:00:00.000;2026 07;JCI;JCI;Poland;;null;Lyra Health International Ltd;3;3;3;3
2026-07-01 00:00:00.000;2026 07;JCI;JCI;Poland;Poland;PL;Lyra Health International Ltd;3;3;4;52
2026-07-01 00:00:00.000;2026 07;JCI;JCI;Portugal;;null;Lyra Health International Ltd;1;1;1;1
2026-07-01 00:00:00.000;2026 07;JCI;JCI;Portugal;Portugal;PT;Lyra Health International Ltd;1;2;2;7
2026-07-01 00:00:00.000;2026 07;JCI;JCI;Singapore;;null;Lyra Health International Ltd;2;2;2;2
2026-07-01 00:00:00.000;2026 07;JCI;JCI;Singapore;Singapore;SG;Lyra Health International Ltd;3;3;3;13
2026-07-01 00:00:00.000;2026 07;JCI;JCI;South Africa;Japan;JP;Lyra Health International Ltd;0;1;1;2
2026-07-01 00:00:00.000;2026 07;JCI;JCI;Spain;;null;Lyra Health International Ltd;2;2;2;2
2026-07-01 00:00:00.000;2026 07;JCI;JCI;Spain;Belgium;BE;Lyra Health International Ltd;1;1;1;1
2026-07-01 00:00:00.000;2026 07;JCI;JCI;Spain;Portugal;PT;Lyra Health International Ltd;2;2;2;7
2026-07-01 00:00:00.000;2026 07;JCI;JCI;Turkey;;null;Lyra Health International Ltd;1;1;1;1
2026-07-01 00:00:00.000;2026 07;JCI;JCI;Turkey;Germany;DE;Lyra Health International Ltd;1;1;2;37
2026-07-01 00:00:00.000;2026 07;JCI;JCI;United Kingdom;;null;Lyra Health International Ltd;3;3;4;5
2026-07-01 00:00:00.000;2026 07;JCNIENBURGEAP;Jobcenter Nienburg;Germany;;null;Lyra Deutschland GmBH;1;1;1;1
2026-07-01 00:00:00.000;2026 07;JCNIENBURGEAP;Jobcenter Nienburg;Germany;Germany;DE;Lyra Deutschland GmBH;1;1;2;25
2026-07-01 00:00:00.000;2026 07;JCOSNABRUECK;Jobcenter Osnabrück;Germany;;null;Lyra Deutschland GmBH;1;1;1;1
2026-07-01 00:00:00.000;2026 07;JCOSNABRUECK;Jobcenter Osnabrück;Germany;Germany;DE;Lyra Deutschland GmBH;1;1;2;11
2026-07-01 00:00:00.000;2026 07;JCSEGEBERGEAP;Jobcenter Kreis Segeberg;Germany;Germany;DE;Lyra Deutschland GmBH;1;1;1;1
2026-07-01 00:00:00.000;2026 07;JDVSC;Jugos del Valle;Mexico;;null;Lyra Mexico and Central America;5;5;5;5
2026-07-01 00:00:00.000;2026 07;JDVSC;Jugos del Valle;Mexico;Mexico;MX;Lyra Mexico and Central America;5;5;5;50
2026-07-01 00:00:00.000;2026 07;JEM001;JEM HR Beier;South Africa;;null;Lyra Southern Africa Pty Ltd;7;10;11;11
2026-07-01 00:00:00.000;2026 07;JEM001;JEM HR Beier;South Africa;South Africa;ZA;Lyra Southern Africa Pty Ltd;6;10;15;115
2026-07-01 00:00:00.000;2026 07;JEM002;JEM City Logistics;South Africa;;null;Lyra Southern Africa Pty Ltd;2;2;2;2
2026-07-01 00:00:00.000;2026 07;JEM002;JEM City Logistics;South Africa;South Africa;ZA;Lyra Southern Africa Pty Ltd;2;2;7;86
2026-07-01 00:00:00.000;2026 07;JFHUB22;James Fisher;Australia;;null;Lyra Health International Ltd;1;1;1;1
2026-07-01 00:00:00.000;2026 07;JFHUB22;James Fisher;Australia;Australia;AU;Lyra Health International Ltd;1;1;1;10
2026-07-01 00:00:00.000;2026 07;JFHUB22;James Fisher;Mozambique;;null;Lyra Health International Ltd;1;1;1;1
2026-07-01 00:00:00.000;2026 07;JFHUB22;James Fisher;Mozambique;Mozambique;MZ;Lyra Health International Ltd;1;1;1;4
2026-07-01 00:00:00.000;2026 07;JFHUB22;James Fisher;United Kingdom;;null;Lyra Health International Ltd;13;14;14;14
2026-07-01 00:00:00.000;2026 07;JFHUB22;James Fisher;United Kingdom;United Kingdom;GB;Lyra Health International Ltd;13;14;18;169
2026-07-01 00:00:00.000;2026 07;JFHUB22;James Fisher;United States of America;;null;Lyra Health International Ltd;1;1;1;1
2026-07-01 00:00:00.000;2026 07;JFHUB22;James Fisher;United States of America;United States of America;US;Lyra Health International Ltd;1;1;1;3
2026-07-01 00:00:00.000;2026 07;JIG001;Jigsaw Underwriting Managers;South Africa;;null;Lyra Southern Africa Pty Ltd;2;3;3;4
2026-07-01 00:00:00.000;2026 07;JIG001;Jigsaw Underwriting Managers;South Africa;South Africa;ZA;Lyra Southern Africa Pty Ltd;2;3;5;71
2026-07-01 00:00:00.000;2026 07;JNBP25;BP Low Carbon Development Company Limited;United Kingdom;;null;Lyra Health International Ltd;2;2;2;2
2026-07-01 00:00:00.000;2026 07;JNBP25;BP Low Carbon Development Company Limited;United Kingdom;United Kingdom;GB;Lyra Health International Ltd;2;2;2;13
2026-07-01 00:00:00.000;2026 07;JOH003;Johannesburg Water;South Africa;;null;Lyra Southern Africa Pty Ltd;6;6;6;7
2026-07-01 00:00:00.000;2026 07;JOH003;Johannesburg Water;South Africa;South Africa;ZA;Lyra Southern Africa Pty Ltd;8;8;17;113
2026-07-01 00:00:00.000;2026 07;JOHNSONJOHNSON;Johnson & Johnson;Austria;;null;Lyra Health International Ltd;6;6;6;6
2026-07-01 00:00:00.000;2026 07;JOHNSONJOHNSON;Johnson & Johnson;Austria;Czech Republic;CZ;Lyra Health International Ltd;6;6;6;42
2026-07-01 00:00:00.000;2026 07;JOHNSONJOHNSON;Johnson & Johnson;Czech Republic;;null;Lyra Health International Ltd;2;4;4;4
2026-07-01 00:00:00.000;2026 07;JOHNSONJOHNSON;Johnson & Johnson;Czech Republic;Czech Republic;CZ;Lyra Health International Ltd;3;6;11;67
2026-07-01 00:00:00.000;2026 07;JOHNSONJOHNSON;Johnson & Johnson;Germany;;null;Lyra Health International Ltd;1;1;1;1
2026-07-01 00:00:00.000;2026 07;JOHNSONJOHNSON;Johnson & Johnson;Germany;Czech Republic;CZ;Lyra Health International Ltd;1;1;1;30
2026-07-01 00:00:00.000;2026 07;JOHNSONJOHNSON;Johnson & Johnson;India;;null;Lyra Health International Ltd;8;9;9;9
2026-07-01 00:00:00.000;2026 07;JOHNSONJOHNSON;Johnson & Johnson;India;India;IN;Lyra Health International Ltd;11;13;17;132
2026-07-01 00:00:00.000;2026 07;JOHNSONJOHNSON;Johnson & Johnson;India;Kuwait;KW;Lyra Health International Ltd;0;1;1;3
2026-07-01 00:00:00.000;2026 07;JOHNSONJOHNSON;Johnson & Johnson;Israel;;null;Lyra Health International Ltd;0;1;1;1
2026-07-01 00:00:00.000;2026 07;JOHNSONJOHNSON;Johnson & Johnson;Israel;Israel;IL;Lyra Health International Ltd;0;1;1;7
2026-07-01 00:00:00.000;2026 07;JOHNSONJOHNSON;Johnson & Johnson;Japan;;null;Lyra Health International Ltd;5;5;5;5
2026-07-01 00:00:00.000;2026 07;JOHNSONJOHNSON;Johnson & Johnson;Japan;Japan;JP;Lyra Health International Ltd;6;6;7;74
2026-07-01 00:00:00.000;2026 07;JOHNSONJOHNSON;Johnson & Johnson;Netherlands;;null;Lyra Health International Ltd;1;1;1;1
2026-07-01 00:00:00.000;2026 07;JOHNSONJOHNSON;Johnson & Johnson;Netherlands;Czech Republic;CZ;Lyra Health International Ltd;1;1;1;5
2026-07-01 00:00:00.000;2026 07;JOHNSONJOHNSON;Johnson & Johnson;Republic of Korea;;null;Lyra Health International Ltd;16;16;16;16
2026-07-01 00:00:00.000;2026 07;JOHNSONJOHNSON;Johnson & Johnson;Republic of Korea;Republic of Korea;KR;Lyra Health International Ltd;16;16;21;151
2026-07-01 00:00:00.000;2026 07;JOHNSONJOHNSON;Johnson & Johnson;Spain;;null;Lyra Health International Ltd;0;1;1;1
2026-07-01 00:00:00.000;2026 07;JOHNSONJOHNSON;Johnson & Johnson;Spain;Czech Republic;CZ;Lyra Health International Ltd;0;1;3;20
2026-07-01 00:00:00.000;2026 07;JOHNSONJOHNSON;Johnson & Johnson;United States of America;;null;Lyra Health International Ltd;1;2;5;10
2026-07-01 00:00:00.000;2026 07;JOHNSONJOHNSON;Johnson & Johnson;United States of America;Czech Republic;CZ;Lyra Health International Ltd;1;2;2;12
2026-07-01 00:00:00.000;2026 07;JON002;Jones Lang LaSalle South Africa Pty Ltd;Nigeria;;null;Lyra Southern Africa Pty Ltd;1;2;2;2
2026-07-01 00:00:00.000;2026 07;JON002;Jones Lang LaSalle South Africa Pty Ltd;Nigeria;South Africa;ZA;Lyra Southern Africa Pty Ltd;0;1;1;2
2026-07-01 00:00:00.000;2026 07;JON002;Jones Lang LaSalle South Africa Pty Ltd;South Africa;;null;Lyra Southern Africa Pty Ltd;9;9;11;11
2026-07-01 00:00:00.000;2026 07;JON002;Jones Lang LaSalle South Africa Pty Ltd;South Africa;South Africa;ZA;Lyra Southern Africa Pty Ltd;11;12;17;71
2026-07-01 00:00:00.000;2026 07;JON002;Jones Lang LaSalle South Africa Pty Ltd;United Arab Emirates;;null;Lyra Southern Africa Pty Ltd;1;1;1;1
2026-07-01 00:00:00.000;2026 07;JON002;Jones Lang LaSalle South Africa Pty Ltd;United Arab Emirates;South Africa;ZA;Lyra Southern Africa Pty Ltd;1;1;1;3
2026-07-01 00:00:00.000;2026 07;JOR001;JorDan Human Resources;South Africa;;null;Lyra Southern Africa Pty Ltd;1;2;2;2
2026-07-01 00:00:00.000;2026 07;JOR001;JorDan Human Resources;South Africa;South Africa;ZA;Lyra Southern Africa Pty Ltd;3;5;6;34
2026-07-01 00:00:00.000;2026 07;JSE001;JSE;South Africa;;null;Lyra Southern Africa Pty Ltd;1;1;1;1
2026-07-01 00:00:00.000;2026 07;JSE001;JSE;South Africa;South Africa;ZA;Lyra Southern Africa Pty Ltd;2;3;3;14
2026-07-01 00:00:00.000;2026 07;JTI;Japan Tobacco International;Belgium;;null;Lyra Health International Ltd;2;2;2;2
2026-07-01 00:00:00.000;2026 07;JTI;Japan Tobacco International;Belgium;Belgium;BE;Lyra Health International Ltd;2;2;2;16
2026-07-01 00:00:00.000;2026 07;JTI;Japan Tobacco International;Brazil;;null;Lyra Health International Ltd;1;2;2;3
2026-07-01 00:00:00.000;2026 07;JTI;Japan Tobacco International;Brazil;Brazil;BR;Lyra Health International Ltd;2;3;3;42
2026-07-01 00:00:00.000;2026 07;JTI;Japan Tobacco International;Cambodia;;null;Lyra Health International Ltd;1;1;1;1
2026-07-01 00:00:00.000;2026 07;JTI;Japan Tobacco International;Cambodia;Cambodia;KH;Lyra Health International Ltd;1;1;1;13
2026-07-01 00:00:00.000;2026 07;JTI;Japan Tobacco International;Czech Republic;;null;Lyra Health International Ltd;1;2;2;2
2026-07-01 00:00:00.000;2026 07;JTI;Japan Tobacco International;Czech Republic;Czech Republic;CZ;Lyra Health International Ltd;0;1;2;3
2026-07-01 00:00:00.000;2026 07;JTI;Japan Tobacco International;Czech Republic;Slovakia;SK;Lyra Health International Ltd;2;2;2;13
2026-07-01 00:00:00.000;2026 07;JTI;Japan Tobacco International;Ethiopia;;null;Lyra Health International Ltd;1;1;1;1
2026-07-01 00:00:00.000;2026 07;JTI;Japan Tobacco International;Ethiopia;Egypt;EG;Lyra Health International Ltd;1;1;1;16
2026-07-01 00:00:00.000;2026 07;JTI;Japan Tobacco International;Georgia;;null;Lyra Health International Ltd;0;1;1;1
2026-07-01 00:00:00.000;2026 07;JTI;Japan Tobacco International;Georgia;Georgia;GE;Lyra Health International Ltd;0;1;1;6
2026-07-01 00:00:00.000;2026 07;JTI;Japan Tobacco International;Hungary;;null;Lyra Health International Ltd;1;1;2;2
2026-07-01 00:00:00.000;2026 07;JTI;Japan Tobacco International;Hungary;Hungary;HU;Lyra Health International Ltd;1;1;1;17
2026-07-01 00:00:00.000;2026 07;JTI;Japan Tobacco International;Italy;;null;Lyra Health International Ltd;1;1;1;1
2026-07-01 00:00:00.000;2026 07;JTI;Japan Tobacco International;Italy;Italy;IT;Lyra Health International Ltd;1;1;5;36
2026-07-01 00:00:00.000;2026 07;JTI;Japan Tobacco International;Jordan;;null;Lyra Health International Ltd;2;2;2;2
2026-07-01 00:00:00.000;2026 07;JTI;Japan Tobacco International;Jordan;Jordan;JO;Lyra Health International Ltd;3;3;4;27
2026-07-01 00:00:00.000;2026 07;JTI;Japan Tobacco International;Malawi;;null;Lyra Health International Ltd;1;2;2;2
2026-07-01 00:00:00.000;2026 07;JTI;Japan Tobacco International;Malawi;Malawi;MW;Lyra Health International Ltd;1;2;2;24
2026-07-01 00:00:00.000;2026 07;JTI;Japan Tobacco International;Malaysia;;null;Lyra Health International Ltd;1;2;2;2
2026-07-01 00:00:00.000;2026 07;JTI;Japan Tobacco International;Malaysia;Malaysia;MY;Lyra Health International Ltd;1;2;2;37
2026-07-01 00:00:00.000;2026 07;JTI;Japan Tobacco International;Philippines;;null;Lyra Health International Ltd;7;8;8;8
2026-07-01 00:00:00.000;2026 07;JTI;Japan Tobacco International;Philippines;Philippines;PH;Lyra Health International Ltd;6;7;10;45
2026-07-01 00:00:00.000;2026 07;JTI;Japan Tobacco International;Poland;;null;Lyra Health International Ltd;10;11;11;12
2026-07-01 00:00:00.000;2026 07;JTI;Japan Tobacco International;Poland;Poland;PL;Lyra Health International Ltd;9;10;12;142
2026-07-01 00:00:00.000;2026 07;JTI;Japan Tobacco International;Republic of Korea;;null;Lyra Health International Ltd;2;2;2;2
2026-07-01 00:00:00.000;2026 07;JTI;Japan Tobacco International;Republic of Korea;Republic of Korea;KR;Lyra Health International Ltd;3;3;4;49
2026-07-01 00:00:00.000;2026 07;JTI;Japan Tobacco International;Romania;;null;Lyra Health International Ltd;2;2;2;2
2026-07-01 00:00:00.000;2026 07;JTI;Japan Tobacco International;Romania;Jordan;JO;Lyra Health International Ltd;1;1;1;4
2026-07-01 00:00:00.000;2026 07;JTI;Japan Tobacco International;Romania;Romania;RO;Lyra Health International Ltd;2;2;2;19
2026-07-01 00:00:00.000;2026 07;JTI;Japan Tobacco International;Singapore;;null;Lyra Health International Ltd;1;1;1;1
2026-07-01 00:00:00.000;2026 07;JTI;Japan Tobacco International;Singapore;Bangladesh;BD;Lyra Health International Ltd;1;1;1;1
2026-07-01 00:00:00.000;2026 07;JTI;Japan Tobacco International;Switzerland;;null;Lyra Health International Ltd;1;2;2;2
2026-07-01 00:00:00.000;2026 07;JTI;Japan Tobacco International;Switzerland;Switzerland;CH;Lyra Health International Ltd;1;2;3;85
2026-07-01 00:00:00.000;2026 07;JTI;Japan Tobacco International;Tanzania;;null;Lyra Health International Ltd;1;1;1;1
2026-07-01 00:00:00.000;2026 07;JTI;Japan Tobacco International;Tanzania;Tanzania;TZ;Lyra Health International Ltd;1;1;1;6
2026-07-01 00:00:00.000;2026 07;JTI;Japan Tobacco International;United States of America;;null;Lyra Health International Ltd;2;2;2;2
2026-07-01 00:00:00.000;2026 07;JTI;Japan Tobacco International;United States of America;United States of America;US;Lyra Health International Ltd;2;3;4;8
2026-07-01 00:00:00.000;2026 07;JUMEIRAHXICAS;Jumeirah Group;Bangladesh;United Arab Emirates;AE;Lyra Health International Ltd (DMCC) Branch (MENA);1;1;1;1
2026-07-01 00:00:00.000;2026 07;JUMEIRAHXICAS;Jumeirah Group;Canada;;null;Lyra Health International Ltd (DMCC) Branch (MENA);1;1;1;1
2026-07-01 00:00:00.000;2026 07;JUMEIRAHXICAS;Jumeirah Group;Canada;United Arab Emirates;AE;Lyra Health International Ltd (DMCC) Branch (MENA);1;1;1;5
2026-07-01 00:00:00.000;2026 07;JUMEIRAHXICAS;Jumeirah Group;Egypt;United Arab Emirates;AE;Lyra Health International Ltd (DMCC) Branch (MENA);1;1;1;3
2026-07-01 00:00:00.000;2026 07;JUMEIRAHXICAS;Jumeirah Group;Maldives;;null;Lyra Health International Ltd (DMCC) Branch (MENA);1;1;1;1
2026-07-01 00:00:00.000;2026 07;JUMEIRAHXICAS;Jumeirah Group;Maldives;United Arab Emirates;AE;Lyra Health International Ltd (DMCC) Branch (MENA);1;1;1;1
2026-07-01 00:00:00.000;2026 07;JUMEIRAHXICAS;Jumeirah Group;Morocco;;null;Lyra Health International Ltd (DMCC) Branch (MENA);1;1;1;1
2026-07-01 00:00:00.000;2026 07;JUMEIRAHXICAS;Jumeirah Group;Morocco;United Arab Emirates;AE;Lyra Health International Ltd (DMCC) Branch (MENA);1;1;5;26
2026-07-01 00:00:00.000;2026 07;JUMEIRAHXICAS;Jumeirah Group;Myanmar;United Arab Emirates;AE;Lyra Health International Ltd (DMCC) Branch (MENA);1;1;1;1
2026-07-01 00:00:00.000;2026 07;JUMEIRAHXICAS;Jumeirah Group;United Arab Emirates;;null;Lyra Health International Ltd (DMCC) Branch (MENA);1;1;1;1
2026-07-01 00:00:00.000;2026 07;JUMEIRAHXICAS;Jumeirah Group;United Arab Emirates;United Arab Emirates;AE;Lyra Health International Ltd (DMCC) Branch (MENA);1;1;4;26
2026-07-01 00:00:00.000;2026 07;JUSTEATTAKEAWAY;Just Eat Holdings;Belgium;;null;Lyra Health International Ltd;1;1;1;1
2026-07-01 00:00:00.000;2026 07;JUSTEATTAKEAWAY;Just Eat Holdings;Belgium;Belgium;BE;Lyra Health International Ltd;1;1;1;2
2026-07-01 00:00:00.000;2026 07;JUSTEATTAKEAWAY;Just Eat Holdings;Canada;;null;Lyra Health International Ltd;4;4;4;4
2026-07-01 00:00:00.000;2026 07;JUSTEATTAKEAWAY;Just Eat Holdings;Canada;Canada;CA;Lyra Health International Ltd;5;5;5;15
2026-07-01 00:00:00.000;2026 07;JUSTEATTAKEAWAY;Just Eat Holdings;Germany;;null;Lyra Health International Ltd;6;7;7;8
2026-07-01 00:00:00.000;2026 07;JUSTEATTAKEAWAY;Just Eat Holdings;Germany;Germany;DE;Lyra Health International Ltd;5;6;13;45
2026-07-01 00:00:00.000;2026 07;JUSTEATTAKEAWAY;Just Eat Holdings;Germany;United Kingdom;GB;Lyra Health International Ltd;1;1;1;27
2026-07-01 00:00:00.000;2026 07;JUSTEATTAKEAWAY;Just Eat Holdings;Italy;;null;Lyra Health International Ltd;0;1;1;1
2026-07-01 00:00:00.000;2026 07;JUSTEATTAKEAWAY;Just Eat Holdings;Italy;Netherlands;NL;Lyra Health International Ltd;0;1;1;4
2026-07-01 00:00:00.000;2026 07;JUSTEATTAKEAWAY;Just Eat Holdings;Netherlands;;null;Lyra Health International Ltd;13;15;15;15
2026-07-01 00:00:00.000;2026 07;JUSTEATTAKEAWAY;Just Eat Holdings;Netherlands;Netherlands;NL;Lyra Health International Ltd;13;17;19;227
2026-07-01 00:00:00.000;2026 07;JUSTEATTAKEAWAY;Just Eat Holdings;Poland;;null;Lyra Health International Ltd;2;2;2;2
2026-07-01 00:00:00.000;2026 07;JUSTEATTAKEAWAY;Just Eat Holdings;Poland;Poland;PL;Lyra Health International Ltd;2;2;7;33
2026-07-01 00:00:00.000;2026 07;JUSTEATTAKEAWAY;Just Eat Holdings;Spain;;null;Lyra Health International Ltd;2;2;2;2
2026-07-01 00:00:00.000;2026 07;JUSTEATTAKEAWAY;Just Eat Holdings;Spain;Spain;ES;Lyra Health International Ltd;2;3;6;25
2026-07-01 00:00:00.000;2026 07;JUSTEATTAKEAWAY;Just Eat Holdings;United Kingdom;;null;Lyra Health International Ltd;15;17;18;18
2026-07-01 00:00:00.000;2026 07;JUSTEATTAKEAWAY;Just Eat Holdings;United Kingdom;Ireland;IE;Lyra Health International Ltd;1;1;1;2
2026-07-01 00:00:00.000;2026 07;JUSTEATTAKEAWAY;Just Eat Holdings;United Kingdom;United Kingdom;GB;Lyra Health International Ltd;16;18;29;190
2026-07-01 00:00:00.000;2026 07;KAN001;Kansai Plascon;South Africa;;null;Lyra Southern Africa Pty Ltd;1;1;2;2
2026-07-01 00:00:00.000;2026 07;KAN001;Kansai Plascon;South Africa;South Africa;ZA;Lyra Southern Africa Pty Ltd;1;1;1;17
2026-07-01 00:00:00.000;2026 07;KARCHERMEX;Kärcher;Mexico;;null;Lyra Mexico and Central America;1;1;1;1
2026-07-01 00:00:00.000;2026 07;KARCHERMEX;Kärcher;Mexico;Mexico;MX;Lyra Mexico and Central America;1;1;2;8
2026-07-01 00:00:00.000;2026 07;KARDEX;Kardex Holging AG;France;;null;Lyra Health International Ltd;2;2;2;2
2026-07-01 00:00:00.000;2026 07;KARDEX;Kardex Holging AG;France;France;FR;Lyra Health International Ltd;3;3;3;42
2026-07-01 00:00:00.000;2026 07;KARDEX;Kardex Holging AG;Germany;;null;Lyra Health International Ltd;5;5;5;5
2026-07-01 00:00:00.000;2026 07;KARDEX;Kardex Holging AG;Germany;Germany;DE;Lyra Health International Ltd;5;5;6;48
2026-07-01 00:00:00.000;2026 07;KARDEX;Kardex Holging AG;Germany;Hungary;HU;Lyra Health International Ltd;1;1;2;7
2026-07-01 00:00:00.000;2026 07;KARDEX;Kardex Holging AG;India;;null;Lyra Health International Ltd;1;1;1;1
2026-07-01 00:00:00.000;2026 07;KARDEX;Kardex Holging AG;India;India;IN;Lyra Health International Ltd;1;1;1;7
2026-07-01 00:00:00.000;2026 07;KARDEX;Kardex Holging AG;Romania;;null;Lyra Health International Ltd;1;1;1;1
2026-07-01 00:00:00.000;2026 07;KARDEX;Kardex Holging AG;Romania;Romania;RO;Lyra Health International Ltd;1;1;1;12
2026-07-01 00:00:00.000;2026 07;KARDEX;Kardex Holging AG;Spain;;null;Lyra Health International Ltd;1;1;1;1
2026-07-01 00:00:00.000;2026 07;KARDEX;Kardex Holging AG;Spain;Spain;ES;Lyra Health International Ltd;1;1;1;6
2026-07-01 00:00:00.000;2026 07;KAUSTGAXLYRA;King Abdullah University of Science and Technology (KAUST) Graduate Affairs;United Arab Emirates;;null;Lyra Health International Ltd (DMCC) Branch (MENA);0;1;4;4
2026-07-01 00:00:00.000;2026 07;KAUSTGAXLYRA;King Abdullah University of Science and Technology (KAUST) Graduate Affairs;United Arab Emirates;Saudi Arabia;SA;Lyra Health International Ltd (DMCC) Branch (MENA);0;1;2;7
2026-07-01 00:00:00.000;2026 07;KAUSTXICAS;King Abdullah University of Science and Technology (KAUST);Germany;;null;Lyra Health International Ltd (DMCC) Branch (MENA);1;1;1;1
2026-07-01 00:00:00.000;2026 07;KAUSTXICAS;King Abdullah University of Science and Technology (KAUST);Germany;Saudi Arabia;SA;Lyra Health International Ltd (DMCC) Branch (MENA);2;2;2;2
2026-07-01 00:00:00.000;2026 07;KAUSTXICAS;King Abdullah University of Science and Technology (KAUST);Saudi Arabia;;null;Lyra Health International Ltd (DMCC) Branch (MENA);5;6;6;6
2026-07-01 00:00:00.000;2026 07;KAUSTXICAS;King Abdullah University of Science and Technology (KAUST);Saudi Arabia;Saudi Arabia;SA;Lyra Health International Ltd (DMCC) Branch (MENA);6;7;8;31
2026-07-01 00:00:00.000;2026 07;KAUSTXICAS;King Abdullah University of Science and Technology (KAUST);United Arab Emirates;;null;Lyra Health International Ltd (DMCC) Branch (MENA);0;1;1;1
2026-07-01 00:00:00.000;2026 07;KAUSTXICAS;King Abdullah University of Science and Technology (KAUST);United Arab Emirates;Saudi Arabia;SA;Lyra Health International Ltd (DMCC) Branch (MENA);0;1;1;3
2026-07-01 00:00:00.000;2026 07;KB;Koninklijke Bibliotheek;Netherlands;;null;Lyra Netherlands BV;1;1;1;1
2026-07-01 00:00:00.000;2026 07;KB;Koninklijke Bibliotheek;Netherlands;Netherlands;NL;Lyra Netherlands BV;1;1;1;7
2026-07-01 00:00:00.000;2026 07;KEL002;Kellogg South Africa Pty Ltd;South Africa;South Africa;ZA;Lyra Southern Africa Pty Ltd;1;1;2;7
2026-07-01 00:00:00.000;2026 07;KEL002;Kellogg South Africa Pty Ltd;United Kingdom;;null;Lyra Southern Africa Pty Ltd;1;1;1;1
2026-07-01 00:00:00.000;2026 07;KEL002;Kellogg South Africa Pty Ltd;United Kingdom;South Africa;ZA;Lyra Southern Africa Pty Ltd;1;1;1;2
2026-07-01 00:00:00.000;2026 07;KEPPELEAP;Keppel Land;Malaysia;Vietnam;VN;Lyra Health International Ltd;0;1;1;3
2026-07-01 00:00:00.000;2026 07;KEPPELEAP;Keppel Land;Vietnam;;null;Lyra Health International Ltd;1;1;1;1
2026-07-01 00:00:00.000;2026 07;KEPPELEAP;Keppel Land;Vietnam;Vietnam;VN;Lyra Health International Ltd;1;1;1;7
2026-07-01 00:00:00.000;2026 07;KERALTYCENTAUROMX;AXA Keralty Centauro;Mexico;;null;Lyra Mexico and Central America;1;1;1;1
2026-07-01 00:00:00.000;2026 07;KERALTYCENTAUROMX;AXA Keralty Centauro;Mexico;Mexico;MX;Lyra Mexico and Central America;1;2;2;5
2026-07-01 00:00:00.000;2026 07;KERRY;Kerry;Brazil;;null;Lyra Health International Ltd;1;1;1;1
2026-07-01 00:00:00.000;2026 07;KERRY;Kerry;Brazil;Brazil;BR;Lyra Health International Ltd;1;1;1;10
2026-07-01 00:00:00.000;2026 07;KERRY;Kerry;Canada;;null;Lyra Health International Ltd;1;1;1;1
2026-07-01 00:00:00.000;2026 07;KERRY;Kerry;Denmark;Denmark;DK;Lyra Health International Ltd;1;1;1;8
2026-07-01 00:00:00.000;2026 07;KERRY;Kerry;Ireland;;null;Lyra Health International Ltd;2;3;3;3
2026-07-01 00:00:00.000;2026 07;KERRY;Kerry;Ireland;Ireland;IE;Lyra Health International Ltd;1;3;3;12
2026-07-01 00:00:00.000;2026 07;KERRY;Kerry;Kenya;;null;Lyra Health International Ltd;1;1;1;1
2026-07-01 00:00:00.000;2026 07;KERRY;Kerry;Mexico;;null;Lyra Health International Ltd;2;2;2;2
2026-07-01 00:00:00.000;2026 07;KERRY;Kerry;Mexico;Mexico;MX;Lyra Health International Ltd;2;2;2;24
2026-07-01 00:00:00.000;2026 07;KERRY;Kerry;Netherlands;;null;Lyra Health International Ltd;1;1;1;1
2026-07-01 00:00:00.000;2026 07;KERRY;Kerry;Netherlands;Netherlands;NL;Lyra Health International Ltd;1;1;1;2
2026-07-01 00:00:00.000;2026 07;KERRY;Kerry;United Kingdom;;null;Lyra Health International Ltd;2;2;2;2
2026-07-01 00:00:00.000;2026 07;KERRY;Kerry;United Kingdom;Ireland;IE;Lyra Health International Ltd;1;1;1;34
2026-07-01 00:00:00.000;2026 07;KERRY;Kerry;United Kingdom;United Kingdom;GB;Lyra Health International Ltd;1;1;1;9
2026-07-01 00:00:00.000;2026 07;KGA001;Kganya Investment;South Africa;;null;Lyra Southern Africa Pty Ltd;0;1;2;2
2026-07-01 00:00:00.000;2026 07;KGA001;Kganya Investment;South Africa;South Africa;ZA;Lyra Southern Africa Pty Ltd;0;1;2;11
2026-07-01 00:00:00.000;2026 07;KHADAMATXLYRA;;United Kingdom;;null;Lyra Health International Ltd (DMCC) Branch (MENA);1;1;1;1
2026-07-01 00:00:00.000;2026 07;KHADAMATXLYRA;;United Kingdom;United Arab Emirates;AE;Lyra Health International Ltd (DMCC) Branch (MENA);1;1;1;7
2026-07-01 00:00:00.000;2026 07;KIM002;Kimbe Electric Company of South Africa Pty Ltd;South Africa;;null;Lyra Southern Africa Pty Ltd;2;2;2;2
2026-07-01 00:00:00.000;2026 07;KIM002;Kimbe Electric Company of South Africa Pty Ltd;South Africa;South Africa;ZA;Lyra Southern Africa Pty Ltd;3;3;3;27
2026-07-01 00:00:00.000;2026 07;KIN001;Kintetsu World Express;South Africa;;null;Lyra Southern Africa Pty Ltd;0;1;2;2
2026-07-01 00:00:00.000;2026 07;KIN001;Kintetsu World Express;South Africa;South Africa;ZA;Lyra Southern Africa Pty Ltd;0;1;3;26
2026-07-01 00:00:00.000;2026 07;KIN002;King Price;South Africa;;null;Lyra Southern Africa Pty Ltd;6;7;8;8
2026-07-01 00:00:00.000;2026 07;KIN002;King Price;South Africa;South Africa;ZA;Lyra Southern Africa Pty Ltd;6;9;11;31
2026-07-01 00:00:00.000;2026 07;KINDRED;Kindred;Malta;;null;Lyra Health International Ltd;1;1;1;1
2026-07-01 00:00:00.000;2026 07;KINDRED;Kindred;Malta;Malta;MT;Lyra Health International Ltd;1;1;1;2
2026-07-01 00:00:00.000;2026 07;KINDRED;Kindred;Poland;Malta;MT;Lyra Health International Ltd;1;1;1;2
2026-07-01 00:00:00.000;2026 07;KINDRED;Kindred;Sweden;;null;Lyra Health International Ltd;2;2;2;2
2026-07-01 00:00:00.000;2026 07;KINDRED;Kindred;Sweden;Malta;MT;Lyra Health International Ltd;2;2;2;20
2026-07-01 00:00:00.000;2026 07;KINDRED;Kindred;United Kingdom;;null;Lyra Health International Ltd;2;2;2;2
2026-07-01 00:00:00.000;2026 07;KINDRED;Kindred;United Kingdom;France;FR;Lyra Health International Ltd;1;1;1;10
2026-07-01 00:00:00.000;2026 07;KINDRED;Kindred;United Kingdom;Malta;MT;Lyra Health International Ltd;1;1;1;12
2026-07-01 00:00:00.000;2026 07;KINGHUB22;King;Germany;;null;Lyra Health International Ltd;1;1;1;1
2026-07-01 00:00:00.000;2026 07;KINGHUB22;King;Germany;Germany;DE;Lyra Health International Ltd;1;1;1;5
2026-07-01 00:00:00.000;2026 07;KINGHUB22;King;South Africa;;null;Lyra Health International Ltd;0;1;1;1
2026-07-01 00:00:00.000;2026 07;KINGHUB22;King;South Africa;Germany;DE;Lyra Health International Ltd;0;1;3;18
2026-07-01 00:00:00.000;2026 07;KINGHUB22;King;Spain;;null;Lyra Health International Ltd;10;11;11;11
2026-07-01 00:00:00.000;2026 07;KINGHUB22;King;Spain;Germany;DE;Lyra Health International Ltd;1;1;1;2
2026-07-01 00:00:00.000;2026 07;KINGHUB22;King;Spain;Spain;ES;Lyra Health International Ltd;9;10;10;57
2026-07-01 00:00:00.000;2026 07;KINGHUB22;King;United Kingdom;;null;Lyra Health International Ltd;0;1;1;1
2026-07-01 00:00:00.000;2026 07;KINGHUB22;King;United Kingdom;Spain;ES;Lyra Health International Ltd;0;1;2;19
2026-07-01 00:00:00.000;2026 07;KINISLA;Kinisla;Ireland;;null;Lyra Health International Ltd;16;16;16;16
2026-07-01 00:00:00.000;2026 07;KINISLA;Kinisla;Ireland;Ireland;IE;Lyra Health International Ltd;15;15;20;124
2026-07-01 00:00:00.000;2026 07;KMD;KMD Brands;Indonesia;;null;Lyra Health International Ltd;0;1;1;1
2026-07-01 00:00:00.000;2026 07;KMD;KMD Brands;Indonesia;Indonesia;ID;Lyra Health International Ltd;0;1;1;9
2026-07-01 00:00:00.000;2026 07;KN;Kuehne & Nagel Pty Ltd;Indonesia;;null;Lyra Health International Ltd;1;2;2;2
2026-07-01 00:00:00.000;2026 07;KN;Kuehne & Nagel Pty Ltd;Indonesia;Indonesia;ID;Lyra Health International Ltd;1;2;7;62
2026-07-01 00:00:00.000;2026 07;KN;Kuehne & Nagel Pty Ltd;Singapore;;null;Lyra Health International Ltd;2;2;2;2
2026-07-01 00:00:00.000;2026 07;KN;Kuehne & Nagel Pty Ltd;Singapore;Indonesia;ID;Lyra Health International Ltd;1;1;1;4
2026-07-01 00:00:00.000;2026 07;KN;Kuehne & Nagel Pty Ltd;Singapore;Thailand;TH;Lyra Health International Ltd;1;1;2;4
2026-07-01 00:00:00.000;2026 07;KN;Kuehne & Nagel Pty Ltd;Thailand;;null;Lyra Health International Ltd;1;1;1;1
2026-07-01 00:00:00.000;2026 07;KN;Kuehne & Nagel Pty Ltd;Thailand;Thailand;TH;Lyra Health International Ltd;1;1;2;4
2026-07-01 00:00:00.000;2026 07;KOCH;Koch;Australia;;null;Lyra Health International Ltd;3;3;3;5
2026-07-01 00:00:00.000;2026 07;KOCH;Koch;Australia;Australia;AU;Lyra Health International Ltd;3;3;8;78
2026-07-01 00:00:00.000;2026 07;KOCH;Koch;Austria;;null;Lyra Health International Ltd;3;3;4;4
2026-07-01 00:00:00.000;2026 07;KOCH;Koch;Austria;Austria;AT;Lyra Health International Ltd;1;1;1;4
2026-07-01 00:00:00.000;2026 07;KOCH;Koch;Austria;Hungary;HU;Lyra Health International Ltd;1;1;1;3
2026-07-01 00:00:00.000;2026 07;KOCH;Koch;Austria;Poland;PL;Lyra Health International Ltd;1;1;1;8
2026-07-01 00:00:00.000;2026 07;KOCH;Koch;Austria;United Kingdom;GB;Lyra Health International Ltd;1;1;2;39
2026-07-01 00:00:00.000;2026 07;KOCH;Koch;Brazil;;null;Lyra Health International Ltd;7;7;9;10
2026-07-01 00:00:00.000;2026 07;KOCH;Koch;Brazil;Brazil;BR;Lyra Health International Ltd;7;7;15;387
2026-07-01 00:00:00.000;2026 07;KOCH;Koch;China;;null;Lyra Health International Ltd;1;1;1;1
2026-07-01 00:00:00.000;2026 07;KOCH;Koch;China;China;CN;Lyra Health International Ltd;1;1;2;9
2026-07-01 00:00:00.000;2026 07;KOCH;Koch;Colombia;;null;Lyra Health International Ltd;0;1;1;1
2026-07-01 00:00:00.000;2026 07;KOCH;Koch;Colombia;Costa Rica;CR;Lyra Health International Ltd;0;1;1;3
2026-07-01 00:00:00.000;2026 07;KOCH;Koch;Costa Rica;;null;Lyra Health International Ltd;11;13;13;13
2026-07-01 00:00:00.000;2026 07;KOCH;Koch;Costa Rica;Costa Rica;CR;Lyra Health International Ltd;11;13;17;133
2026-07-01 00:00:00.000;2026 07;KOCH;Koch;Czech Republic;;null;Lyra Health International Ltd;1;1;1;1
2026-07-01 00:00:00.000;2026 07;KOCH;Koch;Egypt;;null;Lyra Health International Ltd;0;1;1;1
2026-07-01 00:00:00.000;2026 07;KOCH;Koch;Egypt;Egypt;EG;Lyra Health International Ltd;0;1;2;26
2026-07-01 00:00:00.000;2026 07;KOCH;Koch;France;;null;Lyra Health International Ltd;7;7;7;7
2026-07-01 00:00:00.000;2026 07;KOCH;Koch;France;France;FR;Lyra Health International Ltd;6;6;11;124
2026-07-01 00:00:00.000;2026 07;KOCH;Koch;Germany;;null;Lyra Health International Ltd;3;6;6;6
2026-07-01 00:00:00.000;2026 07;KOCH;Koch;Germany;Germany;DE;Lyra Health International Ltd;3;5;10;51
2026-07-01 00:00:00.000;2026 07;KOCH;Koch;Germany;Italy;IT;Lyra Health International Ltd;1;1;1;9
2026-07-01 00:00:00.000;2026 07;KOCH;Koch;Hong Kong;;null;Lyra Health International Ltd;1;1;1;1
2026-07-01 00:00:00.000;2026 07;KOCH;Koch;Hong Kong;China;CN;Lyra Health International Ltd;1;1;1;30
2026-07-01 00:00:00.000;2026 07;KOCH;Koch;India;;null;Lyra Health International Ltd;1;1;1;1
2026-07-01 00:00:00.000;2026 07;KOCH;Koch;India;India;IN;Lyra Health International Ltd;1;1;1;5
2026-07-01 00:00:00.000;2026 07;KOCH;Koch;Ireland;;null;Lyra Health International Ltd;0;1;1;1
2026-07-01 00:00:00.000;2026 07;KOCH;Koch;Ireland;Ireland;IE;Lyra Health International Ltd;0;1;1;5
2026-07-01 00:00:00.000;2026 07;KOCH;Koch;Italy;;null;Lyra Health International Ltd;3;3;3;3
2026-07-01 00:00:00.000;2026 07;KOCH;Koch;Italy;Italy;IT;Lyra Health International Ltd;2;2;2;16
2026-07-01 00:00:00.000;2026 07;KOCH;Koch;Italy;Tunisia;TN;Lyra Health International Ltd;1;1;1;4
2026-07-01 00:00:00.000;2026 07;KOCH;Koch;Japan;;null;Lyra Health International Ltd;2;2;2;2
2026-07-01 00:00:00.000;2026 07;KOCH;Koch;Japan;Japan;JP;Lyra Health International Ltd;2;3;3;16
2026-07-01 00:00:00.000;2026 07;KOCH;Koch;Mexico;;null;Lyra Health International Ltd;13;18;18;18
2026-07-01 00:00:00.000;2026 07;KOCH;Koch;Mexico;Mexico;MX;Lyra Health International Ltd;13;19;26;183
2026-07-01 00:00:00.000;2026 07;KOCH;Koch;Netherlands;Netherlands;NL;Lyra Health International Ltd;2;2;2;2
2026-07-01 00:00:00.000;2026 07;KOCH;Koch;Philippines;;null;Lyra Health International Ltd;18;24;25;25
2026-07-01 00:00:00.000;2026 07;KOCH;Koch;Philippines;Philippines;PH;Lyra Health International Ltd;19;26;40;371
2026-07-01 00:00:00.000;2026 07;KOCH;Koch;Poland;;null;Lyra Health International Ltd;7;8;8;8
2026-07-01 00:00:00.000;2026 07;KOCH;Koch;Poland;Poland;PL;Lyra Health International Ltd;6;7;9;119
2026-07-01 00:00:00.000;2026 07;KOCH;Koch;Singapore;;null;Lyra Health International Ltd;3;4;4;4
2026-07-01 00:00:00.000;2026 07;KOCH;Koch;Singapore;Australia;AU;Lyra Health International Ltd;1;1;1;12
2026-07-01 00:00:00.000;2026 07;KOCH;Koch;Singapore;Singapore;SG;Lyra Health International Ltd;1;2;2;21
2026-07-01 00:00:00.000;2026 07;KOCH;Koch;Spain;;null;Lyra Health International Ltd;2;2;2;2
2026-07-01 00:00:00.000;2026 07;KOCH;Koch;Spain;Germany;DE;Lyra Health International Ltd;1;1;1;16
2026-07-01 00:00:00.000;2026 07;KOCH;Koch;Spain;Spain;ES;Lyra Health International Ltd;1;1;1;1
2026-07-01 00:00:00.000;2026 07;KOCH;Koch;Sri Lanka;;null;Lyra Health International Ltd;2;2;3;3
2026-07-01 00:00:00.000;2026 07;KOCH;Koch;Sri Lanka;Sri Lanka;LK;Lyra Health International Ltd;2;2;3;44
2026-07-01 00:00:00.000;2026 07;KOCH;Koch;Sweden;Sweden;SE;Lyra Health International Ltd;1;1;1;1
2026-07-01 00:00:00.000;2026 07;KOCH;Koch;Taiwan (Republic of China);;null;Lyra Health International Ltd;2;2;2;2
2026-07-01 00:00:00.000;2026 07;KOCH;Koch;Taiwan (Republic of China);Taiwan (Republic of China);TW;Lyra Health International Ltd;2;3;3;17
2026-07-01 00:00:00.000;2026 07;KOCH;Koch;Thailand;;null;Lyra Health International Ltd;2;2;2;2
2026-07-01 00:00:00.000;2026 07;KOCH;Koch;Thailand;Thailand;TH;Lyra Health International Ltd;2;2;4;34
2026-07-01 00:00:00.000;2026 07;KOCH;Koch;United Kingdom;;null;Lyra Health International Ltd;11;13;13;13
2026-07-01 00:00:00.000;2026 07;KOCH;Koch;United Kingdom;United Kingdom;GB;Lyra Health International Ltd;11;13;16;103
2026-07-01 00:00:00.000;2026 07;KOHLER;Kohler;Canada;;null;Lyra Health International Ltd;1;2;2;2
2026-07-01 00:00:00.000;2026 07;KOHLER;Kohler;Canada;Canada;CA;Lyra Health International Ltd;1;2;2;26
2026-07-01 00:00:00.000;2026 07;KOHLER;Kohler;France;;null;Lyra Health International Ltd;4;4;5;5
2026-07-01 00:00:00.000;2026 07;KOHLER;Kohler;France;France;FR;Lyra Health International Ltd;1;1;2;62
2026-07-01 00:00:00.000;2026 07;KOHLER;Kohler;India;;null;Lyra Health International Ltd;4;4;4;4
2026-07-01 00:00:00.000;2026 07;KOHLER;Kohler;India;India;IN;Lyra Health International Ltd;5;5;7;41
2026-07-01 00:00:00.000;2026 07;KOHLER;Kohler;Mexico;;null;Lyra Health International Ltd;8;10;11;11
2026-07-01 00:00:00.000;2026 07;KOHLER;Kohler;Mexico;Mexico;MX;Lyra Health International Ltd;10;12;21;135
2026-07-01 00:00:00.000;2026 07;KOHLER;Kohler;Morocco;;null;Lyra Health International Ltd;0;1;1;1
2026-07-01 00:00:00.000;2026 07;KOHLER;Kohler;Morocco;Morocco;MA;Lyra Health International Ltd;0;1;3;7
2026-07-01 00:00:00.000;2026 07;KOHLER;Kohler;Nigeria;;null;Lyra Health International Ltd;0;1;1;1
2026-07-01 00:00:00.000;2026 07;KOHLER;Kohler;Nigeria;Nigeria;NG;Lyra Health International Ltd;0;1;1;3
2026-07-01 00:00:00.000;2026 07;KOHLER;Kohler;Singapore;;null;Lyra Health International Ltd;2;2;2;2
2026-07-01 00:00:00.000;2026 07;KOHLER;Kohler;Singapore;Indonesia;ID;Lyra Health International Ltd;2;2;2;14
2026-07-01 00:00:00.000;2026 07;KOHLER;Kohler;Taiwan (Republic of China);;null;Lyra Health International Ltd;1;1;1;1
2026-07-01 00:00:00.000;2026 07;KOHLER;Kohler;Thailand;;null;Lyra Health International Ltd;1;1;1;1
2026-07-01 00:00:00.000;2026 07;KOHLER;Kohler;Thailand;Thailand;TH;Lyra Health International Ltd;2;2;2;4
2026-07-01 00:00:00.000;2026 07;KOHLER;Kohler;United Kingdom;;null;Lyra Health International Ltd;10;12;13;13
2026-07-01 00:00:00.000;2026 07;KOHLER;Kohler;United Kingdom;United Kingdom;GB;Lyra Health International Ltd;9;13;27;169
2026-07-01 00:00:00.000;2026 07;KOHLER;Kohler;United States of America;;null;Lyra Health International Ltd;7;9;10;13
2026-07-01 00:00:00.000;2026 07;KOHLER;Kohler;United States of America;India;IN;Lyra Health International Ltd;0;1;1;2
2026-07-01 00:00:00.000;2026 07;KOHLER;Kohler;United States of America;Mexico;MX;Lyra Health International Ltd;5;5;5;20
2026-07-01 00:00:00.000;2026 07;KOHLER;Kohler;United States of America;United Kingdom;GB;Lyra Health International Ltd;1;2;2;10
2026-07-01 00:00:00.000;2026 07;KOM001;Komatsu Mining;South Africa;;null;Lyra Southern Africa Pty Ltd;52;53;54;58
2026-07-01 00:00:00.000;2026 07;KOM001;Komatsu Mining;South Africa;South Africa;ZA;Lyra Southern Africa Pty Ltd;49;50;77;430
2026-07-01 00:00:00.000;2026 07;KOM002;Komatsu SA Pty Ltd;South Africa;;null;Lyra Southern Africa Pty Ltd;2;3;4;4
2026-07-01 00:00:00.000;2026 07;KOM002;Komatsu SA Pty Ltd;South Africa;South Africa;ZA;Lyra Southern Africa Pty Ltd;2;3;6;31
2026-07-01 00:00:00.000;2026 07;KOMATSUHUB;Komatsu Botswana;Botswana;Botswana;BW;ICAS Botswana;2;2;2;2
2026-07-01 00:00:00.000;2026 07;KONECRANESEAP;Konecranes;Germany;;null;Lyra Deutschland GmBH;1;1;1;1
2026-07-01 00:00:00.000;2026 07;KONECRANESEAP;Konecranes;Germany;Germany;DE;Lyra Deutschland GmBH;1;1;1;13
2026-07-01 00:00:00.000;2026 07;KORSCHENBROICHEAP;Stadt Korschenbroich;Germany;;null;Lyra Deutschland GmBH;1;1;1;1
2026-07-01 00:00:00.000;2026 07;KORSCHENBROICHEAP;Stadt Korschenbroich;Germany;Germany;DE;Lyra Deutschland GmBH;1;1;1;13
2026-07-01 00:00:00.000;2026 07;KROFEAP;Kreisverwaltung Offenbach;Germany;;null;Lyra Deutschland GmBH;3;3;3;3
2026-07-01 00:00:00.000;2026 07;KROFEAP;Kreisverwaltung Offenbach;Germany;Germany;DE;Lyra Deutschland GmBH;3;4;4;36
2026-07-01 00:00:00.000;2026 07;KUBAPAY;Kuba Pay;United Kingdom;;null;Lyra Health International Ltd;1;1;1;1
2026-07-01 00:00:00.000;2026 07;KUBAPAY;Kuba Pay;United Kingdom;United Kingdom;GB;Lyra Health International Ltd;1;1;3;16
2026-07-01 00:00:00.000;2026 07;KUBAPAY;Kuba Pay;United Kingdom;United States of America;US;Lyra Health International Ltd;1;1;1;7
2026-07-01 00:00:00.000;2026 07;LABSGRIN;Laboratorios Grin;Mexico;;null;Lyra Mexico and Central America;1;1;1;1
2026-07-01 00:00:00.000;2026 07;LABSGRIN;Laboratorios Grin;Mexico;Mexico;MX;Lyra Mexico and Central America;2;2;3;4
2026-07-01 00:00:00.000;2026 07;LAHUERTA;La Huerta;Mexico;;null;Lyra Mexico and Central America;4;4;4;4
2026-07-01 00:00:00.000;2026 07;LAHUERTA;La Huerta;Mexico;Mexico;MX;Lyra Mexico and Central America;4;4;4;29
2026-07-01 00:00:00.000;2026 07;LAMBWESTON;Lamb Weston;Australia;;null;Lyra Health International Ltd;1;1;1;1
2026-07-01 00:00:00.000;2026 07;LAMBWESTON;Lamb Weston;Australia;Australia;AU;Lyra Health International Ltd;1;1;2;6
2026-07-01 00:00:00.000;2026 07;LAN001;Landis and Gyr;South Africa;South Africa;ZA;Lyra Southern Africa Pty Ltd;1;1;1;1
2026-07-01 00:00:00.000;2026 07;LANCORXLYRA;LANCOR MENA;United Arab Emirates;;null;Lyra Health International Ltd (DMCC) Branch (MENA);1;1;1;1
2026-07-01 00:00:00.000;2026 07;LANCORXLYRA;LANCOR MENA;United Arab Emirates;United Arab Emirates;AE;Lyra Health International Ltd (DMCC) Branch (MENA);1;1;1;3
2026-07-01 00:00:00.000;2026 07;LEA001;Lead2 Consulting Pty Ltd;South Africa;;null;Lyra Southern Africa Pty Ltd;0;1;1;1
2026-07-01 00:00:00.000;2026 07;LEA001;Lead2 Consulting Pty Ltd;South Africa;South Africa;ZA;Lyra Southern Africa Pty Ltd;0;2;2;11
2026-07-01 00:00:00.000;2026 07;LEARDACHEAP;Lear Corporation GmbH;Germany;;null;Lyra Deutschland GmBH;4;7;7;7
2026-07-01 00:00:00.000;2026 07;LEARDACHEAP;Lear Corporation GmbH;Germany;Germany;DE;Lyra Deutschland GmBH;4;7;14;101
2026-07-01 00:00:00.000;2026 07;LEI001;Leica Geosystems (Pty) Ltd;South Africa;;null;Lyra Southern Africa Pty Ltd;1;1;1;1
2026-07-01 00:00:00.000;2026 07;LEI001;Leica Geosystems (Pty) Ltd;South Africa;South Africa;ZA;Lyra Southern Africa Pty Ltd;1;2;3;7
2026-07-01 00:00:00.000;2026 07;LEOVEGAS;Leo Vegas;Malta;;null;Lyra Health International Ltd;6;7;7;7
2026-07-01 00:00:00.000;2026 07;LEOVEGAS;Leo Vegas;Malta;Malta;MT;Lyra Health International Ltd;5;6;9;80
2026-07-01 00:00:00.000;2026 07;LEOVEGAS;Leo Vegas;Netherlands;;null;Lyra Health International Ltd;1;2;2;3
2026-07-01 00:00:00.000;2026 07;LEOVEGAS;Leo Vegas;Netherlands;Netherlands;NL;Lyra Health International Ltd;1;1;1;15
2026-07-01 00:00:00.000;2026 07;LES003;Lesaka Technologies PTY LTD;Kenya;;null;Lyra Southern Africa Pty Ltd;1;1;1;1
2026-07-01 00:00:00.000;2026 07;LES003;Lesaka Technologies PTY LTD;Kenya;South Africa;ZA;Lyra Southern Africa Pty Ltd;1;1;3;9
2026-07-01 00:00:00.000;2026 07;LES003;Lesaka Technologies PTY LTD;South Africa;;null;Lyra Southern Africa Pty Ltd;7;10;10;10
2026-07-01 00:00:00.000;2026 07;LES003;Lesaka Technologies PTY LTD;South Africa;South Africa;ZA;Lyra Southern Africa Pty Ltd;11;16;26;118
2026-07-01 00:00:00.000;2026 07;LES003;Lesaka Technologies PTY LTD;United Kingdom;;null;Lyra Southern Africa Pty Ltd;1;1;1;1
2026-07-01 00:00:00.000;2026 07;LES003;Lesaka Technologies PTY LTD;United Kingdom;South Africa;ZA;Lyra Southern Africa Pty Ltd;1;1;1;9
2026-07-01 00:00:00.000;2026 07;LIBERTYGLOBAL;Liberty Global;Netherlands;;null;Lyra Health International Ltd;1;2;2;2
2026-07-01 00:00:00.000;2026 07;LIBERTYGLOBAL;Liberty Global;Netherlands;Netherlands;NL;Lyra Health International Ltd;1;2;8;50
2026-07-01 00:00:00.000;2026 07;LIBERTYGLOBAL;Liberty Global;United Kingdom;;null;Lyra Health International Ltd;8;11;11;11
2026-07-01 00:00:00.000;2026 07;LIBERTYGLOBAL;Liberty Global;United Kingdom;United Kingdom;GB;Lyra Health International Ltd;9;12;18;192
2026-07-01 00:00:00.000;2026 07;LIBERTYGLOBAL;Liberty Global;United States of America;;null;Lyra Health International Ltd;1;1;1;1
2026-07-01 00:00:00.000;2026 07;LIBERTYGLOBAL;Liberty Global;United States of America;United States of America;US;Lyra Health International Ltd;1;1;1;5
2026-07-01 00:00:00.000;2026 07;LIN001;Lindt SA;South Africa;South Africa;ZA;Lyra Southern Africa Pty Ltd;1;1;1;1
2026-07-01 00:00:00.000;2026 07;LINETHUB;LINET;France;;null;Lyra France SASU;3;3;3;3
2026-07-01 00:00:00.000;2026 07;LINETHUB;LINET;France;France;FR;Lyra France SASU;3;3;3;35
2026-07-01 00:00:00.000;2026 07;LINICALHUB;Linical;Hungary;;null;Lyra Health International Ltd;1;1;1;1
2026-07-01 00:00:00.000;2026 07;LINICALHUB;Linical;Hungary;Hungary;HU;Lyra Health International Ltd;1;1;1;10
2026-07-01 00:00:00.000;2026 07;LINKEDIN;LinkedIn;India;;null;Lyra;1;1;1;1
2026-07-01 00:00:00.000;2026 07;LINKEDIN;LinkedIn;India;India;IN;Lyra;1;1;2;5
2026-07-01 00:00:00.000;2026 07;LINKEDIN;LinkedIn;Singapore;;null;Lyra;2;2;2;2
2026-07-01 00:00:00.000;2026 07;LINKEDIN;LinkedIn;Singapore;Singapore;SG;Lyra;2;2;4;25
2026-07-01 00:00:00.000;2026 07;LINNWORKS;Linnworks;Estonia;;null;Lyra Health International Ltd;1;1;1;1
2026-07-01 00:00:00.000;2026 07;LINNWORKS;Linnworks;Estonia;Estonia;EE;Lyra Health International Ltd;1;1;1;3
2026-07-01 00:00:00.000;2026 07;LIT002;LIT Lufthansa In Touch;South Africa;;null;Lyra Southern Africa Pty Ltd;9;10;10;10
2026-07-01 00:00:00.000;2026 07;LIT002;LIT Lufthansa In Touch;South Africa;South Africa;ZA;Lyra Southern Africa Pty Ltd;9;10;18;128
2026-07-01 00:00:00.000;2026 07;LLOYDS;Corporation of Lloyds;China;;null;Lyra Health International Ltd;1;1;2;2
2026-07-01 00:00:00.000;2026 07;LLOYDS;Corporation of Lloyds;China;China;CN;Lyra Health International Ltd;1;1;2;7
2026-07-01 00:00:00.000;2026 07;LLOYDS;Corporation of Lloyds;China;India;IN;Lyra Health International Ltd;1;1;1;2
2026-07-01 00:00:00.000;2026 07;LLOYDS;Corporation of Lloyds;India;;null;Lyra Health International Ltd;1;1;1;1
2026-07-01 00:00:00.000;2026 07;LLOYDS;Corporation of Lloyds;India;India;IN;Lyra Health International Ltd;1;1;1;1
2026-07-01 00:00:00.000;2026 07;LLOYDSBERLIN;Lloyds Bank / Bank of Scotland Berlin;Germany;;null;Lyra Deutschland GmBH;2;2;2;2
2026-07-01 00:00:00.000;2026 07;LLOYDSBERLIN;Lloyds Bank / Bank of Scotland Berlin;Germany;Germany;DE;Lyra Deutschland GmBH;2;2;2;26
2026-07-01 00:00:00.000;2026 07;LMBHEAP;Leben mit Behinderung Hamburg Sozialeinrichtungen GmbH;Germany;;null;Lyra Deutschland GmBH;4;4;4;4
2026-07-01 00:00:00.000;2026 07;LMBHEAP;Leben mit Behinderung Hamburg Sozialeinrichtungen GmbH;Germany;Germany;DE;Lyra Deutschland GmBH;4;4;6;58
2026-07-01 00:00:00.000;2026 07;LOG001;Logicalis SA;South Africa;South Africa;ZA;Lyra Southern Africa Pty Ltd;1;1;1;1
2026-07-01 00:00:00.000;2026 07;LONGCHAMPSUISSEEAP;Longchamp Suisse Sàrl;France;;null;Lyra Schweiz GmbH;1;1;1;1
2026-07-01 00:00:00.000;2026 07;LONGCHAMPSUISSEEAP;Longchamp Suisse Sàrl;France;France;FR;Lyra Schweiz GmbH;1;1;1;1
2026-07-01 00:00:00.000;2026 07;LOR001;LOreal;South Africa;;null;Lyra Southern Africa Pty Ltd;2;3;3;3
2026-07-01 00:00:00.000;2026 07;LOR001;LOreal;South Africa;South Africa;ZA;Lyra Southern Africa Pty Ltd;2;3;9;38
2026-07-01 00:00:00.000;2026 07;LORAM;Loram Maintenance of Way;Australia;;null;Lyra Health International Ltd;2;2;2;2
2026-07-01 00:00:00.000;2026 07;LORAM;Loram Maintenance of Way;Australia;Australia;AU;Lyra Health International Ltd;2;2;2;19
2026-07-01 00:00:00.000;2026 07;LORAM;Loram Maintenance of Way;United States of America;;null;Lyra Health International Ltd;0;1;1;1
2026-07-01 00:00:00.000;2026 07;LORAM;Loram Maintenance of Way;United States of America;United States of America;US;Lyra Health International Ltd;0;1;1;9
2026-07-01 00:00:00.000;2026 07;LOT001;LottoStar Pty Ltd;South Africa;;null;Lyra Southern Africa Pty Ltd;3;5;5;5
2026-07-01 00:00:00.000;2026 07;LOT001;LottoStar Pty Ltd;South Africa;South Africa;ZA;Lyra Southern Africa Pty Ltd;5;8;14;105
2026-07-01 00:00:00.000;2026 07;LRM001;LRMG PTY LTD;South Africa;;null;Lyra Southern Africa Pty Ltd;2;3;3;3
2026-07-01 00:00:00.000;2026 07;LRM001;LRMG PTY LTD;South Africa;South Africa;ZA;Lyra Southern Africa Pty Ltd;1;2;2;57
2026-07-01 00:00:00.000;2026 07;LRM001;LRMG PTY LTD;United States of America;;null;Lyra Southern Africa Pty Ltd;1;1;1;1
2026-07-01 00:00:00.000;2026 07;LRM001;LRMG PTY LTD;United States of America;South Africa;ZA;Lyra Southern Africa Pty Ltd;1;1;1;3
2026-07-01 00:00:00.000;2026 07;LUCARAHUB;Lucara Botswana;Botswana;;null;ICAS Botswana;5;6;6;6
2026-07-01 00:00:00.000;2026 07;LUCARAHUB;Lucara Botswana;Botswana;Botswana;BW;ICAS Botswana;6;8;8;41
2026-07-01 00:00:00.000;2026 07;LUCARAHUB;Lucara Botswana;United States of America;Botswana;BW;ICAS Botswana;1;1;1;2
2026-07-01 00:00:00.000;2026 07;LUNAR;Lunar Ventures;United States of America;;null;Lyra Health International Ltd;1;1;1;1
2026-07-01 00:00:00.000;2026 07;LWCLATAM;Citi;Argentina;;null;Lyra Mexico and Central America;11;11;11;11
2026-07-01 00:00:00.000;2026 07;LWCLATAM;Citi;Argentina;Argentina;AR;Lyra Mexico and Central America;10;12;14;90
2026-07-01 00:00:00.000;2026 07;LWCLATAM;Citi;Argentina;Haiti;HT;Lyra Mexico and Central America;0;1;1;2
2026-07-01 00:00:00.000;2026 07;LWCLATAM;Citi;Brazil;;null;Lyra Mexico and Central America;12;13;13;13
2026-07-01 00:00:00.000;2026 07;LWCLATAM;Citi;Brazil;Brazil;BR;Lyra Mexico and Central America;12;13;16;144
2026-07-01 00:00:00.000;2026 07;LWCLATAM;Citi;Chile;;null;Lyra Mexico and Central America;4;4;4;4
2026-07-01 00:00:00.000;2026 07;LWCLATAM;Citi;Chile;Chile;CL;Lyra Mexico and Central America;4;4;8;66
2026-07-01 00:00:00.000;2026 07;LWCLATAM;Citi;Colombia;;null;Lyra Mexico and Central America;4;4;4;4
2026-07-01 00:00:00.000;2026 07;LWCLATAM;Citi;Colombia;Colombia;CO;Lyra Mexico and Central America;3;3;3;38
2026-07-01 00:00:00.000;2026 07;LWCLATAM;Citi;Colombia;Costa Rica;CR;Lyra Mexico and Central America;1;1;1;3
2026-07-01 00:00:00.000;2026 07;LWCLATAM;Citi;Costa Rica;;null;Lyra Mexico and Central America;6;9;9;9
2026-07-01 00:00:00.000;2026 07;LWCLATAM;Citi;Costa Rica;Costa Rica;CR;Lyra Mexico and Central America;6;9;14;47
2026-07-01 00:00:00.000;2026 07;LWCLATAM;Citi;Ecuador;;null;Lyra Mexico and Central America;1;1;1;1
2026-07-01 00:00:00.000;2026 07;LWCLATAM;Citi;Ecuador;Ecuador;EC;Lyra Mexico and Central America;1;1;3;14
2026-07-01 00:00:00.000;2026 07;LWCLATAM;Citi;Mexico;;null;Lyra Mexico and Central America;6;9;10;10
2026-07-01 00:00:00.000;2026 07;LWCLATAM;Citi;Mexico;Ecuador;EC;Lyra Mexico and Central America;0;1;1;3
2026-07-01 00:00:00.000;2026 07;LWCLATAM;Citi;Mexico;Honduras;HN;Lyra Mexico and Central America;0;1;1;3
2026-07-01 00:00:00.000;2026 07;LWCLATAM;Citi;Mexico;Mexico;MX;Lyra Mexico and Central America;6;9;12;119
2026-07-01 00:00:00.000;2026 07;LWCLATAM;Citi;Panama;;null;Lyra Mexico and Central America;1;1;1;1
2026-07-01 00:00:00.000;2026 07;LWCLATAM;Citi;Panama;Panama;PA;Lyra Mexico and Central America;1;2;2;5
2026-07-01 00:00:00.000;2026 07;LWCLATAM;Citi;Paraguay;;null;Lyra Mexico and Central America;2;2;2;2
2026-07-01 00:00:00.000;2026 07;LWCLATAM;Citi;Paraguay;Paraguay;PY;Lyra Mexico and Central America;2;2;2;15
2026-07-01 00:00:00.000;2026 07;LWCLATAM;Citi;Peru;;null;Lyra Mexico and Central America;3;3;3;3
2026-07-01 00:00:00.000;2026 07;LWCLATAM;Citi;Peru;Peru;PE;Lyra Mexico and Central America;3;3;6;34
2026-07-01 00:00:00.000;2026 07;LWCLATAM;Citi;United States of America;;null;Lyra Mexico and Central America;37;37;38;38
2026-07-01 00:00:00.000;2026 07;LWCLATAM;Citi;United States of America;Argentina;AR;Lyra Mexico and Central America;7;7;10;68
2026-07-01 00:00:00.000;2026 07;LWCLATAM;Citi;United States of America;Brazil;BR;Lyra Mexico and Central America;6;6;7;35
2026-07-01 00:00:00.000;2026 07;LWCLATAM;Citi;United States of America;Chile;CL;Lyra Mexico and Central America;3;3;7;14
2026-07-01 00:00:00.000;2026 07;LWCLATAM;Citi;United States of America;Colombia;CO;Lyra Mexico and Central America;4;4;4;45
2026-07-01 00:00:00.000;2026 07;LWCLATAM;Citi;United States of America;Costa Rica;CR;Lyra Mexico and Central America;9;9;10;92
2026-07-01 00:00:00.000;2026 07;LWCLATAM;Citi;United States of America;Ecuador;EC;Lyra Mexico and Central America;1;1;2;3
2026-07-01 00:00:00.000;2026 07;LWCLATAM;Citi;United States of America;Jamaica;JM;Lyra Mexico and Central America;1;1;1;1
2026-07-01 00:00:00.000;2026 07;LWCLATAM;Citi;United States of America;Mexico;MX;Lyra Mexico and Central America;3;4;6;38
2026-07-01 00:00:00.000;2026 07;LWCLATAM;Citi;United States of America;Paraguay;PY;Lyra Mexico and Central America;1;1;1;2
2026-07-01 00:00:00.000;2026 07;LWCLATAM;Citi;United States of America;Peru;PE;Lyra Mexico and Central America;2;2;3;26
2026-07-01 00:00:00.000;2026 07;LWCLATAM;Citi;Uruguay;;null;Lyra Mexico and Central America;2;2;2;2
2026-07-01 00:00:00.000;2026 07;LWCLATAM;Citi;Uruguay;Uruguay;UY;Lyra Mexico and Central America;2;2;3;37
2026-07-01 00:00:00.000;2026 07;LYRAESPANA;Lyra Spain Test (Test Preview);Spain;;null;Lyra Spain SLU;6;6;6;6
2026-07-01 00:00:00.000;2026 07;LYRAESPANA;Lyra Spain Test (Test Preview);Spain;Spain;ES;Lyra Spain SLU;5;6;11;67
2026-07-01 00:00:00.000;2026 07;LYRAEUTEST;Lyra Schweiz (Test Preview);Germany;;null;Lyra Schweiz GmbH;0;2;2;2
2026-07-01 00:00:00.000;2026 07;LYRAEUTEST;Lyra Schweiz (Test Preview);Germany;Belgium;BE;Lyra Schweiz GmbH;0;1;1;6
2026-07-01 00:00:00.000;2026 07;LYRAEUTEST;Lyra Schweiz (Test Preview);Germany;Germany;DE;Lyra Schweiz GmbH;0;1;2;6
2026-07-01 00:00:00.000;2026 07;LYRAEUTEST;Lyra Schweiz (Test Preview);Italy;;null;Lyra Schweiz GmbH;1;1;1;1
2026-07-01 00:00:00.000;2026 07;LYRAEUTEST;Lyra Schweiz (Test Preview);Italy;Italy;IT;Lyra Schweiz GmbH;1;1;3;135
2026-07-01 00:00:00.000;2026 07;LYRAGROUP;Lyra International;India;;null;Lyra Health International Ltd;1;2;8;13
2026-07-01 00:00:00.000;2026 07;LYRAGROUP;Lyra International;India;United Kingdom;GB;Lyra Health International Ltd;1;2;8;38
2026-07-01 00:00:00.000;2026 07;LYRAGROUP;Lyra International;Mexico;;null;Lyra Health International Ltd;1;2;4;4
2026-07-01 00:00:00.000;2026 07;LYRAGROUP;Lyra International;Mexico;Mexico;MX;Lyra Health International Ltd;1;1;1;7
2026-07-01 00:00:00.000;2026 07;LYRAGROUP;Lyra International;Mexico;United Kingdom;GB;Lyra Health International Ltd;1;2;2;6
2026-07-01 00:00:00.000;2026 07;LYRAGROUP;Lyra International;United Kingdom;;null;Lyra Health International Ltd;4;4;4;4
2026-07-01 00:00:00.000;2026 07;LYRAGROUP;Lyra International;United Kingdom;United Kingdom;GB;Lyra Health International Ltd;4;5;9;69
2026-07-01 00:00:00.000;2026 07;LYRAGROUPTEST;LYRA Internal Hub TEST;South Africa;;null;Lyra Health International Ltd;0;1;2;2
2026-07-01 00:00:00.000;2026 07;LYRAGROUPTEST;LYRA Internal Hub TEST;South Africa;United Kingdom;GB;Lyra Health International Ltd;0;1;4;44
2026-07-01 00:00:00.000;2026 07;LYRAGROUPTEST;LYRA Internal Hub TEST;United Kingdom;;null;Lyra Health International Ltd;0;1;2;2
2026-07-01 00:00:00.000;2026 07;LYRAGROUPTEST;LYRA Internal Hub TEST;United Kingdom;United Kingdom;GB;Lyra Health International Ltd;0;1;2;41
2026-07-01 00:00:00.000;2026 07;LYRAGROUPTEST;LYRA Internal Hub TEST;United States of America;;null;Lyra Health International Ltd;0;1;1;1
2026-07-01 00:00:00.000;2026 07;LYRAGROUPTEST;LYRA Internal Hub TEST;United States of America;United Kingdom;GB;Lyra Health International Ltd;0;1;1;3
2026-07-01 00:00:00.000;2026 07;LYRAHUBTEST;Lyra (Test Preview);Switzerland;;null;Lyra;1;1;1;1
2026-07-01 00:00:00.000;2026 07;LYRAHUBTEST;Lyra (Test Preview);Switzerland;Spain;ES;Lyra;1;1;1;3
2026-07-01 00:00:00.000;2026 07;LYRAHUBTEST;Lyra (Test Preview);United States of America;;null;Lyra;1;2;2;2
2026-07-01 00:00:00.000;2026 07;LYRAHUBTEST;Lyra (Test Preview);United States of America;United States of America;US;Lyra;1;2;2;16
2026-07-01 00:00:00.000;2026 07;LYRAHUNGARYTEST;LYRA Hungary Test (Test Preview);Hungary;;null;Lyra Health Hungary Kft;5;7;7;7
2026-07-01 00:00:00.000;2026 07;LYRAHUNGARYTEST;LYRA Hungary Test (Test Preview);Hungary;Hungary;HU;Lyra Health Hungary Kft;5;7;15;164
2026-07-01 00:00:00.000;2026 07;LYRAMENATEST;ICAS MENA (Test Preview);Germany;;null;Lyra Health International Ltd (DMCC) Branch (MENA);0;1;1;1
2026-07-01 00:00:00.000;2026 07;LYRAMENATEST;ICAS MENA (Test Preview);Germany;United Arab Emirates;AE;Lyra Health International Ltd (DMCC) Branch (MENA);0;1;2;7
2026-07-01 00:00:00.000;2026 07;LYRAMENATEST;ICAS MENA (Test Preview);India;;null;Lyra Health International Ltd (DMCC) Branch (MENA);1;1;3;3
2026-07-01 00:00:00.000;2026 07;LYRAMENATEST;ICAS MENA (Test Preview);India;United Arab Emirates;AE;Lyra Health International Ltd (DMCC) Branch (MENA);1;1;3;9
2026-07-01 00:00:00.000;2026 07;LYRAMENATEST;ICAS MENA (Test Preview);Qatar;;null;Lyra Health International Ltd (DMCC) Branch (MENA);0;1;1;1
2026-07-01 00:00:00.000;2026 07;LYRAMENATEST;ICAS MENA (Test Preview);United Arab Emirates;;null;Lyra Health International Ltd (DMCC) Branch (MENA);3;5;6;7
2026-07-01 00:00:00.000;2026 07;LYRAMENATEST;ICAS MENA (Test Preview);United Arab Emirates;United Arab Emirates;AE;Lyra Health International Ltd (DMCC) Branch (MENA);3;6;16;122
2026-07-01 00:00:00.000;2026 07;LYRAOPSTEST;Lyra Clinical Ops;Malaysia;Malaysia;MY;Lyra Health International Ltd;1;1;1;33
2026-07-01 00:00:00.000;2026 07;LYRAOPSTEST;Lyra Clinical Ops;United Kingdom;;null;Lyra Health International Ltd;2;5;7;7
2026-07-01 00:00:00.000;2026 07;LYRAOPSTEST;Lyra Clinical Ops;United Kingdom;United Kingdom;GB;Lyra Health International Ltd;2;5;83;1877
2026-07-01 00:00:00.000;2026 07;LYRAOPSTEST;Lyra Clinical Ops;United States of America;;null;Lyra Health International Ltd;1;1;1;1
2026-07-01 00:00:00.000;2026 07;LYRAOPSTEST;Lyra Clinical Ops;United States of America;Belgium;BE;Lyra Health International Ltd;1;1;2;8
2026-07-01 00:00:00.000;2026 07;LYRAPRODTEST;Lyra Product Test (Test Preview);United States of America;;null;Lyra Health International Ltd;1;1;1;1
2026-07-01 00:00:00.000;2026 07;LYRAPRODTEST;Lyra Product Test (Test Preview);United States of America;United Kingdom;GB;Lyra Health International Ltd;1;1;1;2
2026-07-01 00:00:00.000;2026 07;LYRASA;Lyra Southern Africa - Employees;South Africa;;null;Lyra Southern Africa Pty Ltd;0;2;2;2
2026-07-01 00:00:00.000;2026 07;LYRASA;Lyra Southern Africa - Employees;South Africa;South Africa;ZA;Lyra Southern Africa Pty Ltd;1;4;10;41
2026-07-01 00:00:00.000;2026 07;LYRASGTEST;Lyra Singapore (Test Preview);Singapore;;null;Lyra Health Singapore Pte Ltd;0;1;1;1
2026-07-01 00:00:00.000;2026 07;LYRASGTEST;Lyra Singapore (Test Preview);Singapore;Singapore;SG;Lyra Health Singapore Pte Ltd;0;1;2;8
2026-07-01 00:00:00.000;2026 07;LYRATEST001;Lyra Hub Demo (Test Preview);South Africa;;null;Lyra Southern Africa Pty Ltd;0;5;7;7
2026-07-01 00:00:00.000;2026 07;LYRATEST001;Lyra Hub Demo (Test Preview);South Africa;South Africa;ZA;Lyra Southern Africa Pty Ltd;0;5;12;187
2026-07-01 00:00:00.000;2026 07;LYRATEST001;Lyra Hub Demo (Test Preview);South Africa;United Kingdom;GB;Lyra Southern Africa Pty Ltd;0;2;7;88
2026-07-01 00:00:00.000;2026 07;LYRAUKITEST;LYRA UK & Ireland Test (Test Preview);United Kingdom;;null;Lyra UK & Ireland Ltd;9;9;9;9
2026-07-01 00:00:00.000;2026 07;LYRAUKITEST;LYRA UK & Ireland Test (Test Preview);United Kingdom;United Kingdom;GB;Lyra UK & Ireland Ltd;10;10;27;120
2026-07-01 00:00:00.000;2026 07;M42XLYRA;M42;Bahrain;;null;Lyra Health International Ltd (DMCC) Branch (MENA);14;14;14;14
2026-07-01 00:00:00.000;2026 07;M42XLYRA;M42;Bahrain;Bahrain;BH;Lyra Health International Ltd (DMCC) Branch (MENA);14;14;20;177
2026-07-01 00:00:00.000;2026 07;M42XLYRA;M42;Egypt;;null;Lyra Health International Ltd (DMCC) Branch (MENA);0;1;1;1
2026-07-01 00:00:00.000;2026 07;M42XLYRA;M42;Egypt;United Arab Emirates;AE;Lyra Health International Ltd (DMCC) Branch (MENA);0;1;1;2
2026-07-01 00:00:00.000;2026 07;M42XLYRA;M42;United Arab Emirates;;null;Lyra Health International Ltd (DMCC) Branch (MENA);11;13;14;14
2026-07-01 00:00:00.000;2026 07;M42XLYRA;M42;United Arab Emirates;United Arab Emirates;AE;Lyra Health International Ltd (DMCC) Branch (MENA);15;17;24;259
2026-07-01 00:00:00.000;2026 07;M42XLYRA;M42;United Kingdom;;null;Lyra Health International Ltd (DMCC) Branch (MENA);0;1;1;1
2026-07-01 00:00:00.000;2026 07;M42XLYRA;M42;United Kingdom;United Arab Emirates;AE;Lyra Health International Ltd (DMCC) Branch (MENA);0;1;1;6
2026-07-01 00:00:00.000;2026 07;MAC002;MacMillan Education;Eswatini;;null;Lyra Southern Africa Pty Ltd;3;3;3;3
2026-07-01 00:00:00.000;2026 07;MAC002;MacMillan Education;Eswatini;Eswatini;SZ;Lyra Southern Africa Pty Ltd;3;3;6;74
2026-07-01 00:00:00.000;2026 07;MAC002;MacMillan Education;South Africa;;null;Lyra Southern Africa Pty Ltd;1;2;2;2
2026-07-01 00:00:00.000;2026 07;MAC002;MacMillan Education;South Africa;Botswana;BW;Lyra Southern Africa Pty Ltd;0;1;2;5
2026-07-01 00:00:00.000;2026 07;MAC002;MacMillan Education;South Africa;South Africa;ZA;Lyra Southern Africa Pty Ltd;0;1;4;43
2026-07-01 00:00:00.000;2026 07;MAC002;MacMillan Education;South Africa;Zimbabwe;ZW;Lyra Southern Africa Pty Ltd;1;1;1;3
2026-07-01 00:00:00.000;2026 07;MAC002;MacMillan Education;Zimbabwe;Zimbabwe;ZW;Lyra Southern Africa Pty Ltd;1;1;2;2
2026-07-01 00:00:00.000;2026 07;MAFXLYRA;Majid Al Futtaim;Bahrain;;null;Lyra Health International Ltd (DMCC) Branch (MENA);50;51;52;52
2026-07-01 00:00:00.000;2026 07;MAFXLYRA;Majid Al Futtaim;Bahrain;Bahrain;BH;Lyra Health International Ltd (DMCC) Branch (MENA);57;58;95;658
2026-07-01 00:00:00.000;2026 07;MAFXLYRA;Majid Al Futtaim;Brazil;;null;Lyra Health International Ltd (DMCC) Branch (MENA);0;1;1;1
2026-07-01 00:00:00.000;2026 07;MAFXLYRA;Majid Al Futtaim;Brazil;United Arab Emirates;AE;Lyra Health International Ltd (DMCC) Branch (MENA);0;1;1;8
2026-07-01 00:00:00.000;2026 07;MAFXLYRA;Majid Al Futtaim;Bulgaria;;null;Lyra Health International Ltd (DMCC) Branch (MENA);3;3;3;3
2026-07-01 00:00:00.000;2026 07;MAFXLYRA;Majid Al Futtaim;Bulgaria;Iraq;IQ;Lyra Health International Ltd (DMCC) Branch (MENA);6;6;9;84
2026-07-01 00:00:00.000;2026 07;MAFXLYRA;Majid Al Futtaim;Egypt;;null;Lyra Health International Ltd (DMCC) Branch (MENA);22;28;28;28
2026-07-01 00:00:00.000;2026 07;MAFXLYRA;Majid Al Futtaim;Egypt;Egypt;EG;Lyra Health International Ltd (DMCC) Branch (MENA);26;43;83;427
2026-07-01 00:00:00.000;2026 07;MAFXLYRA;Majid Al Futtaim;Germany;;null;Lyra Health International Ltd (DMCC) Branch (MENA);0;1;1;1
2026-07-01 00:00:00.000;2026 07;MAFXLYRA;Majid Al Futtaim;Germany;Iraq;IQ;Lyra Health International Ltd (DMCC) Branch (MENA);0;1;1;10
2026-07-01 00:00:00.000;2026 07;MAFXLYRA;Majid Al Futtaim;Germany;Qatar;QA;Lyra Health International Ltd (DMCC) Branch (MENA);1;1;1;1
2026-07-01 00:00:00.000;2026 07;MAFXLYRA;Majid Al Futtaim;India;;null;Lyra Health International Ltd (DMCC) Branch (MENA);2;2;2;2
2026-07-01 00:00:00.000;2026 07;MAFXLYRA;Majid Al Futtaim;India;India;IN;Lyra Health International Ltd (DMCC) Branch (MENA);2;2;3;19
2026-07-01 00:00:00.000;2026 07;MAFXLYRA;Majid Al Futtaim;India;United Arab Emirates;AE;Lyra Health International Ltd (DMCC) Branch (MENA);0;1;1;1
2026-07-01 00:00:00.000;2026 07;MAFXLYRA;Majid Al Futtaim;Iraq;;null;Lyra Health International Ltd (DMCC) Branch (MENA);57;73;75;75
2026-07-01 00:00:00.000;2026 07;MAFXLYRA;Majid Al Futtaim;Iraq;Iraq;IQ;Lyra Health International Ltd (DMCC) Branch (MENA);71;101;195;1516
2026-07-01 00:00:00.000;2026 07;MAFXLYRA;Majid Al Futtaim;Japan;;null;Lyra Health International Ltd (DMCC) Branch (MENA);1;1;1;1
2026-07-01 00:00:00.000;2026 07;MAFXLYRA;Majid Al Futtaim;Japan;Oman;OM;Lyra Health International Ltd (DMCC) Branch (MENA);1;1;1;2
2026-07-01 00:00:00.000;2026 07;MAFXLYRA;Majid Al Futtaim;Jordan;;null;Lyra Health International Ltd (DMCC) Branch (MENA);2;2;2;2
2026-07-01 00:00:00.000;2026 07;MAFXLYRA;Majid Al Futtaim;Jordan;Jordan;JO;Lyra Health International Ltd (DMCC) Branch (MENA);3;3;6;71
2026-07-01 00:00:00.000;2026 07;MAFXLYRA;Majid Al Futtaim;Jordan;Oman;OM;Lyra Health International Ltd (DMCC) Branch (MENA);1;1;1;10
2026-07-01 00:00:00.000;2026 07;MAFXLYRA;Majid Al Futtaim;Kenya;;null;Lyra Health International Ltd (DMCC) Branch (MENA);204;230;234;237
2026-07-01 00:00:00.000;2026 07;MAFXLYRA;Majid Al Futtaim;Kenya;France;FR;Lyra Health International Ltd (DMCC) Branch (MENA);1;1;1;4
2026-07-01 00:00:00.000;2026 07;MAFXLYRA;Majid Al Futtaim;Kenya;India;IN;Lyra Health International Ltd (DMCC) Branch (MENA);1;1;1;4
2026-07-01 00:00:00.000;2026 07;MAFXLYRA;Majid Al Futtaim;Kenya;Kenya;KE;Lyra Health International Ltd (DMCC) Branch (MENA);214;247;320;1842
2026-07-01 00:00:00.000;2026 07;MAFXLYRA;Majid Al Futtaim;Kuwait;;null;Lyra Health International Ltd (DMCC) Branch (MENA);3;5;5;5
2026-07-01 00:00:00.000;2026 07;MAFXLYRA;Majid Al Futtaim;Kuwait;Kuwait;KW;Lyra Health International Ltd (DMCC) Branch (MENA);6;8;12;34
2026-07-01 00:00:00.000;2026 07;MAFXLYRA;Majid Al Futtaim;Lebanon;;null;Lyra Health International Ltd (DMCC) Branch (MENA);1;1;1;1
2026-07-01 00:00:00.000;2026 07;MAFXLYRA;Majid Al Futtaim;Lebanon;Lebanon;LB;Lyra Health International Ltd (DMCC) Branch (MENA);1;1;2;20
2026-07-01 00:00:00.000;2026 07;MAFXLYRA;Majid Al Futtaim;Mauritius;;null;Lyra Health International Ltd (DMCC) Branch (MENA);0;1;1;1
2026-07-01 00:00:00.000;2026 07;MAFXLYRA;Majid Al Futtaim;Mauritius;Kenya;KE;Lyra Health International Ltd (DMCC) Branch (MENA);2;4;6;20
2026-07-01 00:00:00.000;2026 07;MAFXLYRA;Majid Al Futtaim;Netherlands;;null;Lyra Health International Ltd (DMCC) Branch (MENA);2;2;2;2
2026-07-01 00:00:00.000;2026 07;MAFXLYRA;Majid Al Futtaim;Netherlands;Iraq;IQ;Lyra Health International Ltd (DMCC) Branch (MENA);1;1;1;16
2026-07-01 00:00:00.000;2026 07;MAFXLYRA;Majid Al Futtaim;Netherlands;Kenya;KE;Lyra Health International Ltd (DMCC) Branch (MENA);1;1;2;18
2026-07-01 00:00:00.000;2026 07;MAFXLYRA;Majid Al Futtaim;Nigeria;;null;Lyra Health International Ltd (DMCC) Branch (MENA);15;19;20;20
2026-07-01 00:00:00.000;2026 07;MAFXLYRA;Majid Al Futtaim;Nigeria;Kenya;KE;Lyra Health International Ltd (DMCC) Branch (MENA);15;17;20;101
2026-07-01 00:00:00.000;2026 07;MAFXLYRA;Majid Al Futtaim;Oman;;null;Lyra Health International Ltd (DMCC) Branch (MENA);22;24;25;25
2026-07-01 00:00:00.000;2026 07;MAFXLYRA;Majid Al Futtaim;Oman;Oman;OM;Lyra Health International Ltd (DMCC) Branch (MENA);21;25;40;318
2026-07-01 00:00:00.000;2026 07;MAFXLYRA;Majid Al Futtaim;Poland;Iraq;IQ;Lyra Health International Ltd (DMCC) Branch (MENA);1;1;1;3
2026-07-01 00:00:00.000;2026 07;MAFXLYRA;Majid Al Futtaim;Qatar;;null;Lyra Health International Ltd (DMCC) Branch (MENA);3;3;3;3
2026-07-01 00:00:00.000;2026 07;MAFXLYRA;Majid Al Futtaim;Qatar;Qatar;QA;Lyra Health International Ltd (DMCC) Branch (MENA);4;4;5;22
2026-07-01 00:00:00.000;2026 07;MAFXLYRA;Majid Al Futtaim;Saudi Arabia;;null;Lyra Health International Ltd (DMCC) Branch (MENA);38;46;46;47
2026-07-01 00:00:00.000;2026 07;MAFXLYRA;Majid Al Futtaim;Saudi Arabia;Saudi Arabia;SA;Lyra Health International Ltd (DMCC) Branch (MENA);38;47;69;558
2026-07-01 00:00:00.000;2026 07;MAFXLYRA;Majid Al Futtaim;Singapore;;null;Lyra Health International Ltd (DMCC) Branch (MENA);2;2;2;2
2026-07-01 00:00:00.000;2026 07;MAFXLYRA;Majid Al Futtaim;Singapore;Iraq;IQ;Lyra Health International Ltd (DMCC) Branch (MENA);2;2;2;12
2026-07-01 00:00:00.000;2026 07;MAFXLYRA;Majid Al Futtaim;South Africa;;null;Lyra Health International Ltd (DMCC) Branch (MENA);34;40;40;40
2026-07-01 00:00:00.000;2026 07;MAFXLYRA;Majid Al Futtaim;South Africa;Kenya;KE;Lyra Health International Ltd (DMCC) Branch (MENA);44;51;58;367
2026-07-01 00:00:00.000;2026 07;MAFXLYRA;Majid Al Futtaim;South Africa;United Arab Emirates;AE;Lyra Health International Ltd (DMCC) Branch (MENA);0;1;1;2
2026-07-01 00:00:00.000;2026 07;MAFXLYRA;Majid Al Futtaim;Spain;;null;Lyra Health International Ltd (DMCC) Branch (MENA);1;1;1;1
2026-07-01 00:00:00.000;2026 07;MAFXLYRA;Majid Al Futtaim;Spain;Iraq;IQ;Lyra Health International Ltd (DMCC) Branch (MENA);1;1;2;21
2026-07-01 00:00:00.000;2026 07;MAFXLYRA;Majid Al Futtaim;Sweden;;null;Lyra Health International Ltd (DMCC) Branch (MENA);1;1;1;1
2026-07-01 00:00:00.000;2026 07;MAFXLYRA;Majid Al Futtaim;Sweden;United Arab Emirates;AE;Lyra Health International Ltd (DMCC) Branch (MENA);1;1;1;3
2026-07-01 00:00:00.000;2026 07;MAFXLYRA;Majid Al Futtaim;Turkey;Iraq;IQ;Lyra Health International Ltd (DMCC) Branch (MENA);2;2;3;42
2026-07-01 00:00:00.000;2026 07;MAFXLYRA;Majid Al Futtaim;Uganda;Uganda;UG;Lyra Health International Ltd (DMCC) Branch (MENA);1;1;1;4
2026-07-01 00:00:00.000;2026 07;MAFXLYRA;Majid Al Futtaim;United Arab Emirates;;null;Lyra Health International Ltd (DMCC) Branch (MENA);34;43;44;44
2026-07-01 00:00:00.000;2026 07;MAFXLYRA;Majid Al Futtaim;United Arab Emirates;Iraq;IQ;Lyra Health International Ltd (DMCC) Branch (MENA);5;6;7;81
2026-07-01 00:00:00.000;2026 07;MAFXLYRA;Majid Al Futtaim;United Arab Emirates;United Arab Emirates;AE;Lyra Health International Ltd (DMCC) Branch (MENA);32;50;66;449
2026-07-01 00:00:00.000;2026 07;MAFXLYRA;Majid Al Futtaim;United Kingdom;;null;Lyra Health International Ltd (DMCC) Branch (MENA);1;1;1;1
2026-07-01 00:00:00.000;2026 07;MAFXLYRA;Majid Al Futtaim;United Kingdom;Iraq;IQ;Lyra Health International Ltd (DMCC) Branch (MENA);1;1;1;1
2026-07-01 00:00:00.000;2026 07;MAFXLYRA;Majid Al Futtaim;United States of America;;null;Lyra Health International Ltd (DMCC) Branch (MENA);6;6;6;6
2026-07-01 00:00:00.000;2026 07;MAFXLYRA;Majid Al Futtaim;United States of America;Iraq;IQ;Lyra Health International Ltd (DMCC) Branch (MENA);5;5;6;25
2026-07-01 00:00:00.000;2026 07;MAFXLYRA;Majid Al Futtaim;United States of America;Jordan;JO;Lyra Health International Ltd (DMCC) Branch (MENA);1;1;1;17
2026-07-01 00:00:00.000;2026 07;MAG001;Magna Carta;South Africa;;null;Lyra Southern Africa Pty Ltd;1;2;2;2
2026-07-01 00:00:00.000;2026 07;MAG001;Magna Carta;South Africa;South Africa;ZA;Lyra Southern Africa Pty Ltd;1;2;4;5
2026-07-01 00:00:00.000;2026 07;MAI002;South Africa Mainstream Renewable Power Developments (Pty) Ltd;South Africa;;null;Lyra Southern Africa Pty Ltd;2;2;2;2
2026-07-01 00:00:00.000;2026 07;MAI002;South Africa Mainstream Renewable Power Developments (Pty) Ltd;South Africa;South Africa;ZA;Lyra Southern Africa Pty Ltd;2;2;4;31
2026-07-01 00:00:00.000;2026 07;MAN003;Mandela Rhodes Foundation;Kenya;;null;Lyra Southern Africa Pty Ltd;1;1;1;1
2026-07-01 00:00:00.000;2026 07;MAN003;Mandela Rhodes Foundation;Kenya;South Africa;ZA;Lyra Southern Africa Pty Ltd;1;1;1;8
2026-07-01 00:00:00.000;2026 07;MAN003;Mandela Rhodes Foundation;South Africa;;null;Lyra Southern Africa Pty Ltd;4;5;5;5
2026-07-01 00:00:00.000;2026 07;MAN003;Mandela Rhodes Foundation;South Africa;South Africa;ZA;Lyra Southern Africa Pty Ltd;5;6;7;87
2026-07-01 00:00:00.000;2026 07;MAN006;Mangosuthu University of Technology;South Africa;;null;Lyra Southern Africa Pty Ltd;1;1;1;1
2026-07-01 00:00:00.000;2026 07;MAN006;Mangosuthu University of Technology;South Africa;South Africa;ZA;Lyra Southern Africa Pty Ltd;1;1;1;9
2026-07-01 00:00:00.000;2026 07;MANOVA;Manova Partners Europe S.A R.L;Germany;;null;Lyra Health International Ltd;3;3;3;3
2026-07-01 00:00:00.000;2026 07;MANOVA;Manova Partners Europe S.A R.L;Germany;Germany;DE;Lyra Health International Ltd;3;3;10;62
2026-07-01 00:00:00.000;2026 07;MAPLESXICAS;Maples Group;United Kingdom;;null;Lyra Health International Ltd (DMCC) Branch (MENA);2;2;3;3
2026-07-01 00:00:00.000;2026 07;MAPLESXICAS;Maples Group;United Kingdom;United Kingdom;GB;Lyra Health International Ltd (DMCC) Branch (MENA);2;2;4;22
2026-07-01 00:00:00.000;2026 07;MAR001;Marlboro;South Africa;;null;Lyra Southern Africa Pty Ltd;0;2;2;2
2026-07-01 00:00:00.000;2026 07;MAR001;Marlboro;South Africa;South Africa;ZA;Lyra Southern Africa Pty Ltd;0;2;2;6
2026-07-01 00:00:00.000;2026 07;MAR002;Market Theatre Foundation;South Africa;South Africa;ZA;Lyra Southern Africa Pty Ltd;1;1;1;2
2026-07-01 00:00:00.000;2026 07;MAR005;Martin and Martin Pty Ltd;South Africa;;null;Lyra Southern Africa Pty Ltd;3;3;3;3
2026-07-01 00:00:00.000;2026 07;MAR005;Martin and Martin Pty Ltd;South Africa;South Africa;ZA;Lyra Southern Africa Pty Ltd;3;4;4;19
2026-07-01 00:00:00.000;2026 07;MARKTPLAATS;Marktplaats;Netherlands;;null;Lyra Netherlands BV;12;13;14;18
2026-07-01 00:00:00.000;2026 07;MARKTPLAATS;Marktplaats;Netherlands;Netherlands;NL;Lyra Netherlands BV;10;11;16;82
2026-07-01 00:00:00.000;2026 07;MAS005;MASSLIFT AFRICA PTY LTD;South Africa;;null;Lyra Southern Africa Pty Ltd;7;7;7;7
2026-07-01 00:00:00.000;2026 07;MAS005;MASSLIFT AFRICA PTY LTD;South Africa;South Africa;ZA;Lyra Southern Africa Pty Ltd;7;8;16;63
2026-07-01 00:00:00.000;2026 07;MCBRIDE;McBride;Belgium;;null;Lyra Health International Ltd;5;5;5;5
2026-07-01 00:00:00.000;2026 07;MCBRIDE;McBride;Belgium;Belgium;BE;Lyra Health International Ltd;5;6;9;98
2026-07-01 00:00:00.000;2026 07;MCBRIDE;McBride;Denmark;;null;Lyra Health International Ltd;3;3;3;3
2026-07-01 00:00:00.000;2026 07;MCBRIDE;McBride;Denmark;Denmark;DK;Lyra Health International Ltd;4;4;5;24
2026-07-01 00:00:00.000;2026 07;MCBRIDE;McBride;Germany;;null;Lyra Health International Ltd;1;1;1;1
2026-07-01 00:00:00.000;2026 07;MCBRIDE;McBride;Germany;Denmark;DK;Lyra Health International Ltd;1;1;1;1
2026-07-01 00:00:00.000;2026 07;MCBRIDE;McBride;Luxembourg;;null;Lyra Health International Ltd;1;1;1;1
2026-07-01 00:00:00.000;2026 07;MCBRIDE;McBride;Luxembourg;Luxembourg;LU;Lyra Health International Ltd;1;1;1;57
2026-07-01 00:00:00.000;2026 07;MCBRIDE;McBride;United Kingdom;;null;Lyra Health International Ltd;5;7;10;10
2026-07-01 00:00:00.000;2026 07;MCBRIDE;McBride;United Kingdom;Australia;AU;Lyra Health International Ltd;0;1;1;9
2026-07-01 00:00:00.000;2026 07;MCBRIDE;McBride;United Kingdom;Belgium;BE;Lyra Health International Ltd;0;1;1;2
2026-07-01 00:00:00.000;2026 07;MCBRIDE;McBride;United Kingdom;Denmark;DK;Lyra Health International Ltd;0;1;1;2
2026-07-01 00:00:00.000;2026 07;MCBRIDE;McBride;United Kingdom;France;FR;Lyra Health International Ltd;0;1;1;2
2026-07-01 00:00:00.000;2026 07;MCBRIDE;McBride;United Kingdom;Germany;DE;Lyra Health International Ltd;0;1;1;4
2026-07-01 00:00:00.000;2026 07;MCBRIDE;McBride;United Kingdom;Italy;IT;Lyra Health International Ltd;0;1;1;2
2026-07-01 00:00:00.000;2026 07;MCBRIDE;McBride;United Kingdom;Luxembourg;LU;Lyra Health International Ltd;0;1;1;2
2026-07-01 00:00:00.000;2026 07;MCBRIDE;McBride;United Kingdom;Netherlands;NL;Lyra Health International Ltd;0;1;1;2
2026-07-01 00:00:00.000;2026 07;MCBRIDE;McBride;United Kingdom;Poland;PL;Lyra Health International Ltd;0;1;1;2
2026-07-01 00:00:00.000;2026 07;MCBRIDE;McBride;United Kingdom;Spain;ES;Lyra Health International Ltd;0;1;1;2
2026-07-01 00:00:00.000;2026 07;MCBRIDE;McBride;United Kingdom;United Kingdom;GB;Lyra Health International Ltd;5;7;16;266
2026-07-01 00:00:00.000;2026 07;MCKINSEY;McKinsey;Czech Republic;;null;Lyra;1;1;1;1
2026-07-01 00:00:00.000;2026 07;MCKINSEY;McKinsey;Czech Republic;Czech Republic;CZ;Lyra;1;1;1;11
2026-07-01 00:00:00.000;2026 07;MCKINSEY;McKinsey;Germany;;null;Lyra;1;1;1;1
2026-07-01 00:00:00.000;2026 07;MCKINSEY;McKinsey;Israel;;null;Lyra;1;1;1;1
2026-07-01 00:00:00.000;2026 07;MCKINSEY;McKinsey;Israel;Israel;IL;Lyra;1;1;2;16
2026-07-01 00:00:00.000;2026 07;MCKINSEY;McKinsey;Kazakhstan;;null;Lyra;1;1;1;1
2026-07-01 00:00:00.000;2026 07;MCKINSEY;McKinsey;Kazakhstan;Kazakhstan;KZ;Lyra;1;1;1;4
2026-07-01 00:00:00.000;2026 07;MCKINSEY;McKinsey;Netherlands;;null;Lyra;1;1;1;1
2026-07-01 00:00:00.000;2026 07;MCKINSEY;McKinsey;Netherlands;Netherlands;NL;Lyra;1;1;1;13
2026-07-01 00:00:00.000;2026 07;MCKINSEY;McKinsey;Nigeria;;null;Lyra;1;1;1;1
2026-07-01 00:00:00.000;2026 07;MCKINSEY;McKinsey;Nigeria;Nigeria;NG;Lyra;1;1;1;4
2026-07-01 00:00:00.000;2026 07;MCKINSEY;McKinsey;Poland;;null;Lyra;1;1;1;1
2026-07-01 00:00:00.000;2026 07;MCKINSEY;McKinsey;Poland;Poland;PL;Lyra;1;1;1;16
2026-07-01 00:00:00.000;2026 07;MCKINSEY;McKinsey;Portugal;;null;Lyra;0;1;1;1
2026-07-01 00:00:00.000;2026 07;MCKINSEY;McKinsey;Portugal;Portugal;PT;Lyra;0;1;3;7
2026-07-01 00:00:00.000;2026 07;MCKINSEY;McKinsey;United States of America;;null;Lyra;1;1;1;2
2026-07-01 00:00:00.000;2026 07;MD001;Medical Protection Society - Members (Dental);United Kingdom;United Kingdom;GB;Lyra Health International Ltd;1;1;2;2
2026-07-01 00:00:00.000;2026 07;MEA001;Meals on Wheels;South Africa;;null;Lyra Southern Africa Pty Ltd;1;1;1;1
2026-07-01 00:00:00.000;2026 07;MEA001;Meals on Wheels;South Africa;South Africa;ZA;Lyra Southern Africa Pty Ltd;1;1;1;3
2026-07-01 00:00:00.000;2026 07;MED001;Medshield;South Africa;;null;Lyra Southern Africa Pty Ltd;2;2;2;4
2026-07-01 00:00:00.000;2026 07;MED001;Medshield;South Africa;South Africa;ZA;Lyra Southern Africa Pty Ltd;3;5;6;39
2026-07-01 00:00:00.000;2026 07;MED003;Medipost;South Africa;;null;Lyra Southern Africa Pty Ltd;10;10;11;11
2026-07-01 00:00:00.000;2026 07;MED003;Medipost;South Africa;South Africa;ZA;Lyra Southern Africa Pty Ltd;13;14;21;123
2026-07-01 00:00:00.000;2026 07;MED004;Media Development and Diversity Agency;South Africa;;null;Lyra Southern Africa Pty Ltd;1;1;1;1
2026-07-01 00:00:00.000;2026 07;MED004;Media Development and Diversity Agency;South Africa;South Africa;ZA;Lyra Southern Africa Pty Ltd;1;1;1;2
2026-07-01 00:00:00.000;2026 07;MEDICLINICXICAS;Mediclinic Middle East;United Arab Emirates;;null;Lyra Health International Ltd (DMCC) Branch (MENA);16;20;20;20
2026-07-01 00:00:00.000;2026 07;MEDICLINICXICAS;Mediclinic Middle East;United Arab Emirates;United Arab Emirates;AE;Lyra Health International Ltd (DMCC) Branch (MENA);18;24;37;336
2026-07-01 00:00:00.000;2026 07;MEL001;Melomed;South Africa;;null;Lyra Southern Africa Pty Ltd;3;3;3;3
2026-07-01 00:00:00.000;2026 07;MEL001;Melomed;South Africa;South Africa;ZA;Lyra Southern Africa Pty Ltd;4;5;7;27
2026-07-01 00:00:00.000;2026 07;MER003;MerSETA;South Africa;;null;Lyra Southern Africa Pty Ltd;1;2;2;2
2026-07-01 00:00:00.000;2026 07;MER003;MerSETA;South Africa;South Africa;ZA;Lyra Southern Africa Pty Ltd;2;4;5;27
2026-07-01 00:00:00.000;2026 07;MER004;Mercedes Benz South Africa;South Africa;;null;Lyra Southern Africa Pty Ltd;6;7;7;7
2026-07-01 00:00:00.000;2026 07;MER004;Mercedes Benz South Africa;South Africa;South Africa;ZA;Lyra Southern Africa Pty Ltd;6;7;9;57
2026-07-01 00:00:00.000;2026 07;MERCK;Merck Group;Belgium;;null;Lyra Health International Ltd;2;2;2;2
2026-07-01 00:00:00.000;2026 07;MERCK;Merck Group;Belgium;Belgium;BE;Lyra Health International Ltd;2;2;3;27
2026-07-01 00:00:00.000;2026 07;MERCK;Merck Group;Brazil;;null;Lyra Health International Ltd;3;3;3;3
2026-07-01 00:00:00.000;2026 07;MERCK;Merck Group;Brazil;Brazil;BR;Lyra Health International Ltd;3;3;3;9
2026-07-01 00:00:00.000;2026 07;MERCK;Merck Group;France;;null;Lyra Health International Ltd;1;1;1;1
2026-07-01 00:00:00.000;2026 07;MERCK;Merck Group;France;Switzerland;CH;Lyra Health International Ltd;2;2;5;54
2026-07-01 00:00:00.000;2026 07;MERCK;Merck Group;Germany;;null;Lyra Health International Ltd;12;13;13;16
2026-07-01 00:00:00.000;2026 07;MERCK;Merck Group;Germany;Austria;AT;Lyra Health International Ltd;1;1;1;3
2026-07-01 00:00:00.000;2026 07;MERCK;Merck Group;Germany;Czech Republic;CZ;Lyra Health International Ltd;1;1;1;3
2026-07-01 00:00:00.000;2026 07;MERCK;Merck Group;Germany;Poland;PL;Lyra Health International Ltd;1;1;1;12
2026-07-01 00:00:00.000;2026 07;MERCK;Merck Group;Germany;Romania;RO;Lyra Health International Ltd;1;1;1;8
2026-07-01 00:00:00.000;2026 07;MERCK;Merck Group;Germany;Slovakia;SK;Lyra Health International Ltd;1;1;2;6
2026-07-01 00:00:00.000;2026 07;MERCK;Merck Group;Germany;Switzerland;CH;Lyra Health International Ltd;3;4;7;29
2026-07-01 00:00:00.000;2026 07;MERCK;Merck Group;Germany;United Kingdom;GB;Lyra Health International Ltd;3;3;3;13
2026-07-01 00:00:00.000;2026 07;MERCK;Merck Group;Indonesia;;null;Lyra Health International Ltd;1;2;2;2
2026-07-01 00:00:00.000;2026 07;MERCK;Merck Group;Indonesia;Indonesia;ID;Lyra Health International Ltd;1;2;3;16
2026-07-01 00:00:00.000;2026 07;MERCK;Merck Group;Japan;;null;Lyra Health International Ltd;3;3;3;3
2026-07-01 00:00:00.000;2026 07;MERCK;Merck Group;Japan;Hong Kong;HK;Lyra Health International Ltd;1;1;1;2
2026-07-01 00:00:00.000;2026 07;MERCK;Merck Group;Japan;Japan;JP;Lyra Health International Ltd;3;3;4;34
2026-07-01 00:00:00.000;2026 07;MERCK;Merck Group;Mexico;;null;Lyra Health International Ltd;2;2;2;2
2026-07-01 00:00:00.000;2026 07;MERCK;Merck Group;Mexico;Mexico;MX;Lyra Health International Ltd;3;3;4;62
2026-07-01 00:00:00.000;2026 07;MERCK;Merck Group;Philippines;;null;Lyra Health International Ltd;2;2;2;2
2026-07-01 00:00:00.000;2026 07;MERCK;Merck Group;Philippines;Philippines;PH;Lyra Health International Ltd;2;2;4;44
2026-07-01 00:00:00.000;2026 07;MERCK;Merck Group;Poland;;null;Lyra Health International Ltd;1;1;1;1
2026-07-01 00:00:00.000;2026 07;MERCK;Merck Group;Poland;Romania;RO;Lyra Health International Ltd;1;1;2;11
2026-07-01 00:00:00.000;2026 07;MERCK;Merck Group;Romania;;null;Lyra Health International Ltd;1;1;1;1
2026-07-01 00:00:00.000;2026 07;MERCK;Merck Group;Romania;Romania;RO;Lyra Health International Ltd;1;1;1;2
2026-07-01 00:00:00.000;2026 07;MERCK;Merck Group;Singapore;;null;Lyra Health International Ltd;3;5;5;5
2026-07-01 00:00:00.000;2026 07;MERCK;Merck Group;Singapore;Philippines;PH;Lyra Health International Ltd;1;2;2;15
2026-07-01 00:00:00.000;2026 07;MERCK;Merck Group;Singapore;Singapore;SG;Lyra Health International Ltd;2;3;3;24
2026-07-01 00:00:00.000;2026 07;MERCK;Merck Group;South Africa;;null;Lyra Health International Ltd;0;1;1;1
2026-07-01 00:00:00.000;2026 07;MERCK;Merck Group;South Africa;Switzerland;CH;Lyra Health International Ltd;0;1;1;2
2026-07-01 00:00:00.000;2026 07;MERCK;Merck Group;South Africa;United Kingdom;GB;Lyra Health International Ltd;0;1;1;1
2026-07-01 00:00:00.000;2026 07;MERCK;Merck Group;Spain;;null;Lyra Health International Ltd;9;11;11;11
2026-07-01 00:00:00.000;2026 07;MERCK;Merck Group;Spain;Spain;ES;Lyra Health International Ltd;9;10;15;69
2026-07-01 00:00:00.000;2026 07;MERCK;Merck Group;Switzerland;;null;Lyra Health International Ltd;9;11;12;12
2026-07-01 00:00:00.000;2026 07;MERCK;Merck Group;Switzerland;Switzerland;CH;Lyra Health International Ltd;9;12;23;303
2026-07-01 00:00:00.000;2026 07;MERCK;Merck Group;United Kingdom;;null;Lyra Health International Ltd;13;14;15;17
2026-07-01 00:00:00.000;2026 07;MERCK;Merck Group;United Kingdom;United Kingdom;GB;Lyra Health International Ltd;12;14;17;200
2026-07-01 00:00:00.000;2026 07;MERCK;Merck Group;United States of America;;null;Lyra Health International Ltd;3;4;6;6
2026-07-01 00:00:00.000;2026 07;MERCK;Merck Group;United States of America;Costa Rica;CR;Lyra Health International Ltd;1;1;1;8
2026-07-01 00:00:00.000;2026 07;MERCK;Merck Group;United States of America;El Salvador;SV;Lyra Health International Ltd;1;1;1;3
2026-07-01 00:00:00.000;2026 07;MERCK;Merck Group;United States of America;United Kingdom;GB;Lyra Health International Ltd;1;1;1;2
2026-07-01 00:00:00.000;2026 07;MERCK;Merck Group;Uruguay;;null;Lyra Health International Ltd;1;1;1;1
2026-07-01 00:00:00.000;2026 07;MERCK;Merck Group;Uruguay;Uruguay;UY;Lyra Health International Ltd;1;1;1;3
2026-07-01 00:00:00.000;2026 07;MERCK;Merck Group;Vietnam;Vietnam;VN;Lyra Health International Ltd;0;1;1;3
2026-07-01 00:00:00.000;2026 07;MET003;Metrowatt Pty Ltd;South Africa;South Africa;ZA;Lyra Southern Africa Pty Ltd;0;1;1;3
2026-07-01 00:00:00.000;2026 07;MET004;MetSoP Pty Ltd;South Africa;;null;Lyra Southern Africa Pty Ltd;4;4;4;4
2026-07-01 00:00:00.000;2026 07;MET004;MetSoP Pty Ltd;South Africa;South Africa;ZA;Lyra Southern Africa Pty Ltd;5;5;7;40
2026-07-01 00:00:00.000;2026 07;META;Meta;Ireland;;null;Lyra;1;1;1;1
2026-07-01 00:00:00.000;2026 07;META;Meta;Ireland;Greece;GR;Lyra;1;1;1;11
2026-07-01 00:00:00.000;2026 07;META;Meta;Israel;;null;Lyra;1;1;1;1
2026-07-01 00:00:00.000;2026 07;META;Meta;Israel;Israel;IL;Lyra;1;1;1;2
2026-07-01 00:00:00.000;2026 07;META;Meta;United States of America;;null;Lyra;1;1;1;1
2026-07-01 00:00:00.000;2026 07;META;Meta;United States of America;United Kingdom;GB;Lyra;1;1;1;8
2026-07-01 00:00:00.000;2026 07;MFI001;MFI CAPE TOWN PTY LTD;South Africa;;null;Lyra Southern Africa Pty Ltd;3;4;4;4
2026-07-01 00:00:00.000;2026 07;MFI001;MFI CAPE TOWN PTY LTD;South Africa;South Africa;ZA;Lyra Southern Africa Pty Ltd;3;4;6;57
2026-07-01 00:00:00.000;2026 07;MFS;MFS Investment Management;Luxembourg;;null;Lyra;1;1;1;1
2026-07-01 00:00:00.000;2026 07;MFS;MFS Investment Management;Luxembourg;Luxembourg;LU;Lyra;1;1;1;2
2026-07-01 00:00:00.000;2026 07;MGG001;MGG Productions (PTY) LTD;South Africa;;null;Lyra Southern Africa Pty Ltd;2;2;2;2
2026-07-01 00:00:00.000;2026 07;MGG001;MGG Productions (PTY) LTD;South Africa;South Africa;ZA;Lyra Southern Africa Pty Ltd;3;3;5;76
2026-07-01 00:00:00.000;2026 07;MIB;Mediterranean Insurance Brokers Limited;Malta;;null;Lyra Health International Ltd;1;1;1;1
2026-07-01 00:00:00.000;2026 07;MIB;Mediterranean Insurance Brokers Limited;Malta;Malta;MT;Lyra Health International Ltd;1;1;1;2
2026-07-01 00:00:00.000;2026 07;MIC007;Michelin Tyre Company South Africa Pty Ltd;South Africa;South Africa;ZA;Lyra Southern Africa Pty Ltd;0;1;1;2
2026-07-01 00:00:00.000;2026 07;MICHELS;Michels Corporation;Australia;;null;Lyra Health International Ltd;0;1;1;1
2026-07-01 00:00:00.000;2026 07;MICHELS;Michels Corporation;Australia;Australia;AU;Lyra Health International Ltd;0;1;1;4
2026-07-01 00:00:00.000;2026 07;MIDWICHGROUP;Midwich;Italy;;null;Lyra Health International Ltd;1;1;1;1
2026-07-01 00:00:00.000;2026 07;MIDWICHGROUP;Midwich;Italy;Italy;IT;Lyra Health International Ltd;1;1;1;10
2026-07-01 00:00:00.000;2026 07;MIDWICHGROUP;Midwich;United Arab Emirates;;null;Lyra Health International Ltd;1;1;1;1
2026-07-01 00:00:00.000;2026 07;MIDWICHGROUP;Midwich;United Arab Emirates;United Arab Emirates;AE;Lyra Health International Ltd;1;1;1;3
2026-07-01 00:00:00.000;2026 07;MIN005;Minworkers Investment Trust;South Africa;South Africa;ZA;Lyra Southern Africa Pty Ltd;1;1;1;1
2026-07-01 00:00:00.000;2026 07;MINDRAY;Mindray;France;;null;Lyra Health International Ltd;1;1;1;1
2026-07-01 00:00:00.000;2026 07;MINDRAY;Mindray;France;France;FR;Lyra Health International Ltd;1;1;2;13
2026-07-01 00:00:00.000;2026 07;MINDRAY;Mindray;United Kingdom;;null;Lyra Health International Ltd;0;1;1;1
2026-07-01 00:00:00.000;2026 07;MINDRAY;Mindray;United Kingdom;United Kingdom;GB;Lyra Health International Ltd;0;1;1;4
2026-07-01 00:00:00.000;2026 07;MINITAB2022;MiniTAB;United Kingdom;;null;Lyra Health International Ltd;1;1;1;1
2026-07-01 00:00:00.000;2026 07;MINITAB2022;MiniTAB;United Kingdom;United Kingdom;GB;Lyra Health International Ltd;1;1;1;2
2026-07-01 00:00:00.000;2026 07;MIRALXLYRA;Miral LLC;India;United Arab Emirates;AE;Lyra Health International Ltd (DMCC) Branch (MENA);0;1;2;2
2026-07-01 00:00:00.000;2026 07;MIRALXLYRA;Miral LLC;Spain;;null;Lyra Health International Ltd (DMCC) Branch (MENA);1;1;1;1
2026-07-01 00:00:00.000;2026 07;MIRALXLYRA;Miral LLC;Spain;United Arab Emirates;AE;Lyra Health International Ltd (DMCC) Branch (MENA);1;1;1;4
2026-07-01 00:00:00.000;2026 07;MIRALXLYRA;Miral LLC;United Arab Emirates;;null;Lyra Health International Ltd (DMCC) Branch (MENA);8;11;11;11
2026-07-01 00:00:00.000;2026 07;MIRALXLYRA;Miral LLC;United Arab Emirates;United Arab Emirates;AE;Lyra Health International Ltd (DMCC) Branch (MENA);10;18;31;235
2026-07-01 00:00:00.000;2026 07;MIRALXLYRA;Miral LLC;United States of America;United Arab Emirates;AE;Lyra Health International Ltd (DMCC) Branch (MENA);0;1;1;1
2026-07-01 00:00:00.000;2026 07;MIRGOR;MIRGOR;Argentina;;null;ICAS Latina;1;1;1;1
2026-07-01 00:00:00.000;2026 07;MIRGOR;MIRGOR;Argentina;Argentina;AR;ICAS Latina;1;2;2;13
2026-07-01 00:00:00.000;2026 07;MIT123;MIT;Mexico;;null;Lyra Mexico and Central America;7;7;7;8
2026-07-01 00:00:00.000;2026 07;MIT123;MIT;Mexico;Mexico;MX;Lyra Mexico and Central America;6;6;9;90
2026-07-01 00:00:00.000;2026 07;MITTWALDHUB;Mittwald CM Service;Germany;;null;Lyra Deutschland GmBH;6;6;7;7
2026-07-01 00:00:00.000;2026 07;MITTWALDHUB;Mittwald CM Service;Germany;Germany;DE;Lyra Deutschland GmBH;6;8;15;107
2026-07-01 00:00:00.000;2026 07;ML001;M Line Group Pty Ltd;South Africa;;null;Lyra Southern Africa Pty Ltd;5;6;6;6
2026-07-01 00:00:00.000;2026 07;ML001;M Line Group Pty Ltd;South Africa;South Africa;ZA;Lyra Southern Africa Pty Ltd;5;6;6;107
2026-07-01 00:00:00.000;2026 07;MMC;Marsh McLennan (Australia) Pty Ltd;Indonesia;;null;Lyra Health International Ltd;0;1;1;1
2026-07-01 00:00:00.000;2026 07;MMC;Marsh McLennan (Australia) Pty Ltd;Indonesia;Fiji;FJ;Lyra Health International Ltd;0;1;1;11
2026-07-01 00:00:00.000;2026 07;MMS001;MMS Holdings;South Africa;;null;Lyra Southern Africa Pty Ltd;1;1;1;1
2026-07-01 00:00:00.000;2026 07;MMS001;MMS Holdings;South Africa;South Africa;ZA;Lyra Southern Africa Pty Ltd;1;1;1;7
2026-07-01 00:00:00.000;2026 07;MNKSEGUROS;MNK Seguros;Costa Rica;;null;Lyra Mexico and Central America;1;3;3;3
2026-07-01 00:00:00.000;2026 07;MNKSEGUROS;MNK Seguros;Costa Rica;Costa Rica;CR;Lyra Mexico and Central America;1;3;3;60
2026-07-01 00:00:00.000;2026 07;MOLEX;Molex;Taiwan (Republic of China);;null;Lyra Health International Ltd;1;1;2;4
2026-07-01 00:00:00.000;2026 07;MOM004;Momentum Lesotho;Lesotho;Lesotho;LS;Lyra Southern Africa Pty Ltd;0;1;2;13
2026-07-01 00:00:00.000;2026 07;MON001;Monitor Administrators;South Africa;;null;Lyra Southern Africa Pty Ltd;1;1;1;1
2026-07-01 00:00:00.000;2026 07;MON001;Monitor Administrators;South Africa;South Africa;ZA;Lyra Southern Africa Pty Ltd;1;1;1;1
2026-07-01 00:00:00.000;2026 07;MONTEROSATX;Monte Rosa Therapeutics AG;France;;null;Lyra Schweiz GmbH;1;1;2;2
2026-07-01 00:00:00.000;2026 07;MONTEROSATX;Monte Rosa Therapeutics AG;France;France;FR;Lyra Schweiz GmbH;1;1;4;30
2026-07-01 00:00:00.000;2026 07;MONUMENT;Monument Chemical;Belgium;;null;Lyra Health International Ltd;1;2;2;2
2026-07-01 00:00:00.000;2026 07;MONUMENT;Monument Chemical;Belgium;Belgium;BE;Lyra Health International Ltd;1;2;4;18
2026-07-01 00:00:00.000;2026 07;MOO001;Moonspin;South Africa;South Africa;ZA;Lyra Southern Africa Pty Ltd;0;1;1;3
2026-07-01 00:00:00.000;2026 07;MOO002;Moore Cape Town Inc;South Africa;;null;Lyra Southern Africa Pty Ltd;5;5;5;5
2026-07-01 00:00:00.000;2026 07;MOO002;Moore Cape Town Inc;South Africa;South Africa;ZA;Lyra Southern Africa Pty Ltd;6;6;7;49
2026-07-01 00:00:00.000;2026 07;MOODYS;Moody's Shared Services;Czech Republic;;null;Lyra Health International Ltd;1;1;1;1
2026-07-01 00:00:00.000;2026 07;MOODYS;Moody's Shared Services;Czech Republic;Czech Republic;CZ;Lyra Health International Ltd;1;1;1;1
2026-07-01 00:00:00.000;2026 07;MOODYS;Moody's Shared Services;Germany;;null;Lyra Health International Ltd;5;5;5;5
2026-07-01 00:00:00.000;2026 07;MOODYS;Moody's Shared Services;Germany;Czech Republic;CZ;Lyra Health International Ltd;1;1;1;2
2026-07-01 00:00:00.000;2026 07;MOODYS;Moody's Shared Services;Germany;Italy;IT;Lyra Health International Ltd;1;1;1;1
2026-07-01 00:00:00.000;2026 07;MOODYS;Moody's Shared Services;Germany;Lithuania;LT;Lyra Health International Ltd;3;3;4;12
2026-07-01 00:00:00.000;2026 07;MOODYS;Moody's Shared Services;Lithuania;;null;Lyra Health International Ltd;0;1;1;1
2026-07-01 00:00:00.000;2026 07;MOODYS;Moody's Shared Services;Lithuania;Lithuania;LT;Lyra Health International Ltd;0;1;1;1
2026-07-01 00:00:00.000;2026 07;MOODYS;Moody's Shared Services;Sweden;;null;Lyra Health International Ltd;1;1;1;1
2026-07-01 00:00:00.000;2026 07;MOODYS;Moody's Shared Services;United Kingdom;;null;Lyra Health International Ltd;3;3;3;3
2026-07-01 00:00:00.000;2026 07;MOODYS;Moody's Shared Services;United Kingdom;France;FR;Lyra Health International Ltd;1;1;2;7
2026-07-01 00:00:00.000;2026 07;MOT005;Motor Industry Fund Administrators;South Africa;;null;Lyra Southern Africa Pty Ltd;1;1;1;1
2026-07-01 00:00:00.000;2026 07;MOT005;Motor Industry Fund Administrators;South Africa;South Africa;ZA;Lyra Southern Africa Pty Ltd;1;1;1;5
2026-07-01 00:00:00.000;2026 07;MOT008;Motorite Administrators Pty Ltd;South Africa;;null;Lyra Southern Africa Pty Ltd;1;1;1;1
2026-07-01 00:00:00.000;2026 07;MOT008;Motorite Administrators Pty Ltd;South Africa;South Africa;ZA;Lyra Southern Africa Pty Ltd;1;1;2;27
2026-07-01 00:00:00.000;2026 07;MP001;Medical Protection Society - Members (Medical);France;;null;Lyra Health International Ltd;1;1;1;1
2026-07-01 00:00:00.000;2026 07;MP001;Medical Protection Society - Members (Medical);France;United Kingdom;GB;Lyra Health International Ltd;1;1;1;11
2026-07-01 00:00:00.000;2026 07;MP001;Medical Protection Society - Members (Medical);New Zealand;;null;Lyra Health International Ltd;1;1;1;1
2026-07-01 00:00:00.000;2026 07;MP001;Medical Protection Society - Members (Medical);New Zealand;New Zealand;NZ;Lyra Health International Ltd;1;1;1;7
2026-07-01 00:00:00.000;2026 07;MP001;Medical Protection Society - Members (Medical);South Africa;;null;Lyra Health International Ltd;1;1;1;1
2026-07-01 00:00:00.000;2026 07;MP001;Medical Protection Society - Members (Medical);South Africa;South Africa;ZA;Lyra Health International Ltd;1;1;1;12
2026-07-01 00:00:00.000;2026 07;MP001;Medical Protection Society - Members (Medical);United Kingdom;;null;Lyra Health International Ltd;3;4;4;4
2026-07-01 00:00:00.000;2026 07;MP001;Medical Protection Society - Members (Medical);United Kingdom;United Kingdom;GB;Lyra Health International Ltd;3;4;5;33
2026-07-01 00:00:00.000;2026 07;MPU001;Mpumalanga Economic Regulator;South Africa;;null;Lyra Southern Africa Pty Ltd;2;2;2;2
2026-07-01 00:00:00.000;2026 07;MPU001;Mpumalanga Economic Regulator;South Africa;South Africa;ZA;Lyra Southern Africa Pty Ltd;2;2;3;44
2026-07-01 00:00:00.000;2026 07;MTMCOMPANY;MTM Engineering;Czech Republic;;null;Lyra Health International Ltd;1;1;1;1
2026-07-01 00:00:00.000;2026 07;MTMCOMPANY;MTM Engineering;Czech Republic;Germany;DE;Lyra Health International Ltd;1;1;1;1
2026-07-01 00:00:00.000;2026 07;MTMCOMPANY;MTM Engineering;Denmark;Romania;RO;Lyra Health International Ltd;1;1;1;2
2026-07-01 00:00:00.000;2026 07;MTMCOMPANY;MTM Engineering;Ireland;;null;Lyra Health International Ltd;5;6;6;6
2026-07-01 00:00:00.000;2026 07;MTMCOMPANY;MTM Engineering;Ireland;Germany;DE;Lyra Health International Ltd;1;1;1;5
2026-07-01 00:00:00.000;2026 07;MTMCOMPANY;MTM Engineering;Ireland;Ireland;IE;Lyra Health International Ltd;4;4;5;14
2026-07-01 00:00:00.000;2026 07;MTMCOMPANY;MTM Engineering;Ireland;United Kingdom;GB;Lyra Health International Ltd;0;1;1;10
2026-07-01 00:00:00.000;2026 07;MTMCOMPANY;MTM Engineering;Romania;;null;Lyra Health International Ltd;1;1;1;1
2026-07-01 00:00:00.000;2026 07;MTMCOMPANY;MTM Engineering;Romania;Romania;RO;Lyra Health International Ltd;1;1;1;6
2026-07-01 00:00:00.000;2026 07;MTMHUBTEST;MTM Engineering (Test Preview);Ireland;Ireland;IE;Lyra Health International Ltd;0;1;1;3
2026-07-01 00:00:00.000;2026 07;MUBADALAXICAS;Mubadala Investment Company;United Arab Emirates;;null;Lyra Health International Ltd (DMCC) Branch (MENA);4;4;4;4
2026-07-01 00:00:00.000;2026 07;MUBADALAXICAS;Mubadala Investment Company;United Arab Emirates;United Arab Emirates;AE;Lyra Health International Ltd (DMCC) Branch (MENA);4;4;9;60
2026-07-01 00:00:00.000;2026 07;MUENCHENSTEINHUB;Gemeindeverwaltung Münchenstein;Switzerland;;null;Lyra Schweiz GmbH;3;4;4;4
2026-07-01 00:00:00.000;2026 07;MUENCHENSTEINHUB;Gemeindeverwaltung Münchenstein;Switzerland;Switzerland;CH;Lyra Schweiz GmbH;3;6;8;27
2026-07-01 00:00:00.000;2026 07;MUFG;MUFG;India;;null;Lyra Health International Ltd;1;2;2;4
2026-07-01 00:00:00.000;2026 07;MUFG;MUFG;India;Germany;DE;Lyra Health International Ltd;1;1;1;3
2026-07-01 00:00:00.000;2026 07;MUFG;MUFG;Netherlands;;null;Lyra Health International Ltd;1;1;1;1
2026-07-01 00:00:00.000;2026 07;MUFG;MUFG;Netherlands;Netherlands;NL;Lyra Health International Ltd;1;1;1;1
2026-07-01 00:00:00.000;2026 07;MUFG;MUFG;Spain;;null;Lyra Health International Ltd;2;2;2;2
2026-07-01 00:00:00.000;2026 07;MUFG;MUFG;Spain;Spain;ES;Lyra Health International Ltd;3;3;5;39
2026-07-01 00:00:00.000;2026 07;MUFG;MUFG;United Kingdom;;null;Lyra Health International Ltd;1;1;1;1
2026-07-01 00:00:00.000;2026 07;MUFG;MUFG;United Kingdom;Germany;DE;Lyra Health International Ltd;1;1;2;2
2026-07-01 00:00:00.000;2026 07;MUFGEAP;MUFG;Australia;;null;Lyra Health International Ltd;2;2;2;2
2026-07-01 00:00:00.000;2026 07;MUFGEAP;MUFG;Australia;India;IN;Lyra Health International Ltd;2;2;3;10
2026-07-01 00:00:00.000;2026 07;MUFGEAP;MUFG;India;;null;Lyra Health International Ltd;5;6;6;6
2026-07-01 00:00:00.000;2026 07;MUFGEAP;MUFG;India;India;IN;Lyra Health International Ltd;6;8;9;65
2026-07-01 00:00:00.000;2026 07;MUFGHK;Link Administration Holdings;Hong Kong;;null;Lyra Health International Ltd;1;1;1;1
2026-07-01 00:00:00.000;2026 07;MUFGHK;Link Administration Holdings;Hong Kong;Hong Kong;HK;Lyra Health International Ltd;1;1;1;5
2026-07-01 00:00:00.000;2026 07;MUFGHK;Link Administration Holdings;Taiwan (Republic of China);;null;Lyra Health International Ltd;1;1;1;1
2026-07-01 00:00:00.000;2026 07;MUFGHK;Link Administration Holdings;Taiwan (Republic of China);Hong Kong;HK;Lyra Health International Ltd;1;1;1;19
2026-07-01 00:00:00.000;2026 07;MUN001;Munnik Fourie Bloemfontein Financial Services;South Africa;;null;Lyra Southern Africa Pty Ltd;3;3;3;3
2026-07-01 00:00:00.000;2026 07;MUN001;Munnik Fourie Bloemfontein Financial Services;South Africa;South Africa;ZA;Lyra Southern Africa Pty Ltd;3;3;3;7
2026-07-01 00:00:00.000;2026 07;MUNRO;Munro Investment Holdings Pty Limited;Australia;;null;Lyra Health International Ltd;2;2;2;2
2026-07-01 00:00:00.000;2026 07;MUNRO;Munro Investment Holdings Pty Limited;Australia;Canada;CA;Lyra Health International Ltd;1;1;1;7
2026-07-01 00:00:00.000;2026 07;MURAL;Mural;Argentina;;null;Lyra Health International Ltd;2;2;2;3
2026-07-01 00:00:00.000;2026 07;MURAL;Mural;Argentina;Argentina;AR;Lyra Health International Ltd;2;2;2;12
2026-07-01 00:00:00.000;2026 07;NAF001;Nafasi Water Technologies (Pty) Ltd;Namibia;;null;Lyra Southern Africa Pty Ltd;1;1;1;1
2026-07-01 00:00:00.000;2026 07;NAF001;Nafasi Water Technologies (Pty) Ltd;Namibia;Namibia;NA;Lyra Southern Africa Pty Ltd;2;2;5;49
2026-07-01 00:00:00.000;2026 07;NAM001;NAMPAK;South Africa;;null;Lyra Southern Africa Pty Ltd;10;11;12;12
2026-07-01 00:00:00.000;2026 07;NAM001;NAMPAK;South Africa;South Africa;ZA;Lyra Southern Africa Pty Ltd;10;11;21;157
2026-07-01 00:00:00.000;2026 07;NAS001;Nashua;South Africa;;null;Lyra Southern Africa Pty Ltd;1;1;1;1
2026-07-01 00:00:00.000;2026 07;NAS001;Nashua;South Africa;South Africa;ZA;Lyra Southern Africa Pty Ltd;1;1;1;21
2026-07-01 00:00:00.000;2026 07;NAT007;National Library South Africa;South Africa;South Africa;ZA;Lyra Southern Africa Pty Ltd;2;3;4;9
2026-07-01 00:00:00.000;2026 07;NAVITAS;Navitas Pty Limited;Bangladesh;;null;Lyra Health International Ltd;1;1;1;1
2026-07-01 00:00:00.000;2026 07;NAVITAS;Navitas Pty Limited;Bangladesh;Bangladesh;BD;Lyra Health International Ltd;1;1;1;15
2026-07-01 00:00:00.000;2026 07;NAVITAS;Navitas Pty Limited;China;;null;Lyra Health International Ltd;2;2;2;2
2026-07-01 00:00:00.000;2026 07;NAVITAS;Navitas Pty Limited;China;China;CN;Lyra Health International Ltd;2;2;2;17
2026-07-01 00:00:00.000;2026 07;NAVITAS;Navitas Pty Limited;Germany;;null;Lyra Health International Ltd;4;4;4;4
2026-07-01 00:00:00.000;2026 07;NAVITAS;Navitas Pty Limited;Germany;Germany;DE;Lyra Health International Ltd;4;4;7;58
2026-07-01 00:00:00.000;2026 07;NAVITAS;Navitas Pty Limited;India;;null;Lyra Health International Ltd;3;3;3;3
2026-07-01 00:00:00.000;2026 07;NAVITAS;Navitas Pty Limited;India;India;IN;Lyra Health International Ltd;2;2;2;10
2026-07-01 00:00:00.000;2026 07;NAVITAS;Navitas Pty Limited;India;United Arab Emirates;AE;Lyra Health International Ltd;1;1;1;19
2026-07-01 00:00:00.000;2026 07;NAVITAS;Navitas Pty Limited;Indonesia;;null;Lyra Health International Ltd;0;1;1;1
2026-07-01 00:00:00.000;2026 07;NAVITAS;Navitas Pty Limited;Indonesia;Indonesia;ID;Lyra Health International Ltd;0;1;1;13
2026-07-01 00:00:00.000;2026 07;NAVITAS;Navitas Pty Limited;Kenya;;null;Lyra Health International Ltd;1;1;1;1
2026-07-01 00:00:00.000;2026 07;NAVITAS;Navitas Pty Limited;Kenya;Kenya;KE;Lyra Health International Ltd;1;1;1;2
2026-07-01 00:00:00.000;2026 07;NAVITAS;Navitas Pty Limited;Netherlands;;null;Lyra Health International Ltd;1;1;1;1
2026-07-01 00:00:00.000;2026 07;NAVITAS;Navitas Pty Limited;Netherlands;Netherlands;NL;Lyra Health International Ltd;1;1;1;20
2026-07-01 00:00:00.000;2026 07;NAVITAS;Navitas Pty Limited;Nigeria;;null;Lyra Health International Ltd;1;1;1;1
2026-07-01 00:00:00.000;2026 07;NAVITAS;Navitas Pty Limited;Nigeria;Nigeria;NG;Lyra Health International Ltd;1;1;1;5
2026-07-01 00:00:00.000;2026 07;NAVITAS;Navitas Pty Limited;Singapore;;null;Lyra Health International Ltd;2;2;2;2
2026-07-01 00:00:00.000;2026 07;NAVITAS;Navitas Pty Limited;Singapore;Singapore;SG;Lyra Health International Ltd;2;2;2;29
2026-07-01 00:00:00.000;2026 07;NAVITAS;Navitas Pty Limited;Spain;;null;Lyra Health International Ltd;1;1;1;1
2026-07-01 00:00:00.000;2026 07;NAVITAS;Navitas Pty Limited;Spain;United Kingdom;GB;Lyra Health International Ltd;1;1;1;2
2026-07-01 00:00:00.000;2026 07;NAVITAS;Navitas Pty Limited;Sri Lanka;;null;Lyra Health International Ltd;1;1;1;1
2026-07-01 00:00:00.000;2026 07;NAVITAS;Navitas Pty Limited;Sri Lanka;Sri Lanka;LK;Lyra Health International Ltd;1;1;1;10
2026-07-01 00:00:00.000;2026 07;NAVITAS;Navitas Pty Limited;United Arab Emirates;;null;Lyra Health International Ltd;1;1;1;1
2026-07-01 00:00:00.000;2026 07;NAVITAS;Navitas Pty Limited;United Arab Emirates;United Arab Emirates;AE;Lyra Health International Ltd;1;1;1;5
2026-07-01 00:00:00.000;2026 07;NAVITAS;Navitas Pty Limited;United Kingdom;;null;Lyra Health International Ltd;18;18;21;23
2026-07-01 00:00:00.000;2026 07;NAVITAS;Navitas Pty Limited;United Kingdom;United Kingdom;GB;Lyra Health International Ltd;18;18;24;166
2026-07-01 00:00:00.000;2026 07;NAVITAS;Navitas Pty Limited;United States of America;;null;Lyra Health International Ltd;1;1;1;4
2026-07-01 00:00:00.000;2026 07;NAVITAS;Navitas Pty Limited;United States of America;United States of America;US;Lyra Health International Ltd;1;1;1;8
2026-07-01 00:00:00.000;2026 07;NAVITAS;Navitas Pty Limited;Vietnam;;null;Lyra Health International Ltd;2;2;2;2
2026-07-01 00:00:00.000;2026 07;NAVITAS;Navitas Pty Limited;Vietnam;Vietnam;VN;Lyra Health International Ltd;2;2;2;3
2026-07-01 00:00:00.000;2026 07;NAZ001;NAZARETH HOUSE;South Africa;;null;Lyra Southern Africa Pty Ltd;1;1;1;1
2026-07-01 00:00:00.000;2026 07;NAZ001;NAZARETH HOUSE;South Africa;South Africa;ZA;Lyra Southern Africa Pty Ltd;1;1;1;23
2026-07-01 00:00:00.000;2026 07;NBC001;NBCRFLI;South Africa;South Africa;ZA;Lyra Southern Africa Pty Ltd;1;1;1;1
2026-07-01 00:00:00.000;2026 07;NCCGROUP;NCC Group;Netherlands;;null;Lyra Health International Ltd;1;1;1;1
2026-07-01 00:00:00.000;2026 07;NCCGROUP;NCC Group;Netherlands;Netherlands;NL;Lyra Health International Ltd;1;1;1;9
2026-07-01 00:00:00.000;2026 07;NCCGROUP;NCC Group;Philippines;;null;Lyra Health International Ltd;2;2;3;3
2026-07-01 00:00:00.000;2026 07;NCCGROUP;NCC Group;Philippines;Philippines;PH;Lyra Health International Ltd;2;2;9;58
2026-07-01 00:00:00.000;2026 07;NCCGROUP;NCC Group;South Africa;;null;Lyra Health International Ltd;0;1;1;1
2026-07-01 00:00:00.000;2026 07;NCCGROUP;NCC Group;South Africa;Spain;ES;Lyra Health International Ltd;0;1;1;3
2026-07-01 00:00:00.000;2026 07;NCR010;National Credit Regulator;South Africa;South Africa;ZA;Lyra Southern Africa Pty Ltd;0;1;1;10
2026-07-01 00:00:00.000;2026 07;NED010;Nedscaper SA PTY Ltd;South Africa;;null;Lyra Southern Africa Pty Ltd;1;1;1;1
2026-07-01 00:00:00.000;2026 07;NED010;Nedscaper SA PTY Ltd;South Africa;South Africa;ZA;Lyra Southern Africa Pty Ltd;1;1;2;4
2026-07-01 00:00:00.000;2026 07;NES002;Nestle South Africa;South Africa;;null;Lyra Southern Africa Pty Ltd;5;5;5;5
2026-07-01 00:00:00.000;2026 07;NES002;Nestle South Africa;South Africa;South Africa;ZA;Lyra Southern Africa Pty Ltd;5;6;6;63
2026-07-01 00:00:00.000;2026 07;NES005;Nestle Zimbabwe;South Africa;;null;Lyra Southern Africa Pty Ltd;0;1;1;1
2026-07-01 00:00:00.000;2026 07;NES005;Nestle Zimbabwe;South Africa;Zimbabwe;ZW;Lyra Southern Africa Pty Ltd;0;1;1;3
2026-07-01 00:00:00.000;2026 07;NESRXLYRA;NESR (National Energy Services Reunited Corp.);Algeria;Algeria;DZ;Lyra Health International Ltd (DMCC) Branch (MENA);0;1;1;1
2026-07-01 00:00:00.000;2026 07;NESRXLYRA;NESR (National Energy Services Reunited Corp.);Egypt;;null;Lyra Health International Ltd (DMCC) Branch (MENA);0;1;1;1
2026-07-01 00:00:00.000;2026 07;NESRXLYRA;NESR (National Energy Services Reunited Corp.);Egypt;Egypt;EG;Lyra Health International Ltd (DMCC) Branch (MENA);0;2;5;49
2026-07-01 00:00:00.000;2026 07;NESRXLYRA;NESR (National Energy Services Reunited Corp.);United Arab Emirates;;null;Lyra Health International Ltd (DMCC) Branch (MENA);2;3;3;3
2026-07-01 00:00:00.000;2026 07;NESRXLYRA;NESR (National Energy Services Reunited Corp.);United Arab Emirates;United Arab Emirates;AE;Lyra Health International Ltd (DMCC) Branch (MENA);2;3;6;35
2026-07-01 00:00:00.000;2026 07;NESTLE;Nestlé;Austria;;null;Lyra Health International Ltd;0;1;1;1
2026-07-01 00:00:00.000;2026 07;NESTLE;Nestlé;Austria;United Arab Emirates;AE;Lyra Health International Ltd;0;1;1;4
2026-07-01 00:00:00.000;2026 07;NESTLE;Nestlé;Bahrain;Bahrain;BH;Lyra Health International Ltd;1;1;1;5
2026-07-01 00:00:00.000;2026 07;NESTLE;Nestlé;Egypt;;null;Lyra Health International Ltd;7;8;9;9
2026-07-01 00:00:00.000;2026 07;NESTLE;Nestlé;Egypt;Egypt;EG;Lyra Health International Ltd;7;9;11;79
2026-07-01 00:00:00.000;2026 07;NESTLE;Nestlé;Qatar;Qatar;QA;Lyra Health International Ltd;1;1;1;10
2026-07-01 00:00:00.000;2026 07;NESTLE;Nestlé;South Africa;Ghana;GH;Lyra Health International Ltd;1;1;11;61
2026-07-01 00:00:00.000;2026 07;NESTLE;Nestlé;United Arab Emirates;;null;Lyra Health International Ltd;2;2;2;2
2026-07-01 00:00:00.000;2026 07;NESTLE;Nestlé;United Arab Emirates;United Arab Emirates;AE;Lyra Health International Ltd;2;2;2;30
2026-07-01 00:00:00.000;2026 07;NESTLEESPANA;Nestle Waters;Netherlands;;null;Lyra Health International Ltd;1;1;1;1
2026-07-01 00:00:00.000;2026 07;NESTLEESPANA;Nestle Waters;Netherlands;Spain;ES;Lyra Health International Ltd;1;1;2;6
2026-07-01 00:00:00.000;2026 07;NESTLEESPANA;Nestle Waters;Spain;;null;Lyra Health International Ltd;10;10;11;11
2026-07-01 00:00:00.000;2026 07;NESTLEESPANA;Nestle Waters;Spain;Spain;ES;Lyra Health International Ltd;10;10;13;81
2026-07-01 00:00:00.000;2026 07;NET001;Netcare;South Africa;;null;Lyra Southern Africa Pty Ltd;108;121;130;138
2026-07-01 00:00:00.000;2026 07;NET001;Netcare;South Africa;South Africa;ZA;Lyra Southern Africa Pty Ltd;107;128;177;1024
2026-07-01 00:00:00.000;2026 07;NEWMONT;Newmont;Argentina;;null;Lyra Health International Ltd;1;1;1;1
2026-07-01 00:00:00.000;2026 07;NEWMONT;Newmont;Argentina;Argentina;AR;Lyra Health International Ltd;1;1;1;11
2026-07-01 00:00:00.000;2026 07;NEWMONT;Newmont;Australia;;null;Lyra Health International Ltd;28;28;29;29
2026-07-01 00:00:00.000;2026 07;NEWMONT;Newmont;Australia;Australia;AU;Lyra Health International Ltd;29;30;45;343
2026-07-01 00:00:00.000;2026 07;NEWMONT;Newmont;Canada;;null;Lyra Health International Ltd;19;20;20;20
2026-07-01 00:00:00.000;2026 07;NEWMONT;Newmont;Canada;Canada;CA;Lyra Health International Ltd;22;24;33;272
2026-07-01 00:00:00.000;2026 07;NEWMONT;Newmont;Costa Rica;;null;Lyra Health International Ltd;30;30;32;32
2026-07-01 00:00:00.000;2026 07;NEWMONT;Newmont;Costa Rica;Costa Rica;CR;Lyra Health International Ltd;27;27;44;276
2026-07-01 00:00:00.000;2026 07;NEWMONT;Newmont;Ghana;;null;Lyra Health International Ltd;8;10;12;12
2026-07-01 00:00:00.000;2026 07;NEWMONT;Newmont;Ghana;Ghana;GH;Lyra Health International Ltd;9;11;21;175
2026-07-01 00:00:00.000;2026 07;NEWMONT;Newmont;Mexico;Mexico;MX;Lyra Health International Ltd;0;1;1;3
2026-07-01 00:00:00.000;2026 07;NEWMONT;Newmont;Papua New Guinea;;null;Lyra Health International Ltd;2;2;2;2
2026-07-01 00:00:00.000;2026 07;NEWMONT;Newmont;Papua New Guinea;Papua New Guinea;PG;Lyra Health International Ltd;2;2;2;33
2026-07-01 00:00:00.000;2026 07;NEWMONT;Newmont;Peru;;null;Lyra Health International Ltd;1;2;2;2
2026-07-01 00:00:00.000;2026 07;NEWMONT;Newmont;Peru;Peru;PE;Lyra Health International Ltd;3;5;6;27
2026-07-01 00:00:00.000;2026 07;NEWMONT;Newmont;Singapore;;null;Lyra Health International Ltd;1;1;1;1
2026-07-01 00:00:00.000;2026 07;NEWMONT;Newmont;Singapore;Australia;AU;Lyra Health International Ltd;1;1;2;15
2026-07-01 00:00:00.000;2026 07;NEWMONT;Newmont;Suriname;;null;Lyra Health International Ltd;2;2;2;2
2026-07-01 00:00:00.000;2026 07;NEWMONT;Newmont;Suriname;Suriname;SR;Lyra Health International Ltd;2;2;2;14
2026-07-01 00:00:00.000;2026 07;NEWMONT;Newmont;United States of America;;null;Lyra Health International Ltd;11;12;13;13
2026-07-01 00:00:00.000;2026 07;NEWMONT;Newmont;United States of America;Australia;AU;Lyra Health International Ltd;1;1;2;41
2026-07-01 00:00:00.000;2026 07;NEWMONT;Newmont;United States of America;United States of America;US;Lyra Health International Ltd;10;12;13;149
2026-07-01 00:00:00.000;2026 07;NEX003;Nexio;South Africa;;null;Lyra Southern Africa Pty Ltd;1;1;1;1
2026-07-01 00:00:00.000;2026 07;NEX003;Nexio;South Africa;South Africa;ZA;Lyra Southern Africa Pty Ltd;1;1;1;2
2026-07-01 00:00:00.000;2026 07;NFB001;NFB Private Wealth Management JHB;South Africa;;null;Lyra Southern Africa Pty Ltd;3;4;4;4
2026-07-01 00:00:00.000;2026 07;NFB001;NFB Private Wealth Management JHB;South Africa;South Africa;ZA;Lyra Southern Africa Pty Ltd;3;4;6;78
2026-07-01 00:00:00.000;2026 07;NFM001;NFMW National Fund for Municipal Workers;South Africa;;null;Lyra Southern Africa Pty Ltd;1;1;1;1
2026-07-01 00:00:00.000;2026 07;NFM001;NFMW National Fund for Municipal Workers;South Africa;South Africa;ZA;Lyra Southern Africa Pty Ltd;1;1;1;3
2026-07-01 00:00:00.000;2026 07;NICE;NiCE;Canada;;null;Lyra Health International Ltd;2;2;2;2
2026-07-01 00:00:00.000;2026 07;NICE;NiCE;Canada;Canada;CA;Lyra Health International Ltd;2;2;2;20
2026-07-01 00:00:00.000;2026 07;NICE;NiCE;India;;null;Lyra Health International Ltd;1;2;2;2
2026-07-01 00:00:00.000;2026 07;NICE;NiCE;India;India;IN;Lyra Health International Ltd;2;4;4;25
2026-07-01 00:00:00.000;2026 07;NICE;NiCE;Philippines;;null;Lyra Health International Ltd;6;6;6;6
2026-07-01 00:00:00.000;2026 07;NICE;NiCE;Philippines;Philippines;PH;Lyra Health International Ltd;7;7;10;93
2026-07-01 00:00:00.000;2026 07;NICE;NiCE;South Africa;South Africa;ZA;Lyra Health International Ltd;0;1;1;3
2026-07-01 00:00:00.000;2026 07;NICE;NiCE;United Kingdom;;null;Lyra Health International Ltd;1;2;2;2
2026-07-01 00:00:00.000;2026 07;NICE;NiCE;United Kingdom;United Kingdom;GB;Lyra Health International Ltd;2;3;3;33
2026-07-01 00:00:00.000;2026 07;NICE;NiCE;United States of America;;null;Lyra Health International Ltd;20;24;24;29
2026-07-01 00:00:00.000;2026 07;NICE;NiCE;United States of America;Netherlands;NL;Lyra Health International Ltd;1;1;1;23
2026-07-01 00:00:00.000;2026 07;NICE;NiCE;United States of America;Philippines;PH;Lyra Health International Ltd;2;3;3;43
2026-07-01 00:00:00.000;2026 07;NICE;NiCE;United States of America;United States of America;US;Lyra Health International Ltd;17;21;30;204
2026-07-01 00:00:00.000;2026 07;NIENBURGHUB;Landkreis Nienburg-Weser;Germany;;null;Lyra Deutschland GmBH;3;4;4;5
2026-07-01 00:00:00.000;2026 07;NIENBURGHUB;Landkreis Nienburg-Weser;Germany;Germany;DE;Lyra Deutschland GmBH;6;8;11;119
2026-07-01 00:00:00.000;2026 07;NJI001;Njilo Consulting and Logistics;South Africa;;null;Lyra Southern Africa Pty Ltd;3;3;3;3
2026-07-01 00:00:00.000;2026 07;NJI001;Njilo Consulting and Logistics;South Africa;South Africa;ZA;Lyra Southern Africa Pty Ltd;2;2;3;10
2026-07-01 00:00:00.000;2026 07;NMI001;NMI South Africa;South Africa;;null;Lyra Southern Africa Pty Ltd;1;2;2;2
2026-07-01 00:00:00.000;2026 07;NMI001;NMI South Africa;South Africa;South Africa;ZA;Lyra Southern Africa Pty Ltd;0;1;2;9
2026-07-01 00:00:00.000;2026 07;NO001;No Valo Learning Centre Pty Ltd;South Africa;;null;Lyra Southern Africa Pty Ltd;3;3;3;3
2026-07-01 00:00:00.000;2026 07;NO001;No Valo Learning Centre Pty Ltd;South Africa;South Africa;ZA;Lyra Southern Africa Pty Ltd;3;3;7;26
2026-07-01 00:00:00.000;2026 07;NOR002;Northern Conference of the Seventh Day Adventist Church;South Africa;;null;Lyra Southern Africa Pty Ltd;2;2;2;2
2026-07-01 00:00:00.000;2026 07;NOR002;Northern Conference of the Seventh Day Adventist Church;South Africa;South Africa;ZA;Lyra Southern Africa Pty Ltd;2;3;8;54
2026-07-01 00:00:00.000;2026 07;NOR004;Northern Cape Department of Economic Development and Tourism;South Africa;;null;Lyra Southern Africa Pty Ltd;1;1;1;1
2026-07-01 00:00:00.000;2026 07;NOR004;Northern Cape Department of Economic Development and Tourism;South Africa;South Africa;ZA;Lyra Southern Africa Pty Ltd;1;3;4;26
2026-07-01 00:00:00.000;2026 07;NOR007;Northern Cape Provincial Treasury;South Africa;;null;Lyra Southern Africa Pty Ltd;3;3;3;3
2026-07-01 00:00:00.000;2026 07;NOR007;Northern Cape Provincial Treasury;South Africa;South Africa;ZA;Lyra Southern Africa Pty Ltd;6;7;8;23
2026-07-01 00:00:00.000;2026 07;NOR008;North Highland Sanlam EAP;South Africa;;null;Lyra Southern Africa Pty Ltd;1;1;1;1
2026-07-01 00:00:00.000;2026 07;NOR008;North Highland Sanlam EAP;South Africa;South Africa;ZA;Lyra Southern Africa Pty Ltd;1;1;2;18
2026-07-01 00:00:00.000;2026 07;NORTHEASTERNUNIVERSITY;Northeastern University;United Kingdom;;null;Lyra Health International Ltd;4;5;5;5
2026-07-01 00:00:00.000;2026 07;NORTHEASTERNUNIVERSITY;Northeastern University;United Kingdom;United Kingdom;GB;Lyra Health International Ltd;4;5;10;103
2026-07-01 00:00:00.000;2026 07;NORTHEASTERNUNIVERSITY;Northeastern University;United States of America;;null;Lyra Health International Ltd;1;1;1;3
2026-07-01 00:00:00.000;2026 07;NOVAEEAP;Novae Restauration;France;;null;Lyra Schweiz GmbH;1;1;1;2
2026-07-01 00:00:00.000;2026 07;NOVAEEAP;Novae Restauration;France;France;FR;Lyra Schweiz GmbH;1;1;2;12
2026-07-01 00:00:00.000;2026 07;NOVAEEAP;Novae Restauration;France;Switzerland;CH;Lyra Schweiz GmbH;0;1;1;1
2026-07-01 00:00:00.000;2026 07;NOVAEEAP;Novae Restauration;Switzerland;;null;Lyra Schweiz GmbH;2;2;2;2
2026-07-01 00:00:00.000;2026 07;NOVAEEAP;Novae Restauration;Switzerland;France;FR;Lyra Schweiz GmbH;1;1;1;6
2026-07-01 00:00:00.000;2026 07;NOVAEEAP;Novae Restauration;Switzerland;Switzerland;CH;Lyra Schweiz GmbH;1;1;1;3
2026-07-01 00:00:00.000;2026 07;NRB001;NRB Risk Solutions (Pty) Ltd;South Africa;South Africa;ZA;Lyra Southern Africa Pty Ltd;0;1;1;3
2026-07-01 00:00:00.000;2026 07;NUCLEUS;Nucleus Central;Singapore;;null;Lyra Health International Ltd;1;1;1;1
2026-07-01 00:00:00.000;2026 07;NUCLEUS;Nucleus Central;Singapore;Singapore;SG;Lyra Health International Ltd;1;1;2;3
2026-07-01 00:00:00.000;2026 07;NUR001;Nurture Shared Services Pty Ltd;South Africa;;null;Lyra Southern Africa Pty Ltd;6;8;8;8
2026-07-01 00:00:00.000;2026 07;NUR001;Nurture Shared Services Pty Ltd;South Africa;South Africa;ZA;Lyra Southern Africa Pty Ltd;6;8;9;50
2026-07-01 00:00:00.000;2026 07;NUTANIX;Nutanix;Australia;;null;Lyra Health International Ltd;1;1;1;1
2026-07-01 00:00:00.000;2026 07;NUTANIX;Nutanix;Australia;Australia;AU;Lyra Health International Ltd;1;1;1;5
2026-07-01 00:00:00.000;2026 07;NUTANIX;Nutanix;Canada;;null;Lyra Health International Ltd;1;1;1;1
2026-07-01 00:00:00.000;2026 07;NUTANIX;Nutanix;Canada;Canada;CA;Lyra Health International Ltd;1;2;5;53
2026-07-01 00:00:00.000;2026 07;NUTANIX;Nutanix;Germany;;null;Lyra Health International Ltd;4;4;4;4
2026-07-01 00:00:00.000;2026 07;NUTANIX;Nutanix;Germany;Italy;IT;Lyra Health International Ltd;1;1;1;8
2026-07-01 00:00:00.000;2026 07;NUTANIX;Nutanix;Germany;Netherlands;NL;Lyra Health International Ltd;1;2;2;13
2026-07-01 00:00:00.000;2026 07;NUTANIX;Nutanix;Germany;Serbia;RS;Lyra Health International Ltd;1;1;1;10
2026-07-01 00:00:00.000;2026 07;NUTANIX;Nutanix;Germany;Spain;ES;Lyra Health International Ltd;1;1;1;1
2026-07-01 00:00:00.000;2026 07;NUTANIX;Nutanix;Japan;;null;Lyra Health International Ltd;1;2;2;5
2026-07-01 00:00:00.000;2026 07;NUTANIX;Nutanix;Japan;Japan;JP;Lyra Health International Ltd;1;2;2;33
2026-07-01 00:00:00.000;2026 07;NUTANIX;Nutanix;Mexico;;null;Lyra Health International Ltd;0;1;1;1
2026-07-01 00:00:00.000;2026 07;NUTANIX;Nutanix;Mexico;Mexico;MX;Lyra Health International Ltd;0;1;2;49
2026-07-01 00:00:00.000;2026 07;NUTANIX;Nutanix;Netherlands;;null;Lyra Health International Ltd;1;1;1;1
2026-07-01 00:00:00.000;2026 07;NUTANIX;Nutanix;Netherlands;Netherlands;NL;Lyra Health International Ltd;1;1;1;18
2026-07-01 00:00:00.000;2026 07;NUTANIX;Nutanix;United Kingdom;;null;Lyra Health International Ltd;1;1;1;1
2026-07-01 00:00:00.000;2026 07;NUTANIX;Nutanix;United Kingdom;United Kingdom;GB;Lyra Health International Ltd;1;1;1;9
2026-07-01 00:00:00.000;2026 07;NUTANIX;Nutanix;United States of America;;null;Lyra Health International Ltd;2;2;2;5
2026-07-01 00:00:00.000;2026 07;NUTANIX;Nutanix;United States of America;Mexico;MX;Lyra Health International Ltd;1;1;1;2
2026-07-01 00:00:00.000;2026 07;NUTANIX;Nutanix;United States of America;Spain;ES;Lyra Health International Ltd;1;1;1;7
2026-07-01 00:00:00.000;2026 07;NYU;New York University;United Arab Emirates;;null;Lyra Health International Ltd;1;1;1;1
2026-07-01 00:00:00.000;2026 07;NYU;New York University;United Arab Emirates;United Arab Emirates;AE;Lyra Health International Ltd;2;2;2;6
2026-07-01 00:00:00.000;2026 07;NYU;New York University;United Kingdom;;null;Lyra Health International Ltd;1;1;1;1
2026-07-01 00:00:00.000;2026 07;NYU;New York University;United Kingdom;United Kingdom;GB;Lyra Health International Ltd;1;1;1;3
2026-07-01 00:00:00.000;2026 07;NYU;New York University;United States of America;;null;Lyra Health International Ltd;2;3;4;6
2026-07-01 00:00:00.000;2026 07;NYU;New York University;United States of America;Argentina;AR;Lyra Health International Ltd;1;1;1;6
2026-07-01 00:00:00.000;2026 07;NYU;New York University;United States of America;China;CN;Lyra Health International Ltd;1;1;1;2
2026-07-01 00:00:00.000;2026 07;OBE003;Oberthur Technologies South Africa Pty Ltd;South Africa;;null;Lyra Southern Africa Pty Ltd;0;1;1;1
2026-07-01 00:00:00.000;2026 07;OBE003;Oberthur Technologies South Africa Pty Ltd;South Africa;South Africa;ZA;Lyra Southern Africa Pty Ltd;0;1;5;10
2026-07-01 00:00:00.000;2026 07;OCLC;OCLC;Netherlands;;null;Lyra Health International Ltd;1;1;1;1
2026-07-01 00:00:00.000;2026 07;OCLC;OCLC;United Kingdom;;null;Lyra Health International Ltd;1;1;1;1
2026-07-01 00:00:00.000;2026 07;OCLC;OCLC;United Kingdom;United Kingdom;GB;Lyra Health International Ltd;1;1;1;5
2026-07-01 00:00:00.000;2026 07;OCLC;OCLC;United States of America;;null;Lyra Health International Ltd;1;1;1;1
2026-07-01 00:00:00.000;2026 07;OCLC;OCLC;United States of America;Australia;AU;Lyra Health International Ltd;1;1;1;8
2026-07-01 00:00:00.000;2026 07;ODE001;ODEK Technologies;South Africa;;null;Lyra Southern Africa Pty Ltd;1;1;1;1
2026-07-01 00:00:00.000;2026 07;ODE001;ODEK Technologies;South Africa;South Africa;ZA;Lyra Southern Africa Pty Ltd;1;1;3;20
2026-07-01 00:00:00.000;2026 07;ODEON;Odeon Cinemas Group;France;;null;Lyra Health International Ltd;1;1;1;1
2026-07-01 00:00:00.000;2026 07;ODEON;Odeon Cinemas Group;France;Spain;ES;Lyra Health International Ltd;1;1;1;19
2026-07-01 00:00:00.000;2026 07;ODEON;Odeon Cinemas Group;Italy;;null;Lyra Health International Ltd;2;2;2;2
2026-07-01 00:00:00.000;2026 07;ODEON;Odeon Cinemas Group;Italy;Italy;IT;Lyra Health International Ltd;2;2;3;39
2026-07-01 00:00:00.000;2026 07;ODEON;Odeon Cinemas Group;United Kingdom;;null;Lyra Health International Ltd;23;23;25;25
2026-07-01 00:00:00.000;2026 07;ODEON;Odeon Cinemas Group;United Kingdom;United Kingdom;GB;Lyra Health International Ltd;22;22;28;206
2026-07-01 00:00:00.000;2026 07;OIL002;Aquarius MOGS Saldanha (RF) Pty Ltd;South Africa;;null;Lyra Southern Africa Pty Ltd;1;1;1;1
2026-07-01 00:00:00.000;2026 07;OIL002;Aquarius MOGS Saldanha (RF) Pty Ltd;South Africa;South Africa;ZA;Lyra Southern Africa Pty Ltd;1;1;1;10
2026-07-01 00:00:00.000;2026 07;OLD001;Old Mutual;Ghana;Ghana;GH;Lyra Southern Africa Pty Ltd;1;1;1;7
2026-07-01 00:00:00.000;2026 07;OLD001;Old Mutual;Malawi;;null;Lyra Southern Africa Pty Ltd;16;18;18;18
2026-07-01 00:00:00.000;2026 07;OLD001;Old Mutual;Malawi;Malawi;MW;Lyra Southern Africa Pty Ltd;16;18;22;156
2026-07-01 00:00:00.000;2026 07;OLD001;Old Mutual;Namibia;;null;Lyra Southern Africa Pty Ltd;0;1;1;1
2026-07-01 00:00:00.000;2026 07;OLD001;Old Mutual;Namibia;Namibia;NA;Lyra Southern Africa Pty Ltd;1;2;2;4
2026-07-01 00:00:00.000;2026 07;OLD001;Old Mutual;South Africa;;null;Lyra Southern Africa Pty Ltd;118;139;143;143
2026-07-01 00:00:00.000;2026 07;OLD001;Old Mutual;South Africa;Malawi;MW;Lyra Southern Africa Pty Ltd;0;1;1;2
2026-07-01 00:00:00.000;2026 07;OLD001;Old Mutual;South Africa;South Africa;ZA;Lyra Southern Africa Pty Ltd;134;163;265;1798
2026-07-01 00:00:00.000;2026 07;OLD001;Old Mutual;United Kingdom;South Africa;ZA;Lyra Southern Africa Pty Ltd;1;1;1;1
2026-07-01 00:00:00.000;2026 07;OLL;ABP - Olleco;Spain;;null;Lyra UK & Ireland Ltd;0;1;1;1
2026-07-01 00:00:00.000;2026 07;OLL;ABP - Olleco;Spain;Spain;ES;Lyra UK & Ireland Ltd;0;2;2;9
2026-07-01 00:00:00.000;2026 07;OLL;ABP - Olleco;United Kingdom;;null;Lyra UK & Ireland Ltd;2;4;4;4
2026-07-01 00:00:00.000;2026 07;OLL;ABP - Olleco;United Kingdom;United Kingdom;GB;Lyra UK & Ireland Ltd;2;4;8;74
2026-07-01 00:00:00.000;2026 07;OM001;OMS Medical PTY LTD;South Africa;;null;Lyra Southern Africa Pty Ltd;3;3;3;3
2026-07-01 00:00:00.000;2026 07;OM001;OMS Medical PTY LTD;South Africa;South Africa;ZA;Lyra Southern Africa Pty Ltd;3;4;6;29
2026-07-01 00:00:00.000;2026 07;OMN002;Omnicontact International;South Africa;South Africa;ZA;Lyra Southern Africa Pty Ltd;1;1;1;1
2026-07-01 00:00:00.000;2026 07;OMPHARMAEAP;OM Pharma SA;Switzerland;;null;Lyra Schweiz GmbH;1;1;1;1
2026-07-01 00:00:00.000;2026 07;ONE001;OneNebula;South Africa;;null;Lyra Southern Africa Pty Ltd;1;1;1;1
2026-07-01 00:00:00.000;2026 07;ONE001;OneNebula;South Africa;South Africa;ZA;Lyra Southern Africa Pty Ltd;1;1;1;3
2026-07-01 00:00:00.000;2026 07;ONEEAP;The One Campaign;Nigeria;;null;Lyra Health International Ltd;1;1;1;1
2026-07-01 00:00:00.000;2026 07;ONEEAP;The One Campaign;Nigeria;Nigeria;NG;Lyra Health International Ltd;1;1;3;3
2026-07-01 00:00:00.000;2026 07;ONZ001;Onze Rust Primary;South Africa;;null;Lyra Southern Africa Pty Ltd;1;2;2;2
2026-07-01 00:00:00.000;2026 07;ONZ001;Onze Rust Primary;South Africa;South Africa;ZA;Lyra Southern Africa Pty Ltd;1;2;2;27
2026-07-01 00:00:00.000;2026 07;OPE003;Open Fibre Pty Ltd;South Africa;;null;Lyra Southern Africa Pty Ltd;3;4;5;5
2026-07-01 00:00:00.000;2026 07;OPE003;Open Fibre Pty Ltd;South Africa;South Africa;ZA;Lyra Southern Africa Pty Ltd;3;4;5;40
2026-07-01 00:00:00.000;2026 07;ORANGEHUB;Orange Botswana;Botswana;;null;ICAS Botswana;9;9;9;9
2026-07-01 00:00:00.000;2026 07;ORANGEHUB;Orange Botswana;Botswana;Botswana;BW;ICAS Botswana;9;9;19;236
2026-07-01 00:00:00.000;2026 07;ORBICOTEST;Orbico (Test Preview);South Africa;Poland;PL;Lyra Health International Ltd;0;1;1;10
2026-07-01 00:00:00.000;2026 07;ORICA;Orica UK Ltd;Australia;;null;Lyra Health International Ltd;1;1;1;1
2026-07-01 00:00:00.000;2026 07;ORICA;Orica UK Ltd;Australia;South Africa;ZA;Lyra Health International Ltd;1;1;1;4
2026-07-01 00:00:00.000;2026 07;ORICA;Orica UK Ltd;Indonesia;;null;Lyra Health International Ltd;1;1;1;1
2026-07-01 00:00:00.000;2026 07;ORICA;Orica UK Ltd;Kazakhstan;;null;Lyra Health International Ltd;1;1;1;1
2026-07-01 00:00:00.000;2026 07;ORICA;Orica UK Ltd;Kazakhstan;Kazakhstan;KZ;Lyra Health International Ltd;1;1;1;10
2026-07-01 00:00:00.000;2026 07;ORICA;Orica UK Ltd;South Africa;South Africa;ZA;Lyra Health International Ltd;0;1;1;2
2026-07-01 00:00:00.000;2026 07;ORICA;Orica UK Ltd;Sweden;;null;Lyra Health International Ltd;1;1;1;1
2026-07-01 00:00:00.000;2026 07;ORICA;Orica UK Ltd;Sweden;Sweden;SE;Lyra Health International Ltd;1;1;1;2
2026-07-01 00:00:00.000;2026 07;ORICA;Orica UK Ltd;United Kingdom;;null;Lyra Health International Ltd;1;1;1;1
2026-07-01 00:00:00.000;2026 07;ORICA;Orica UK Ltd;United Kingdom;United Kingdom;GB;Lyra Health International Ltd;2;2;2;3
2026-07-01 00:00:00.000;2026 07;ORICA;Orica UK Ltd;United States of America;;null;Lyra Health International Ltd;1;1;1;1
2026-07-01 00:00:00.000;2026 07;ORICA;Orica UK Ltd;United States of America;South Africa;ZA;Lyra Health International Ltd;1;1;1;3
2026-07-01 00:00:00.000;2026 07;ORPHALAN;Orphalan;Malta;;null;Lyra Health International Ltd;1;1;1;1
2026-07-01 00:00:00.000;2026 07;ORPHALAN;Orphalan;Malta;Malta;MT;Lyra Health International Ltd;2;2;3;11
2026-07-01 00:00:00.000;2026 07;OTR001;Otraco Southern Africa;South Africa;South Africa;ZA;Lyra Southern Africa Pty Ltd;0;1;1;3
2026-07-01 00:00:00.000;2026 07;OTSUKAEAP;Otsuka Deutschland;Germany;;null;Lyra Deutschland GmBH;1;1;1;1
2026-07-01 00:00:00.000;2026 07;OTSUKAEAP;Otsuka Deutschland;Germany;Germany;DE;Lyra Deutschland GmBH;1;1;1;4
2026-07-01 00:00:00.000;2026 07;OUT001;Outsurance;South Africa;;null;Lyra Southern Africa Pty Ltd;33;41;45;50
2026-07-01 00:00:00.000;2026 07;OUT001;Outsurance;South Africa;South Africa;ZA;Lyra Southern Africa Pty Ltd;33;45;80;426
2026-07-01 00:00:00.000;2026 07;OXY;Oxy;United States of America;;null;;3;3;4;4
2026-07-01 00:00:00.000;2026 07;OXY;Oxy;United States of America;United Kingdom;GB;;1;1;1;4
2026-07-01 00:00:00.000;2026 07;PAC001;PACT SA;South Africa;;null;Lyra Southern Africa Pty Ltd;1;1;1;1
2026-07-01 00:00:00.000;2026 07;PAC001;PACT SA;South Africa;South Africa;ZA;Lyra Southern Africa Pty Ltd;1;1;1;1
2026-07-01 00:00:00.000;2026 07;PAGEAPACHUB22;Page Group APAC;Australia;;null;Lyra Health International Ltd;2;3;3;3
2026-07-01 00:00:00.000;2026 07;PAGEAPACHUB22;Page Group APAC;Australia;Australia;AU;Lyra Health International Ltd;2;3;4;15
2026-07-01 00:00:00.000;2026 07;PAGEAPACHUB22;Page Group APAC;Japan;;null;Lyra Health International Ltd;1;1;1;1
2026-07-01 00:00:00.000;2026 07;PAGEAPACHUB22;Page Group APAC;Japan;Japan;JP;Lyra Health International Ltd;1;1;2;8
2026-07-01 00:00:00.000;2026 07;PAGEAPACHUB22;Page Group APAC;Philippines;;null;Lyra Health International Ltd;2;2;2;2
2026-07-01 00:00:00.000;2026 07;PAGEAPACHUB22;Page Group APAC;Philippines;Philippines;PH;Lyra Health International Ltd;3;3;4;23
2026-07-01 00:00:00.000;2026 07;PAGEAPACHUB22;Page Group APAC;Singapore;;null;Lyra Health International Ltd;2;2;2;2
2026-07-01 00:00:00.000;2026 07;PAGEAPACHUB22;Page Group APAC;Singapore;Singapore;SG;Lyra Health International Ltd;3;3;5;57
2026-07-01 00:00:00.000;2026 07;PAGEGROUPEU;Page Group Europe;Belgium;;null;Lyra Health International Ltd;1;1;1;1
2026-07-01 00:00:00.000;2026 07;PAGEGROUPEU;Page Group Europe;Belgium;Belgium;BE;Lyra Health International Ltd;1;1;1;3
2026-07-01 00:00:00.000;2026 07;PAGEGROUPEU;Page Group Europe;France;;null;Lyra Health International Ltd;1;1;1;1
2026-07-01 00:00:00.000;2026 07;PAGEGROUPEU;Page Group Europe;France;France;FR;Lyra Health International Ltd;1;1;1;4
2026-07-01 00:00:00.000;2026 07;PAGEGROUPEU;Page Group Europe;Germany;;null;Lyra Health International Ltd;1;1;1;1
2026-07-01 00:00:00.000;2026 07;PAGEGROUPEU;Page Group Europe;Germany;Austria;AT;Lyra Health International Ltd;1;1;1;5
2026-07-01 00:00:00.000;2026 07;PAGEGROUPEU;Page Group Europe;Italy;;null;Lyra Health International Ltd;2;2;2;2
2026-07-01 00:00:00.000;2026 07;PAGEGROUPEU;Page Group Europe;Italy;Italy;IT;Lyra Health International Ltd;2;2;2;8
2026-07-01 00:00:00.000;2026 07;PAGEGROUPEU;Page Group Europe;Portugal;;null;Lyra Health International Ltd;1;1;1;1
2026-07-01 00:00:00.000;2026 07;PAGEGROUPEU;Page Group Europe;Portugal;Portugal;PT;Lyra Health International Ltd;1;1;1;5
2026-07-01 00:00:00.000;2026 07;PAGEGROUPEU;Page Group Europe;Spain;;null;Lyra Health International Ltd;3;3;3;3
2026-07-01 00:00:00.000;2026 07;PAGEGROUPEU;Page Group Europe;Spain;Spain;ES;Lyra Health International Ltd;4;4;4;29
2026-07-01 00:00:00.000;2026 07;PAN001;Pan Africa Media NPC;South Africa;;null;Lyra Southern Africa Pty Ltd;0;1;1;1
2026-07-01 00:00:00.000;2026 07;PAN001;Pan Africa Media NPC;South Africa;South Africa;ZA;Lyra Southern Africa Pty Ltd;0;1;1;6
2026-07-01 00:00:00.000;2026 07;PAN003;Pan Africa ILGA;Ghana;;null;Lyra Southern Africa Pty Ltd;1;1;1;1
2026-07-01 00:00:00.000;2026 07;PAN003;Pan Africa ILGA;Ghana;South Africa;ZA;Lyra Southern Africa Pty Ltd;1;1;1;1
2026-07-01 00:00:00.000;2026 07;PAN003;Pan Africa ILGA;South Africa;;null;Lyra Southern Africa Pty Ltd;0;1;1;1
2026-07-01 00:00:00.000;2026 07;PAN003;Pan Africa ILGA;South Africa;South Africa;ZA;Lyra Southern Africa Pty Ltd;0;2;3;16
2026-07-01 00:00:00.000;2026 07;PAN006;Pan South African Language Board;South Africa;;null;Lyra Southern Africa Pty Ltd;4;6;6;6
2026-07-01 00:00:00.000;2026 07;PAN006;Pan South African Language Board;South Africa;South Africa;ZA;Lyra Southern Africa Pty Ltd;5;7;9;51
2026-07-01 00:00:00.000;2026 07;PANALOKHWM;Panalok Limited;United Kingdom;;null;Lyra Health International Ltd;1;1;2;2
2026-07-01 00:00:00.000;2026 07;PANALOKHWM;Panalok Limited;United Kingdom;Ireland;IE;Lyra Health International Ltd;1;1;1;3
2026-07-01 00:00:00.000;2026 07;PARKEREAP;Parker;Germany;;null;Lyra Deutschland GmBH;0;1;1;1
2026-07-01 00:00:00.000;2026 07;PARKEREAP;Parker;Germany;Germany;DE;Lyra Deutschland GmBH;1;2;2;6
2026-07-01 00:00:00.000;2026 07;PAYMENTOLOGY;Paymentology Ltd;El Salvador;;null;Lyra Health International Ltd;1;1;1;1
2026-07-01 00:00:00.000;2026 07;PAYMENTOLOGY;Paymentology Ltd;El Salvador;El Salvador;SV;Lyra Health International Ltd;1;1;1;3
2026-07-01 00:00:00.000;2026 07;PAYMENTOLOGY;Paymentology Ltd;France;;null;Lyra Health International Ltd;1;1;1;1
2026-07-01 00:00:00.000;2026 07;PAYMENTOLOGY;Paymentology Ltd;France;France;FR;Lyra Health International Ltd;1;1;1;21
2026-07-01 00:00:00.000;2026 07;PAYMENTOLOGY;Paymentology Ltd;South Africa;;null;Lyra Health International Ltd;2;2;2;2
2026-07-01 00:00:00.000;2026 07;PAYMENTOLOGY;Paymentology Ltd;South Africa;South Africa;ZA;Lyra Health International Ltd;2;2;14;29
2026-07-01 00:00:00.000;2026 07;PAYMENTOLOGY;Paymentology Ltd;United Kingdom;;null;Lyra Health International Ltd;1;1;1;1
2026-07-01 00:00:00.000;2026 07;PEAK;peak scientific;South Africa;;null;Lyra Health International Ltd;0;1;2;2
2026-07-01 00:00:00.000;2026 07;PEAK;peak scientific;South Africa;France;FR;Lyra Health International Ltd;0;1;1;5
2026-07-01 00:00:00.000;2026 07;PEC001;PEC Utility Management;South Africa;;null;Lyra Southern Africa Pty Ltd;5;8;8;8
2026-07-01 00:00:00.000;2026 07;PEC001;PEC Utility Management;South Africa;South Africa;ZA;Lyra Southern Africa Pty Ltd;5;9;14;66
2026-07-01 00:00:00.000;2026 07;PEI001;PEI Pretoria Eye Institute;South Africa;;null;Lyra Southern Africa Pty Ltd;1;1;1;1
2026-07-01 00:00:00.000;2026 07;PEI001;PEI Pretoria Eye Institute;South Africa;South Africa;ZA;Lyra Southern Africa Pty Ltd;1;1;1;5
2026-07-01 00:00:00.000;2026 07;PENUMBRA;Penumbra;Costa Rica;;null;Lyra Health International Ltd;17;17;17;17
2026-07-01 00:00:00.000;2026 07;PENUMBRA;Penumbra;Costa Rica;Costa Rica;CR;Lyra Health International Ltd;17;17;24;187
2026-07-01 00:00:00.000;2026 07;PEP001;PepsiCo SA;South Africa;;null;Lyra Southern Africa Pty Ltd;3;3;3;3
2026-07-01 00:00:00.000;2026 07;PEP001;PepsiCo SA;South Africa;South Africa;ZA;Lyra Southern Africa Pty Ltd;3;4;5;27
2026-07-01 00:00:00.000;2026 07;PEPPERSTONES;Pepperstone Operations;Malaysia;;null;Lyra Health International Ltd;2;2;2;2
2026-07-01 00:00:00.000;2026 07;PEPPERSTONES;Pepperstone Operations;Malaysia;Malaysia;MY;Lyra Health International Ltd;2;2;2;29
2026-07-01 00:00:00.000;2026 07;PEPSICO;Pepsico;Australia;;null;Lyra Health International Ltd;4;5;5;5
2026-07-01 00:00:00.000;2026 07;PEPSICO;Pepsico;Australia;Australia;AU;Lyra Health International Ltd;3;4;4;49
2026-07-01 00:00:00.000;2026 07;PEPSICO;Pepsico;Belgium;;null;Lyra Health International Ltd;4;4;4;4
2026-07-01 00:00:00.000;2026 07;PEPSICO;Pepsico;Belgium;Belgium;BE;Lyra Health International Ltd;3;3;5;58
2026-07-01 00:00:00.000;2026 07;PEPSICO;Pepsico;Botswana;;null;Lyra Health International Ltd;2;2;2;2
2026-07-01 00:00:00.000;2026 07;PEPSICO;Pepsico;Botswana;Botswana;BW;Lyra Health International Ltd;2;4;4;8
2026-07-01 00:00:00.000;2026 07;PEPSICO;Pepsico;Brazil;;null;Lyra Health International Ltd;2;2;2;2
2026-07-01 00:00:00.000;2026 07;PEPSICO;Pepsico;Brazil;Brazil;BR;Lyra Health International Ltd;2;2;2;17
2026-07-01 00:00:00.000;2026 07;PEPSICO;Pepsico;Canada;;null;Lyra Health International Ltd;2;2;2;2
2026-07-01 00:00:00.000;2026 07;PEPSICO;Pepsico;Canada;Canada;CA;Lyra Health International Ltd;2;2;2;19
2026-07-01 00:00:00.000;2026 07;PEPSICO;Pepsico;Chile;;null;Lyra Health International Ltd;0;1;1;1
2026-07-01 00:00:00.000;2026 07;PEPSICO;Pepsico;Chile;Chile;CL;Lyra Health International Ltd;0;1;2;13
2026-07-01 00:00:00.000;2026 07;PEPSICO;Pepsico;Colombia;;null;Lyra Health International Ltd;1;1;1;1
2026-07-01 00:00:00.000;2026 07;PEPSICO;Pepsico;Colombia;Colombia;CO;Lyra Health International Ltd;1;1;1;2
2026-07-01 00:00:00.000;2026 07;PEPSICO;Pepsico;Costa Rica;;null;Lyra Health International Ltd;3;3;3;3
2026-07-01 00:00:00.000;2026 07;PEPSICO;Pepsico;Costa Rica;Costa Rica;CR;Lyra Health International Ltd;3;3;3;20
2026-07-01 00:00:00.000;2026 07;PEPSICO;Pepsico;Ecuador;Ecuador;EC;Lyra Health International Ltd;1;1;1;1
2026-07-01 00:00:00.000;2026 07;PEPSICO;Pepsico;Ethiopia;Ethiopia;ET;Lyra Health International Ltd;0;1;1;7
2026-07-01 00:00:00.000;2026 07;PEPSICO;Pepsico;Finland;;null;Lyra Health International Ltd;1;1;1;1
2026-07-01 00:00:00.000;2026 07;PEPSICO;Pepsico;Finland;Russia;RU;Lyra Health International Ltd;1;1;1;1
2026-07-01 00:00:00.000;2026 07;PEPSICO;Pepsico;Germany;;null;Lyra Health International Ltd;1;2;2;2
2026-07-01 00:00:00.000;2026 07;PEPSICO;Pepsico;Germany;Germany;DE;Lyra Health International Ltd;1;2;2;25
2026-07-01 00:00:00.000;2026 07;PEPSICO;Pepsico;Guatemala;;null;Lyra Health International Ltd;1;1;1;1
2026-07-01 00:00:00.000;2026 07;PEPSICO;Pepsico;India;;null;Lyra Health International Ltd;10;16;16;17
2026-07-01 00:00:00.000;2026 07;PEPSICO;Pepsico;India;India;IN;Lyra Health International Ltd;11;18;24;271
2026-07-01 00:00:00.000;2026 07;PEPSICO;Pepsico;Kazakhstan;;null;Lyra Health International Ltd;1;1;1;1
2026-07-01 00:00:00.000;2026 07;PEPSICO;Pepsico;Kazakhstan;Kazakhstan;KZ;Lyra Health International Ltd;1;1;1;3
2026-07-01 00:00:00.000;2026 07;PEPSICO;Pepsico;Mexico;;null;Lyra Health International Ltd;20;22;22;22
2026-07-01 00:00:00.000;2026 07;PEPSICO;Pepsico;Mexico;Mexico;MX;Lyra Health International Ltd;23;26;38;409
2026-07-01 00:00:00.000;2026 07;PEPSICO;Pepsico;Mexico;Vietnam;VN;Lyra Health International Ltd;1;1;1;2
2026-07-01 00:00:00.000;2026 07;PEPSICO;Pepsico;Netherlands;;null;Lyra Health International Ltd;1;2;2;3
2026-07-01 00:00:00.000;2026 07;PEPSICO;Pepsico;Netherlands;Spain;ES;Lyra Health International Ltd;1;1;1;4
2026-07-01 00:00:00.000;2026 07;PEPSICO;Pepsico;Nigeria;Nigeria;NG;Lyra Health International Ltd;1;1;1;5
2026-07-01 00:00:00.000;2026 07;PEPSICO;Pepsico;Pakistan;Pakistan;PK;Lyra Health International Ltd;1;1;1;1
2026-07-01 00:00:00.000;2026 07;PEPSICO;Pepsico;Peru;;null;Lyra Health International Ltd;2;2;2;2
2026-07-01 00:00:00.000;2026 07;PEPSICO;Pepsico;Peru;Peru;PE;Lyra Health International Ltd;2;2;3;18
2026-07-01 00:00:00.000;2026 07;PEPSICO;Pepsico;Poland;Poland;PL;Lyra Health International Ltd;0;1;1;4
2026-07-01 00:00:00.000;2026 07;PEPSICO;Pepsico;Saudi Arabia;;null;Lyra Health International Ltd;1;1;1;1
2026-07-01 00:00:00.000;2026 07;PEPSICO;Pepsico;Saudi Arabia;Saudi Arabia;SA;Lyra Health International Ltd;1;1;1;11
2026-07-01 00:00:00.000;2026 07;PEPSICO;Pepsico;Singapore;;null;Lyra Health International Ltd;1;2;2;5
2026-07-01 00:00:00.000;2026 07;PEPSICO;Pepsico;Singapore;India;IN;Lyra Health International Ltd;0;1;1;3
2026-07-01 00:00:00.000;2026 07;PEPSICO;Pepsico;Singapore;Thailand;TH;Lyra Health International Ltd;1;1;2;11
2026-07-01 00:00:00.000;2026 07;PEPSICO;Pepsico;South Africa;;null;Lyra Health International Ltd;12;12;12;12
2026-07-01 00:00:00.000;2026 07;PEPSICO;Pepsico;South Africa;South Africa;ZA;Lyra Health International Ltd;13;13;24;163
2026-07-01 00:00:00.000;2026 07;PEPSICO;Pepsico;Thailand;;null;Lyra Health International Ltd;1;1;1;1
2026-07-01 00:00:00.000;2026 07;PEPSICO;Pepsico;Thailand;Thailand;TH;Lyra Health International Ltd;1;1;1;40
2026-07-01 00:00:00.000;2026 07;PEPSICO;Pepsico;Turkey;;null;Lyra Health International Ltd;8;8;8;9
2026-07-01 00:00:00.000;2026 07;PEPSICO;Pepsico;Turkey;Turkey;TR;Lyra Health International Ltd;9;9;13;102
2026-07-01 00:00:00.000;2026 07;PEPSICO;Pepsico;United Kingdom;;null;Lyra Health International Ltd;2;2;2;2
2026-07-01 00:00:00.000;2026 07;PEPSICO;Pepsico;United Kingdom;Portugal;PT;Lyra Health International Ltd;1;1;1;2
2026-07-01 00:00:00.000;2026 07;PEPSICO;Pepsico;United Kingdom;South Africa;ZA;Lyra Health International Ltd;1;1;1;2
2026-07-01 00:00:00.000;2026 07;PEPSICO;Pepsico;United States of America;;null;Lyra Health International Ltd;6;7;7;10
2026-07-01 00:00:00.000;2026 07;PEPSICO;Pepsico;United States of America;Canada;CA;Lyra Health International Ltd;1;1;1;22
2026-07-01 00:00:00.000;2026 07;PEPSICO;Pepsico;United States of America;Dominican Republic;DO;Lyra Health International Ltd;0;1;3;17
2026-07-01 00:00:00.000;2026 07;PEPSICO;Pepsico;United States of America;Georgia;GE;Lyra Health International Ltd;1;1;1;6
2026-07-01 00:00:00.000;2026 07;PEPSICO;Pepsico;United States of America;Mexico;MX;Lyra Health International Ltd;1;1;1;3
2026-07-01 00:00:00.000;2026 07;PEPSICO;Pepsico;Venezuela;;null;Lyra Health International Ltd;0;1;2;2
2026-07-01 00:00:00.000;2026 07;PEPSICO;Pepsico;Venezuela;Venezuela;VE;Lyra Health International Ltd;0;1;4;31
2026-07-01 00:00:00.000;2026 07;PERSONIFYHUB;Virgin Pulse;Austria;;null;Lyra Health International Ltd;1;1;1;1
2026-07-01 00:00:00.000;2026 07;PERSONIFYHUB;Virgin Pulse;Austria;Bosnia and Herzegovina;BA;Lyra Health International Ltd;1;1;1;4
2026-07-01 00:00:00.000;2026 07;PERSONIFYHUB;Virgin Pulse;United Kingdom;;null;Lyra Health International Ltd;2;2;2;2
2026-07-01 00:00:00.000;2026 07;PERSONIFYHUB;Virgin Pulse;United Kingdom;United Kingdom;GB;Lyra Health International Ltd;2;2;4;27
2026-07-01 00:00:00.000;2026 07;PF;Pierre Fabre;Australia;;null;Lyra Health International Ltd;2;2;3;3
2026-07-01 00:00:00.000;2026 07;PF;Pierre Fabre;Australia;Australia;AU;Lyra Health International Ltd;2;2;2;3
2026-07-01 00:00:00.000;2026 07;PF;Pierre Fabre;France;;null;Lyra Health International Ltd;1;1;1;1
2026-07-01 00:00:00.000;2026 07;PFXICAS;PropertyFinder FZ LLZ;Turkey;Turkey;TR;Lyra Health International Ltd (DMCC) Branch (MENA);0;1;1;2
2026-07-01 00:00:00.000;2026 07;PFXICAS;PropertyFinder FZ LLZ;United Arab Emirates;;null;Lyra Health International Ltd (DMCC) Branch (MENA);1;1;1;1
2026-07-01 00:00:00.000;2026 07;PFXICAS;PropertyFinder FZ LLZ;United Arab Emirates;United Arab Emirates;AE;Lyra Health International Ltd (DMCC) Branch (MENA);2;2;2;7
2026-07-01 00:00:00.000;2026 07;PFXICAS;PropertyFinder FZ LLZ;United States of America;;null;Lyra Health International Ltd (DMCC) Branch (MENA);1;1;1;1
2026-07-01 00:00:00.000;2026 07;PFXICAS;PropertyFinder FZ LLZ;United States of America;United Arab Emirates;AE;Lyra Health International Ltd (DMCC) Branch (MENA);1;1;2;11
2026-07-01 00:00:00.000;2026 07;PGIMHUB22;PGIM;Mexico;Mexico;MX;Lyra Health International Ltd;1;1;2;22
2026-07-01 00:00:00.000;2026 07;PGIMHUB22;PGIM;United Kingdom;;null;Lyra Health International Ltd;1;1;1;1
2026-07-01 00:00:00.000;2026 07;PGIMHUB22;PGIM;United Kingdom;United Kingdom;GB;Lyra Health International Ltd;1;1;2;8
2026-07-01 00:00:00.000;2026 07;PGIMHUB22;PGIM;United States of America;;null;Lyra Health International Ltd;3;3;3;3
2026-07-01 00:00:00.000;2026 07;PGIMHUB22;PGIM;United States of America;Mexico;MX;Lyra Health International Ltd;1;1;2;29
2026-07-01 00:00:00.000;2026 07;PHA001;Pharmadynamics ASI;South Africa;;null;Lyra Southern Africa Pty Ltd;3;3;3;3
2026-07-01 00:00:00.000;2026 07;PHA001;Pharmadynamics ASI;South Africa;South Africa;ZA;Lyra Southern Africa Pty Ltd;3;4;4;14
2026-07-01 00:00:00.000;2026 07;PHCASCENSIA;Ascensia Diabetes Care UK Limited;China;;null;Lyra Health International Ltd;2;2;2;2
2026-07-01 00:00:00.000;2026 07;PHCASCENSIA;Ascensia Diabetes Care UK Limited;China;China;CN;Lyra Health International Ltd;2;2;4;32
2026-07-01 00:00:00.000;2026 07;PIDMMY;Perbadanan Insurans Deposit Malaysia;Malaysia;;null;Lyra Health Malaysia Sdn Bhd;2;3;4;5
2026-07-01 00:00:00.000;2026 07;PIDMMY;Perbadanan Insurans Deposit Malaysia;Malaysia;Malaysia;MY;Lyra Health Malaysia Sdn Bhd;2;4;5;47
2026-07-01 00:00:00.000;2026 07;PIERREFABRE;Pierre Fabre;Austria;;null;Lyra Health International Ltd;1;1;1;1
2026-07-01 00:00:00.000;2026 07;PIERREFABRE;Pierre Fabre;Austria;Slovakia;SK;Lyra Health International Ltd;1;1;1;3
2026-07-01 00:00:00.000;2026 07;PIERREFABRE;Pierre Fabre;Italy;;null;Lyra Health International Ltd;1;1;1;1
2026-07-01 00:00:00.000;2026 07;PIERREFABRE;Pierre Fabre;Italy;Italy;IT;Lyra Health International Ltd;1;1;1;4
2026-07-01 00:00:00.000;2026 07;PIERREFABRE;Pierre Fabre;Republic of Korea;;null;Lyra Health International Ltd;2;2;2;2
2026-07-01 00:00:00.000;2026 07;PIERREFABRE;Pierre Fabre;Republic of Korea;Republic of Korea;KR;Lyra Health International Ltd;2;2;2;30
2026-07-01 00:00:00.000;2026 07;PIERREFABRE;Pierre Fabre;Taiwan (Republic of China);;null;Lyra Health International Ltd;2;3;3;3
2026-07-01 00:00:00.000;2026 07;PIERREFABRE;Pierre Fabre;Taiwan (Republic of China);Taiwan (Republic of China);TW;Lyra Health International Ltd;2;3;5;22
2026-07-01 00:00:00.000;2026 07;PINE001;Pineapple Tech (Pty) Ltd;South Africa;;null;Lyra Southern Africa Pty Ltd;3;3;3;3
2026-07-01 00:00:00.000;2026 07;PINE001;Pineapple Tech (Pty) Ltd;South Africa;South Africa;ZA;Lyra Southern Africa Pty Ltd;3;3;5;46
2026-07-01 00:00:00.000;2026 07;PINTERESTBENEFITS;Pinterest;Singapore;;null;Lyra;1;1;1;1
2026-07-01 00:00:00.000;2026 07;PINTERESTBENEFITS;Pinterest;Singapore;Singapore;SG;Lyra;1;1;1;15
2026-07-01 00:00:00.000;2026 07;PIO002;PIO SA Pioneer Group of Companies;South Africa;;null;Lyra Southern Africa Pty Ltd;1;1;1;1
2026-07-01 00:00:00.000;2026 07;PIO002;PIO SA Pioneer Group of Companies;South Africa;South Africa;ZA;Lyra Southern Africa Pty Ltd;1;1;2;8
2026-07-01 00:00:00.000;2026 07;PIX4DEAPWORLD;Pix4D;Spain;Spain;ES;Lyra Health International Ltd;1;1;1;1
2026-07-01 00:00:00.000;2026 07;PLA001;Platinum Life;South Africa;;null;Lyra Southern Africa Pty Ltd;1;1;1;1
2026-07-01 00:00:00.000;2026 07;PLA001;Platinum Life;South Africa;South Africa;ZA;Lyra Southern Africa Pty Ltd;1;1;1;5
2026-07-01 00:00:00.000;2026 07;PLASMAN;Plasman;Canada;;null;Lyra Mexico and Central America;0;1;1;1
2026-07-01 00:00:00.000;2026 07;PLASMAN;Plasman;Canada;Mexico;MX;Lyra Mexico and Central America;0;1;1;3
2026-07-01 00:00:00.000;2026 07;PLATFORMS123;Payments Mexico;Mexico;;null;Lyra Mexico and Central America;2;2;2;2
2026-07-01 00:00:00.000;2026 07;PLATFORMS123;Payments Mexico;Mexico;Mexico;MX;Lyra Mexico and Central America;2;2;2;18
2026-07-01 00:00:00.000;2026 07;PLURISPAIN;Pro Duo Pluricosmetica;Spain;;null;Lyra Spain SLU;1;1;1;1
2026-07-01 00:00:00.000;2026 07;PLURISPAIN;Pro Duo Pluricosmetica;Spain;Spain;ES;Lyra Spain SLU;1;1;1;9
2026-07-01 00:00:00.000;2026 07;PLUXEE;Pluxee;Austria;;null;Lyra Health International Ltd;2;3;3;3
2026-07-01 00:00:00.000;2026 07;PLUXEE;Pluxee;Austria;Austria;AT;Lyra Health International Ltd;1;1;3;10
2026-07-01 00:00:00.000;2026 07;PLUXEE;Pluxee;Austria;Bulgaria;BG;Lyra Health International Ltd;0;1;2;2
2026-07-01 00:00:00.000;2026 07;PLUXEE;Pluxee;Belgium;;null;Lyra Health International Ltd;1;1;1;1
2026-07-01 00:00:00.000;2026 07;PLUXEE;Pluxee;Belgium;Belgium;BE;Lyra Health International Ltd;1;1;2;9
2026-07-01 00:00:00.000;2026 07;PLUXEE;Pluxee;Bulgaria;;null;Lyra Health International Ltd;1;1;1;1
2026-07-01 00:00:00.000;2026 07;PLUXEE;Pluxee;Bulgaria;Bulgaria;BG;Lyra Health International Ltd;1;1;1;13
2026-07-01 00:00:00.000;2026 07;PLUXEE;Pluxee;France;France;FR;Lyra Health International Ltd;0;1;1;29
2026-07-01 00:00:00.000;2026 07;PLUXEE;Pluxee;India;;null;Lyra Health International Ltd;1;1;1;1
2026-07-01 00:00:00.000;2026 07;PLUXEE;Pluxee;India;India;IN;Lyra Health International Ltd;1;1;1;5
2026-07-01 00:00:00.000;2026 07;PLUXEE;Pluxee;Italy;;null;Lyra Health International Ltd;1;1;1;1
2026-07-01 00:00:00.000;2026 07;PLUXEE;Pluxee;Italy;Italy;IT;Lyra Health International Ltd;1;1;2;3
2026-07-01 00:00:00.000;2026 07;PLUXEE;Pluxee;Mexico;;null;Lyra Health International Ltd;4;6;6;6
2026-07-01 00:00:00.000;2026 07;PLUXEE;Pluxee;Mexico;Mexico;MX;Lyra Health International Ltd;5;7;8;43
2026-07-01 00:00:00.000;2026 07;PLUXEE;Pluxee;Panama;;null;Lyra Health International Ltd;1;1;1;1
2026-07-01 00:00:00.000;2026 07;PLUXEE;Pluxee;Panama;Panama;PA;Lyra Health International Ltd;1;2;5;41
2026-07-01 00:00:00.000;2026 07;PLUXEE;Pluxee;United Kingdom;;null;Lyra Health International Ltd;1;1;1;1
2026-07-01 00:00:00.000;2026 07;PLUXEE;Pluxee;United Kingdom;Romania;RO;Lyra Health International Ltd;1;1;1;4
2026-07-01 00:00:00.000;2026 07;PNS001;Pack n Stack Pty Ltd;South Africa;;null;Lyra Southern Africa Pty Ltd;10;13;13;13
2026-07-01 00:00:00.000;2026 07;PNS001;Pack n Stack Pty Ltd;South Africa;South Africa;ZA;Lyra Southern Africa Pty Ltd;15;20;26;108
2026-07-01 00:00:00.000;2026 07;POL001;Polyco PRO NPC;South Africa;;null;Lyra Southern Africa Pty Ltd;4;4;4;4
2026-07-01 00:00:00.000;2026 07;POL001;Polyco PRO NPC;South Africa;South Africa;ZA;Lyra Southern Africa Pty Ltd;4;4;5;22
2026-07-01 00:00:00.000;2026 07;POP001;Popcorn Training;South Africa;;null;Lyra Southern Africa Pty Ltd;2;2;2;2
2026-07-01 00:00:00.000;2026 07;POP001;Popcorn Training;South Africa;South Africa;ZA;Lyra Southern Africa Pty Ltd;1;1;1;12
2026-07-01 00:00:00.000;2026 07;POP002;Population Services International;Kenya;;null;Lyra Southern Africa Pty Ltd;1;1;1;1
2026-07-01 00:00:00.000;2026 07;POP002;Population Services International;Kenya;South Africa;ZA;Lyra Southern Africa Pty Ltd;1;1;1;6
2026-07-01 00:00:00.000;2026 07;POP002;Population Services International;South Africa;;null;Lyra Southern Africa Pty Ltd;2;2;2;2
2026-07-01 00:00:00.000;2026 07;POP002;Population Services International;South Africa;South Africa;ZA;Lyra Southern Africa Pty Ltd;2;2;2;8
2026-07-01 00:00:00.000;2026 07;PPC001;PPC LTD;South Africa;;null;Lyra Southern Africa Pty Ltd;2;2;2;2
2026-07-01 00:00:00.000;2026 07;PPC001;PPC LTD;South Africa;South Africa;ZA;Lyra Southern Africa Pty Ltd;2;2;2;42
2026-07-01 00:00:00.000;2026 07;PRE004;Pretor Group Pty Ltd;South Africa;;null;Lyra Southern Africa Pty Ltd;3;3;3;3
2026-07-01 00:00:00.000;2026 07;PRE004;Pretor Group Pty Ltd;South Africa;South Africa;ZA;Lyra Southern Africa Pty Ltd;3;4;6;34
2026-07-01 00:00:00.000;2026 07;PRESIDENTIALFLIGHTXICAS;Presidential Flight;United Arab Emirates;;null;Lyra Health International Ltd (DMCC) Branch (MENA);4;4;4;4
2026-07-01 00:00:00.000;2026 07;PRESIDENTIALFLIGHTXICAS;Presidential Flight;United Arab Emirates;United Arab Emirates;AE;Lyra Health International Ltd (DMCC) Branch (MENA);2;2;2;6
2026-07-01 00:00:00.000;2026 07;PRESIDENTIALFLIGHTXLYRA;Presidential Flight;United Arab Emirates;;null;Lyra Health International Ltd (DMCC) Branch (MENA);4;5;6;6
2026-07-01 00:00:00.000;2026 07;PRESIDENTIALFLIGHTXLYRA;Presidential Flight;United Arab Emirates;United Arab Emirates;AE;Lyra Health International Ltd (DMCC) Branch (MENA);4;5;6;30
2026-07-01 00:00:00.000;2026 07;PRIMARK;Primark;United Kingdom;;null;Lyra Health International Ltd;1;1;1;1
2026-07-01 00:00:00.000;2026 07;PRIMARK;Primark;United Kingdom;Ireland;IE;Lyra Health International Ltd;1;1;3;20
2026-07-01 00:00:00.000;2026 07;PRISMATEAP;Prismat;Germany;;null;Lyra Deutschland GmBH;1;1;1;1
2026-07-01 00:00:00.000;2026 07;PRISMATEAP;Prismat;Germany;Germany;DE;Lyra Deutschland GmBH;1;1;1;16
2026-07-01 00:00:00.000;2026 07;PROCTERGAMBLE;Procter & Gamble;Austria;;null;Lyra Health International Ltd;6;8;9;9
2026-07-01 00:00:00.000;2026 07;PROCTERGAMBLE;Procter & Gamble;Austria;Czech Republic;CZ;Lyra Health International Ltd;1;1;1;11
2026-07-01 00:00:00.000;2026 07;PROCTERGAMBLE;Procter & Gamble;Austria;Hungary;HU;Lyra Health International Ltd;1;3;4;37
2026-07-01 00:00:00.000;2026 07;PROCTERGAMBLE;Procter & Gamble;Austria;Romania;RO;Lyra Health International Ltd;4;4;6;52
2026-07-01 00:00:00.000;2026 07;PROCTERGAMBLE;Procter & Gamble;Czech Republic;Czech Republic;CZ;Lyra Health International Ltd;1;1;3;49
2026-07-01 00:00:00.000;2026 07;PROCTERGAMBLE;Procter & Gamble;Finland;;null;Lyra Health International Ltd;1;1;1;1
2026-07-01 00:00:00.000;2026 07;PROCTERGAMBLE;Procter & Gamble;Finland;Russia;RU;Lyra Health International Ltd;1;1;1;18
2026-07-01 00:00:00.000;2026 07;PROCTERGAMBLE;Procter & Gamble;Germany;;null;Lyra Health International Ltd;1;1;1;1
2026-07-01 00:00:00.000;2026 07;PROCTERGAMBLE;Procter & Gamble;Germany;Kazakhstan;KZ;Lyra Health International Ltd;1;1;2;5
2026-07-01 00:00:00.000;2026 07;PROCTERGAMBLE;Procter & Gamble;Hungary;;null;Lyra Health International Ltd;1;1;1;1
2026-07-01 00:00:00.000;2026 07;PROCTERGAMBLE;Procter & Gamble;Hungary;Hungary;HU;Lyra Health International Ltd;2;2;2;10
2026-07-01 00:00:00.000;2026 07;PROCTERGAMBLE;Procter & Gamble;Kazakhstan;;null;Lyra Health International Ltd;2;2;2;2
2026-07-01 00:00:00.000;2026 07;PROCTERGAMBLE;Procter & Gamble;Kazakhstan;Kazakhstan;KZ;Lyra Health International Ltd;3;3;5;96
2026-07-01 00:00:00.000;2026 07;PROCTERGAMBLE;Procter & Gamble;Poland;;null;Lyra Health International Ltd;2;2;2;2
2026-07-01 00:00:00.000;2026 07;PROCTERGAMBLE;Procter & Gamble;Poland;Poland;PL;Lyra Health International Ltd;1;1;1;5
2026-07-01 00:00:00.000;2026 07;PROCTERGAMBLE;Procter & Gamble;Poland;Ukraine;UA;Lyra Health International Ltd;1;1;1;8
2026-07-01 00:00:00.000;2026 07;PROCTERGAMBLE;Procter & Gamble;Romania;;null;Lyra Health International Ltd;1;1;1;1
2026-07-01 00:00:00.000;2026 07;PROCTERGAMBLE;Procter & Gamble;Romania;Romania;RO;Lyra Health International Ltd;1;1;2;18
2026-07-01 00:00:00.000;2026 07;PROCTERGAMBLE;Procter & Gamble;Saudi Arabia;;null;Lyra Health International Ltd;1;1;1;1
2026-07-01 00:00:00.000;2026 07;PROCTERGAMBLE;Procter & Gamble;Saudi Arabia;Saudi Arabia;SA;Lyra Health International Ltd;1;1;1;2
2026-07-01 00:00:00.000;2026 07;PROCTERGAMBLE;Procter & Gamble;South Africa;;null;Lyra Health International Ltd;15;15;16;16
2026-07-01 00:00:00.000;2026 07;PROCTERGAMBLE;Procter & Gamble;South Africa;Poland;PL;Lyra Health International Ltd;1;1;2;11
2026-07-01 00:00:00.000;2026 07;PROCTERGAMBLE;Procter & Gamble;South Africa;South Africa;ZA;Lyra Health International Ltd;16;16;20;77
2026-07-01 00:00:00.000;2026 07;PROCTERGAMBLE;Procter & Gamble;Turkey;;null;Lyra Health International Ltd;2;2;2;2
2026-07-01 00:00:00.000;2026 07;PROCTERGAMBLE;Procter & Gamble;Turkey;Turkey;TR;Lyra Health International Ltd;2;2;2;12
2026-07-01 00:00:00.000;2026 07;PROCTERGAMBLE;Procter & Gamble;Ukraine;;null;Lyra Health International Ltd;1;3;3;3
2026-07-01 00:00:00.000;2026 07;PROCTERGAMBLE;Procter & Gamble;Ukraine;Ukraine;UA;Lyra Health International Ltd;1;3;12;54
2026-07-01 00:00:00.000;2026 07;PROCTERGAMBLE;Procter & Gamble;United States of America;;null;Lyra Health International Ltd;1;1;1;4
2026-07-01 00:00:00.000;2026 07;PROCTERGAMBLE;Procter & Gamble;United States of America;Israel;IL;Lyra Health International Ltd;1;1;1;5
2026-07-01 00:00:00.000;2026 07;PRODUOEAP;Pro Duo;Belgium;;null;Lyra Health International Ltd;2;3;3;3
2026-07-01 00:00:00.000;2026 07;PRODUOEAP;Pro Duo;Belgium;Belgium;BE;Lyra Health International Ltd;2;3;3;34
2026-07-01 00:00:00.000;2026 07;PRODUOEAP;Pro Duo;France;;null;Lyra Health International Ltd;1;1;1;1
2026-07-01 00:00:00.000;2026 07;PRODUOEAP;Pro Duo;France;France;FR;Lyra Health International Ltd;2;2;4;86
2026-07-01 00:00:00.000;2026 07;PROQRNL;ProQR;Netherlands;;null;Lyra Netherlands BV;5;6;6;6
2026-07-01 00:00:00.000;2026 07;PROQRNL;ProQR;Netherlands;Netherlands;NL;Lyra Netherlands BV;5;6;11;77
2026-07-01 00:00:00.000;2026 07;PROSERVXLYRA;Lockton Insurance Brokers LLC - Dubai Branch (PROSERV);United Arab Emirates;;null;Lyra Health International Ltd (DMCC) Branch (MENA);1;1;1;1
2026-07-01 00:00:00.000;2026 07;PROSERVXLYRA;Lockton Insurance Brokers LLC - Dubai Branch (PROSERV);United Arab Emirates;United Arab Emirates;AE;Lyra Health International Ltd (DMCC) Branch (MENA);1;1;1;4
2026-07-01 00:00:00.000;2026 07;PSA001;PSA Parliament of RSA;South Africa;;null;Lyra Southern Africa Pty Ltd;0;1;1;1
2026-07-01 00:00:00.000;2026 07;PSA001;PSA Parliament of RSA;South Africa;South Africa;ZA;Lyra Southern Africa Pty Ltd;0;1;1;27
2026-07-01 00:00:00.000;2026 07;PUB001;Public Protector SA;South Africa;;null;Lyra Southern Africa Pty Ltd;1;3;3;3
2026-07-01 00:00:00.000;2026 07;PUB001;Public Protector SA;South Africa;South Africa;ZA;Lyra Southern Africa Pty Ltd;1;3;3;20
2026-07-01 00:00:00.000;2026 07;PULAHUB;Pula Medical Aid Fund;Botswana;;null;ICAS Botswana;6;7;7;7
2026-07-01 00:00:00.000;2026 07;PULAHUB;Pula Medical Aid Fund;Botswana;Botswana;BW;ICAS Botswana;6;8;11;123
2026-07-01 00:00:00.000;2026 07;PURAVIDA;Holcim Costa Rica;Costa Rica;;null;Lyra Mexico and Central America;0;1;1;1
2026-07-01 00:00:00.000;2026 07;PURAVIDA;Holcim Costa Rica;Costa Rica;Costa Rica;CR;Lyra Mexico and Central America;0;1;10;10
2026-07-01 00:00:00.000;2026 07;PUREFITNESS;Pure Gym;United States of America;;null;Lyra Health International Ltd;1;1;1;1
2026-07-01 00:00:00.000;2026 07;PUREFITNESS;Pure Gym;United States of America;United States of America;US;Lyra Health International Ltd;1;1;1;7
2026-07-01 00:00:00.000;2026 07;PUREHARVESTXLYRA;;United Arab Emirates;;null;Lyra Health International Ltd (DMCC) Branch (MENA);0;1;1;1
2026-07-01 00:00:00.000;2026 07;PUREHARVESTXLYRA;;United Arab Emirates;United Arab Emirates;AE;Lyra Health International Ltd (DMCC) Branch (MENA);0;1;1;1
2026-07-01 00:00:00.000;2026 07;PURESTORAGEGLOBAL;Pure Storage;Canada;;null;Lyra;1;1;1;1
2026-07-01 00:00:00.000;2026 07;PURESTORAGEGLOBAL;Pure Storage;Canada;Canada;CA;Lyra;1;1;1;13
2026-07-01 00:00:00.000;2026 07;PURESTORAGEGLOBAL;Pure Storage;Czech Republic;;null;Lyra;2;2;2;2
2026-07-01 00:00:00.000;2026 07;PURESTORAGEGLOBAL;Pure Storage;Czech Republic;Czech Republic;CZ;Lyra;2;2;2;10
2026-07-01 00:00:00.000;2026 07;PURESTORAGEGLOBAL;Pure Storage;France;;null;Lyra;1;1;1;1
2026-07-01 00:00:00.000;2026 07;PURESTORAGEGLOBAL;Pure Storage;France;Czech Republic;CZ;Lyra;1;1;1;51
2026-07-01 00:00:00.000;2026 07;PURESTORAGEGLOBAL;Pure Storage;Germany;;null;Lyra;1;1;1;1
2026-07-01 00:00:00.000;2026 07;PURESTORAGEGLOBAL;Pure Storage;Germany;Czech Republic;CZ;Lyra;1;1;1;1
2026-07-01 00:00:00.000;2026 07;PURESTORAGEGLOBAL;Pure Storage;India;;null;Lyra;1;2;3;4
2026-07-01 00:00:00.000;2026 07;PURESTORAGEGLOBAL;Pure Storage;India;India;IN;Lyra;1;2;3;56
2026-07-01 00:00:00.000;2026 07;PURESTORAGEGLOBAL;Pure Storage;Switzerland;Switzerland;CH;Lyra;1;1;2;26
2026-07-01 00:00:00.000;2026 07;PURESTORAGEGLOBAL;Pure Storage;United Kingdom;;null;Lyra;1;1;1;1
2026-07-01 00:00:00.000;2026 07;PURESTORAGEGLOBAL;Pure Storage;United Kingdom;Ireland;IE;Lyra;1;1;1;5
2026-07-01 00:00:00.000;2026 07;PURESTORAGEGLOBAL;Pure Storage;United States of America;;null;Lyra;1;1;1;3
2026-07-01 00:00:00.000;2026 07;PURESTORAGEGLOBAL;Pure Storage;United States of America;Germany;DE;Lyra;0;1;1;2
2026-07-01 00:00:00.000;2026 07;PWC001;PWC South Africa;Poland;;null;Lyra Southern Africa Pty Ltd;1;1;1;1
2026-07-01 00:00:00.000;2026 07;PWC001;PWC South Africa;South Africa;;null;Lyra Southern Africa Pty Ltd;18;27;28;28
2026-07-01 00:00:00.000;2026 07;PWC001;PWC South Africa;South Africa;South Africa;ZA;Lyra Southern Africa Pty Ltd;19;31;53;383
2026-07-01 00:00:00.000;2026 07;PWC003;PricewaterhouseCoopers Eswatini;South Africa;;null;Lyra Southern Africa Pty Ltd;1;1;1;1
2026-07-01 00:00:00.000;2026 07;PWC003;PricewaterhouseCoopers Eswatini;South Africa;Eswatini;SZ;Lyra Southern Africa Pty Ltd;1;1;1;3
2026-07-01 00:00:00.000;2026 07;PWYPEAP;Publish What You Pay;Canada;;null;Lyra Health International Ltd;1;1;1;1
2026-07-01 00:00:00.000;2026 07;PWYPEAP;Publish What You Pay;Canada;United Kingdom;GB;Lyra Health International Ltd;1;1;1;1
2026-07-01 00:00:00.000;2026 07;QANTAS;Qantas;Australia;;null;Lyra Health International Ltd;2;2;2;2
2026-07-01 00:00:00.000;2026 07;QANTAS;Qantas;Hong Kong;;null;Lyra Health International Ltd;1;1;1;1
2026-07-01 00:00:00.000;2026 07;QANTAS;Qantas;Indonesia;;null;Lyra Health International Ltd;3;3;3;3
2026-07-01 00:00:00.000;2026 07;QANTAS;Qantas;Indonesia;Indonesia;ID;Lyra Health International Ltd;2;2;4;31
2026-07-01 00:00:00.000;2026 07;QANTAS;Qantas;Indonesia;Thailand;TH;Lyra Health International Ltd;1;1;2;8
2026-07-01 00:00:00.000;2026 07;QANTAS;Qantas;Malaysia;;null;Lyra Health International Ltd;0;1;2;2
2026-07-01 00:00:00.000;2026 07;QANTAS;Qantas;Malaysia;South Africa;ZA;Lyra Health International Ltd;0;1;2;5
2026-07-01 00:00:00.000;2026 07;QANTAS;Qantas;Malaysia;United States of America;US;Lyra Health International Ltd;0;1;2;6
2026-07-01 00:00:00.000;2026 07;QANTAS;Qantas;Singapore;;null;Lyra Health International Ltd;1;2;2;2
2026-07-01 00:00:00.000;2026 07;QANTAS;Qantas;Singapore;Singapore;SG;Lyra Health International Ltd;1;1;1;3
2026-07-01 00:00:00.000;2026 07;QANTAS;Qantas;Singapore;United Kingdom;GB;Lyra Health International Ltd;0;1;1;6
2026-07-01 00:00:00.000;2026 07;QANTAS;Qantas;South Africa;;null;Lyra Health International Ltd;1;1;1;1
2026-07-01 00:00:00.000;2026 07;QANTAS;Qantas;South Africa;South Africa;ZA;Lyra Health International Ltd;1;1;2;13
2026-07-01 00:00:00.000;2026 07;QANTAS;Qantas;Thailand;;null;Lyra Health International Ltd;1;1;2;2
2026-07-01 00:00:00.000;2026 07;QANTAS;Qantas;Thailand;Thailand;TH;Lyra Health International Ltd;2;2;4;12
2026-07-01 00:00:00.000;2026 07;QANTAS;Qantas;United Kingdom;;null;Lyra Health International Ltd;6;6;6;6
2026-07-01 00:00:00.000;2026 07;QANTAS;Qantas;United Kingdom;United Kingdom;GB;Lyra Health International Ltd;6;6;8;41
2026-07-01 00:00:00.000;2026 07;QAPRODTEST;QAPRODTEST (Test Preview);South Africa;;null;Lyra Health International Ltd;0;1;3;3
2026-07-01 00:00:00.000;2026 07;QAPRODTEST;QAPRODTEST (Test Preview);South Africa;Malaysia;MY;Lyra Health International Ltd;0;1;1;5
2026-07-01 00:00:00.000;2026 07;QAPRODTEST;QAPRODTEST (Test Preview);South Africa;Singapore;SG;Lyra Health International Ltd;0;1;2;4
2026-07-01 00:00:00.000;2026 07;QAPRODTEST;QAPRODTEST (Test Preview);South Africa;South Africa;ZA;Lyra Health International Ltd;0;1;5;31
2026-07-01 00:00:00.000;2026 07;QBE;QBE Insurance;Belgium;;null;Lyra Health International Ltd;0;1;1;1
2026-07-01 00:00:00.000;2026 07;QBE;QBE Insurance;Belgium;Belgium;BE;Lyra Health International Ltd;0;1;1;3
2026-07-01 00:00:00.000;2026 07;QBE;QBE Insurance;France;;null;Lyra Health International Ltd;1;1;1;1
2026-07-01 00:00:00.000;2026 07;QBE;QBE Insurance;France;Belgium;BE;Lyra Health International Ltd;1;1;1;18
2026-07-01 00:00:00.000;2026 07;QBE;QBE Insurance;Netherlands;;null;Lyra Health International Ltd;0;1;1;1
2026-07-01 00:00:00.000;2026 07;QBE;QBE Insurance;Netherlands;Netherlands;NL;Lyra Health International Ltd;0;1;1;23
2026-07-01 00:00:00.000;2026 07;QBE;QBE Insurance;United Kingdom;;null;Lyra Health International Ltd;0;2;2;2
2026-07-01 00:00:00.000;2026 07;QBE;QBE Insurance;United Kingdom;Italy;IT;Lyra Health International Ltd;0;1;1;4
2026-07-01 00:00:00.000;2026 07;QBE;QBE Insurance;United Kingdom;Netherlands;NL;Lyra Health International Ltd;0;1;1;8
2026-07-01 00:00:00.000;2026 07;QDBXLYRA;Qatar Development Bank;Qatar;;null;Lyra Health International Ltd (DMCC) Branch (MENA);0;1;1;1
2026-07-01 00:00:00.000;2026 07;QDBXLYRA;Qatar Development Bank;Qatar;Qatar;QA;Lyra Health International Ltd (DMCC) Branch (MENA);0;2;2;18
2026-07-01 00:00:00.000;2026 07;QIA001TEST;Qatar Investment Authority (Test Preview);Qatar;;null;Lyra Health International Ltd (DMCC) Branch (MENA);1;1;1;1
2026-07-01 00:00:00.000;2026 07;QIA001TEST;Qatar Investment Authority (Test Preview);Qatar;United Kingdom;GB;Lyra Health International Ltd (DMCC) Branch (MENA);1;1;1;64
2026-07-01 00:00:00.000;2026 07;QIA001TEST;Qatar Investment Authority (Test Preview);South Africa;;null;Lyra Health International Ltd (DMCC) Branch (MENA);0;1;1;1
2026-07-01 00:00:00.000;2026 07;QIAGEN;QIAGEN GmbH;Denmark;;null;Lyra Health International Ltd;2;2;2;2
2026-07-01 00:00:00.000;2026 07;QIAGEN;QIAGEN GmbH;Denmark;Denmark;DK;Lyra Health International Ltd;3;3;4;31
2026-07-01 00:00:00.000;2026 07;QIAGEN;QIAGEN GmbH;France;;null;Lyra Health International Ltd;0;2;2;2
2026-07-01 00:00:00.000;2026 07;QIAGEN;QIAGEN GmbH;France;Canada;CA;Lyra Health International Ltd;0;1;1;5
2026-07-01 00:00:00.000;2026 07;QIAGEN;QIAGEN GmbH;France;France;FR;Lyra Health International Ltd;0;1;1;3
2026-07-01 00:00:00.000;2026 07;QIAGEN;QIAGEN GmbH;Germany;;null;Lyra Health International Ltd;20;23;25;25
2026-07-01 00:00:00.000;2026 07;QIAGEN;QIAGEN GmbH;Germany;Germany;DE;Lyra Health International Ltd;21;25;33;291
2026-07-01 00:00:00.000;2026 07;QIAGEN;QIAGEN GmbH;Germany;Philippines;PH;Lyra Health International Ltd;1;1;1;30
2026-07-01 00:00:00.000;2026 07;QIAGEN;QIAGEN GmbH;Germany;Poland;PL;Lyra Health International Ltd;0;1;1;1
2026-07-01 00:00:00.000;2026 07;QIAGEN;QIAGEN GmbH;Germany;United Kingdom;GB;Lyra Health International Ltd;1;1;1;3
2026-07-01 00:00:00.000;2026 07;QIAGEN;QIAGEN GmbH;India;;null;Lyra Health International Ltd;2;2;2;2
2026-07-01 00:00:00.000;2026 07;QIAGEN;QIAGEN GmbH;India;India;IN;Lyra Health International Ltd;1;1;1;9
2026-07-01 00:00:00.000;2026 07;QIAGEN;QIAGEN GmbH;Italy;;null;Lyra Health International Ltd;0;1;1;1
2026-07-01 00:00:00.000;2026 07;QIAGEN;QIAGEN GmbH;Italy;Italy;IT;Lyra Health International Ltd;0;1;1;2
2026-07-01 00:00:00.000;2026 07;QIAGEN;QIAGEN GmbH;Philippines;;null;Lyra Health International Ltd;3;3;3;3
2026-07-01 00:00:00.000;2026 07;QIAGEN;QIAGEN GmbH;Philippines;Philippines;PH;Lyra Health International Ltd;5;5;6;56
2026-07-01 00:00:00.000;2026 07;QIAGEN;QIAGEN GmbH;Poland;;null;Lyra Health International Ltd;5;8;9;10
2026-07-01 00:00:00.000;2026 07;QIAGEN;QIAGEN GmbH;Poland;Poland;PL;Lyra Health International Ltd;5;8;15;77
2026-07-01 00:00:00.000;2026 07;QIAGEN;QIAGEN GmbH;Portugal;Germany;DE;Lyra Health International Ltd;1;1;1;1
2026-07-01 00:00:00.000;2026 07;QIAGEN;QIAGEN GmbH;Saudi Arabia;;null;Lyra Health International Ltd;1;1;1;1
2026-07-01 00:00:00.000;2026 07;QIAGEN;QIAGEN GmbH;Singapore;;null;Lyra Health International Ltd;4;5;5;5
2026-07-01 00:00:00.000;2026 07;QIAGEN;QIAGEN GmbH;Singapore;China;CN;Lyra Health International Ltd;4;5;5;60
2026-07-01 00:00:00.000;2026 07;QIAGEN;QIAGEN GmbH;Singapore;United Kingdom;GB;Lyra Health International Ltd;1;1;1;8
2026-07-01 00:00:00.000;2026 07;QIAGEN;QIAGEN GmbH;Spain;;null;Lyra Health International Ltd;1;1;1;1
2026-07-01 00:00:00.000;2026 07;QIAGEN;QIAGEN GmbH;Spain;Spain;ES;Lyra Health International Ltd;1;2;2;26
2026-07-01 00:00:00.000;2026 07;QIAGEN;QIAGEN GmbH;Sweden;;null;Lyra Health International Ltd;5;5;5;5
2026-07-01 00:00:00.000;2026 07;QIAGEN;QIAGEN GmbH;Sweden;Sweden;SE;Lyra Health International Ltd;5;5;9;109
2026-07-01 00:00:00.000;2026 07;QIAGEN;QIAGEN GmbH;Switzerland;;null;Lyra Health International Ltd;1;1;1;1
2026-07-01 00:00:00.000;2026 07;QIAGEN;QIAGEN GmbH;Switzerland;Switzerland;CH;Lyra Health International Ltd;1;2;2;7
2026-07-01 00:00:00.000;2026 07;QIAGEN;QIAGEN GmbH;United Kingdom;;null;Lyra Health International Ltd;2;3;4;4
2026-07-01 00:00:00.000;2026 07;QIAGEN;QIAGEN GmbH;United Kingdom;United Kingdom;GB;Lyra Health International Ltd;1;2;5;72
2026-07-01 00:00:00.000;2026 07;QIAGEN;QIAGEN GmbH;United States of America;;null;Lyra Health International Ltd;6;8;8;8
2026-07-01 00:00:00.000;2026 07;QIAGEN;QIAGEN GmbH;United States of America;United States of America;US;Lyra Health International Ltd;5;7;8;40
2026-07-01 00:00:00.000;2026 07;QIP;QIP Services;Australia;;null;Lyra Health International Ltd;2;2;2;2
2026-07-01 00:00:00.000;2026 07;QIP;QIP Services;Australia;Singapore;SG;Lyra Health International Ltd;2;2;2;12
2026-07-01 00:00:00.000;2026 07;QIP;QIP Services;Hong Kong;;null;Lyra Health International Ltd;2;2;2;2
2026-07-01 00:00:00.000;2026 07;QIP;QIP Services;Hong Kong;Hong Kong;HK;Lyra Health International Ltd;2;2;3;16
2026-07-01 00:00:00.000;2026 07;QIP;QIP Services;Malaysia;;null;Lyra Health International Ltd;2;2;2;2
2026-07-01 00:00:00.000;2026 07;QIP;QIP Services;Malaysia;Malaysia;MY;Lyra Health International Ltd;2;2;3;32
2026-07-01 00:00:00.000;2026 07;QUALITAS;Quálitas;El Salvador;;null;Lyra Mexico and Central America;0;1;1;1
2026-07-01 00:00:00.000;2026 07;QUALITAS;Quálitas;El Salvador;El Salvador;SV;Lyra Mexico and Central America;0;1;1;5
2026-07-01 00:00:00.000;2026 07;QUALITAS;Quálitas;Mexico;;null;Lyra Mexico and Central America;18;20;20;20
2026-07-01 00:00:00.000;2026 07;QUALITAS;Quálitas;Mexico;Mexico;MX;Lyra Mexico and Central America;18;21;27;162
2026-07-01 00:00:00.000;2026 07;QUE001;Quest Claims Solutions;South Africa;South Africa;ZA;Lyra Southern Africa Pty Ltd;1;1;1;5
2026-07-01 00:00:00.000;2026 07;QUINTES;QUINTES;Netherlands;;null;Lyra Netherlands BV;3;3;3;3
2026-07-01 00:00:00.000;2026 07;QUINTES;QUINTES;Netherlands;Netherlands;NL;Lyra Netherlands BV;3;3;5;44
2026-07-01 00:00:00.000;2026 07;RADIO;Radio Flyer;Hong Kong;;null;Lyra Health International Ltd;4;4;4;4
2026-07-01 00:00:00.000;2026 07;RADIO;Radio Flyer;Hong Kong;China;CN;Lyra Health International Ltd;4;4;4;46
2026-07-01 00:00:00.000;2026 07;RAI002;Rain Catchers Marketing;South Africa;;null;Lyra Southern Africa Pty Ltd;2;2;2;2
2026-07-01 00:00:00.000;2026 07;RAI002;Rain Catchers Marketing;South Africa;South Africa;ZA;Lyra Southern Africa Pty Ltd;2;3;4;14
2026-07-01 00:00:00.000;2026 07;RAM002;Ramp Group;South Africa;;null;Lyra Southern Africa Pty Ltd;2;3;3;3
2026-07-01 00:00:00.000;2026 07;RAM002;Ramp Group;South Africa;South Africa;ZA;Lyra Southern Africa Pty Ltd;2;3;7;25
2026-07-01 00:00:00.000;2026 07;RANK;Rank Leisure;Canada;;GLOBAL;Lyra Health International Ltd;1;1;1;2
2026-07-01 00:00:00.000;2026 07;RANK;Rank Leisure;Gibraltar;;GLOBAL;Lyra Health International Ltd;1;1;1;5
2026-07-01 00:00:00.000;2026 07;RANK;Rank Leisure;Gibraltar;;null;Lyra Health International Ltd;1;1;1;1
2026-07-01 00:00:00.000;2026 07;RANK;Rank Leisure;Malta;;GLOBAL;Lyra Health International Ltd;0;1;2;52
2026-07-01 00:00:00.000;2026 07;RANK;Rank Leisure;Malta;;null;Lyra Health International Ltd;0;1;1;1
2026-07-01 00:00:00.000;2026 07;RANK;Rank Leisure;Mauritius;;GLOBAL;Lyra Health International Ltd;5;6;7;77
2026-07-01 00:00:00.000;2026 07;RANK;Rank Leisure;Mauritius;;null;Lyra Health International Ltd;5;6;6;6
2026-07-01 00:00:00.000;2026 07;RANK;Rank Leisure;South Africa;;GLOBAL;Lyra Health International Ltd;1;1;1;2
2026-07-01 00:00:00.000;2026 07;RANK;Rank Leisure;South Africa;;null;Lyra Health International Ltd;1;1;1;1
2026-07-01 00:00:00.000;2026 07;RAVAGO;KORYFES S.A (Ravago);Germany;;null;Lyra Health International Ltd;5;5;5;5
2026-07-01 00:00:00.000;2026 07;RAVAGO;KORYFES S.A (Ravago);Germany;Germany;DE;Lyra Health International Ltd;6;6;6;47
2026-07-01 00:00:00.000;2026 07;RAVAGO;KORYFES S.A (Ravago);Portugal;;null;Lyra Health International Ltd;1;1;1;1
2026-07-01 00:00:00.000;2026 07;RAVAGO;KORYFES S.A (Ravago);Portugal;Portugal;PT;Lyra Health International Ltd;1;1;1;5
2026-07-01 00:00:00.000;2026 07;RAVAGO;KORYFES S.A (Ravago);Spain;;null;Lyra Health International Ltd;8;9;9;9
2026-07-01 00:00:00.000;2026 07;RAVAGO;KORYFES S.A (Ravago);Spain;Spain;ES;Lyra Health International Ltd;8;8;9;61
2026-07-01 00:00:00.000;2026 07;RCL001;RCL Foods;South Africa;;null;Lyra Southern Africa Pty Ltd;104;111;122;124
2026-07-01 00:00:00.000;2026 07;RCL001;RCL Foods;South Africa;South Africa;ZA;Lyra Southern Africa Pty Ltd;97;108;167;1031
2026-07-01 00:00:00.000;2026 07;RCS001;RCS CARDS;South Africa;;null;Lyra Southern Africa Pty Ltd;9;9;9;9
2026-07-01 00:00:00.000;2026 07;RCS001;RCS CARDS;South Africa;South Africa;ZA;Lyra Southern Africa Pty Ltd;9;10;16;125
2026-07-01 00:00:00.000;2026 07;REA002;Reap;South Africa;;null;Lyra Southern Africa Pty Ltd;0;1;1;1
2026-07-01 00:00:00.000;2026 07;REA002;Reap;South Africa;South Africa;ZA;Lyra Southern Africa Pty Ltd;0;2;2;8
2026-07-01 00:00:00.000;2026 07;RECONFORTA;Swiss Re;Mexico;;null;Lyra Mexico and Central America;0;1;1;1
2026-07-01 00:00:00.000;2026 07;RECONFORTA;Swiss Re;Mexico;Mexico;MX;Lyra Mexico and Central America;0;1;1;6
2026-07-01 00:00:00.000;2026 07;RED003;REDIAL BPO PTY LTD;South Africa;;null;Lyra Southern Africa Pty Ltd;1;1;1;1
2026-07-01 00:00:00.000;2026 07;RED003;REDIAL BPO PTY LTD;South Africa;South Africa;ZA;Lyra Southern Africa Pty Ltd;1;1;3;16
2026-07-01 00:00:00.000;2026 07;RED003;REDIAL BPO PTY LTD;United States of America;;null;Lyra Southern Africa Pty Ltd;1;1;1;1
2026-07-01 00:00:00.000;2026 07;RED003;REDIAL BPO PTY LTD;United States of America;South Africa;ZA;Lyra Southern Africa Pty Ltd;1;1;1;5
2026-07-01 00:00:00.000;2026 07;REDICONTIGO;Redi Color;Mexico;;null;Lyra Mexico and Central America;1;2;2;2
2026-07-01 00:00:00.000;2026 07;REDICONTIGO;Redi Color;Mexico;Mexico;MX;Lyra Mexico and Central America;1;2;4;17
2026-07-01 00:00:00.000;2026 07;REDSEAGLOBALXICAS;Amaala;Saudi Arabia;;null;Lyra Health International Ltd (DMCC) Branch (MENA);28;32;34;34
2026-07-01 00:00:00.000;2026 07;REDSEAGLOBALXICAS;Amaala;Saudi Arabia;Saudi Arabia;SA;Lyra Health International Ltd (DMCC) Branch (MENA);30;35;52;414
2026-07-01 00:00:00.000;2026 07;REDSLIM;Redslim;France;;null;Lyra Health International Ltd;1;1;1;1
2026-07-01 00:00:00.000;2026 07;REDSLIM;Redslim;France;France;FR;Lyra Health International Ltd;1;1;1;3
2026-07-01 00:00:00.000;2026 07;REDSLIM;Redslim;Germany;;null;Lyra Health International Ltd;2;2;2;2
2026-07-01 00:00:00.000;2026 07;REDSLIM;Redslim;Germany;Spain;ES;Lyra Health International Ltd;1;1;1;15
2026-07-01 00:00:00.000;2026 07;REDSLIM;Redslim;Germany;United Kingdom;GB;Lyra Health International Ltd;1;1;2;88
2026-07-01 00:00:00.000;2026 07;REDSLIM;Redslim;Spain;Spain;ES;Lyra Health International Ltd;0;1;1;1
2026-07-01 00:00:00.000;2026 07;REDSLIM;Redslim;United Kingdom;;null;Lyra Health International Ltd;1;1;1;1
2026-07-01 00:00:00.000;2026 07;REDSLIM;Redslim;United Kingdom;United Kingdom;GB;Lyra Health International Ltd;1;1;1;75
2026-07-01 00:00:00.000;2026 07;REHLKO;Discovery Energy LLC;France;;null;Lyra Health International Ltd;1;1;1;1
2026-07-01 00:00:00.000;2026 07;REHLKO;Discovery Energy LLC;France;France;FR;Lyra Health International Ltd;1;1;1;8
2026-07-01 00:00:00.000;2026 07;REHLKO;Discovery Energy LLC;India;;null;Lyra Health International Ltd;1;2;2;2
2026-07-01 00:00:00.000;2026 07;REHLKO;Discovery Energy LLC;India;India;IN;Lyra Health International Ltd;1;2;4;19
2026-07-01 00:00:00.000;2026 07;REHLKO;Discovery Energy LLC;Italy;;null;Lyra Health International Ltd;1;1;1;1
2026-07-01 00:00:00.000;2026 07;REHLKO;Discovery Energy LLC;Italy;Italy;IT;Lyra Health International Ltd;1;1;2;36
2026-07-01 00:00:00.000;2026 07;RELIATO;Reliato Limited;Malta;;null;Lyra Health International Ltd;0;1;1;1
2026-07-01 00:00:00.000;2026 07;RELIATO;Reliato Limited;Malta;Malta;MT;Lyra Health International Ltd;0;1;1;1
2026-07-01 00:00:00.000;2026 07;RELX;RELX;Australia;;null;Lyra Health International Ltd;3;3;3;3
2026-07-01 00:00:00.000;2026 07;RELX;RELX;Australia;Australia;AU;Lyra Health International Ltd;3;3;4;37
2026-07-01 00:00:00.000;2026 07;RELX;RELX;China;;null;Lyra Health International Ltd;2;2;2;2
2026-07-01 00:00:00.000;2026 07;RELX;RELX;China;China;CN;Lyra Health International Ltd;2;2;2;18
2026-07-01 00:00:00.000;2026 07;RELX;RELX;Colombia;;null;Lyra Health International Ltd;1;1;1;1
2026-07-01 00:00:00.000;2026 07;RELX;RELX;Colombia;Colombia;CO;Lyra Health International Ltd;1;1;1;21
2026-07-01 00:00:00.000;2026 07;RELX;RELX;France;;null;Lyra Health International Ltd;2;3;3;3
2026-07-01 00:00:00.000;2026 07;RELX;RELX;France;France;FR;Lyra Health International Ltd;2;3;3;13
2026-07-01 00:00:00.000;2026 07;RELX;RELX;Germany;;null;Lyra Health International Ltd;1;1;1;1
2026-07-01 00:00:00.000;2026 07;RELX;RELX;Germany;Germany;DE;Lyra Health International Ltd;1;1;2;31
2026-07-01 00:00:00.000;2026 07;RELX;RELX;India;;null;Lyra Health International Ltd;10;11;12;12
2026-07-01 00:00:00.000;2026 07;RELX;RELX;India;India;IN;Lyra Health International Ltd;10;12;14;199
2026-07-01 00:00:00.000;2026 07;RELX;RELX;Italy;;null;Lyra Health International Ltd;2;2;2;2
2026-07-01 00:00:00.000;2026 07;RELX;RELX;Italy;Italy;IT;Lyra Health International Ltd;2;2;2;17
2026-07-01 00:00:00.000;2026 07;RELX;RELX;Japan;;null;Lyra Health International Ltd;3;3;3;3
2026-07-01 00:00:00.000;2026 07;RELX;RELX;Japan;Japan;JP;Lyra Health International Ltd;2;2;2;21
2026-07-01 00:00:00.000;2026 07;RELX;RELX;Japan;Philippines;PH;Lyra Health International Ltd;1;1;1;5
2026-07-01 00:00:00.000;2026 07;RELX;RELX;Netherlands;;null;Lyra Health International Ltd;8;9;10;10
2026-07-01 00:00:00.000;2026 07;RELX;RELX;Netherlands;Netherlands;NL;Lyra Health International Ltd;8;10;14;192
2026-07-01 00:00:00.000;2026 07;RELX;RELX;New Zealand;;null;Lyra Health International Ltd;3;3;3;3
2026-07-01 00:00:00.000;2026 07;RELX;RELX;New Zealand;Australia;AU;Lyra Health International Ltd;1;1;1;4
2026-07-01 00:00:00.000;2026 07;RELX;RELX;New Zealand;New Zealand;NZ;Lyra Health International Ltd;2;2;4;26
2026-07-01 00:00:00.000;2026 07;RELX;RELX;Philippines;;null;Lyra Health International Ltd;33;41;43;48
2026-07-01 00:00:00.000;2026 07;RELX;RELX;Philippines;Philippines;PH;Lyra Health International Ltd;37;47;71;504
2026-07-01 00:00:00.000;2026 07;RELX;RELX;Poland;;null;Lyra Health International Ltd;1;1;1;1
2026-07-01 00:00:00.000;2026 07;RELX;RELX;Poland;Poland;PL;Lyra Health International Ltd;1;1;1;7
2026-07-01 00:00:00.000;2026 07;RELX;RELX;Singapore;;null;Lyra Health International Ltd;8;11;11;11
2026-07-01 00:00:00.000;2026 07;RELX;RELX;Singapore;Australia;AU;Lyra Health International Ltd;2;2;2;5
2026-07-01 00:00:00.000;2026 07;RELX;RELX;Singapore;Philippines;PH;Lyra Health International Ltd;5;8;10;66
2026-07-01 00:00:00.000;2026 07;RELX;RELX;South Africa;;null;Lyra Health International Ltd;2;2;2;2
2026-07-01 00:00:00.000;2026 07;RELX;RELX;South Africa;South Africa;ZA;Lyra Health International Ltd;2;2;4;40
2026-07-01 00:00:00.000;2026 07;RELX;RELX;Spain;;null;Lyra Health International Ltd;1;1;1;1
2026-07-01 00:00:00.000;2026 07;RELX;RELX;Spain;Spain;ES;Lyra Health International Ltd;1;1;6;68
2026-07-01 00:00:00.000;2026 07;RELX;RELX;United Arab Emirates;;null;Lyra Health International Ltd;1;1;1;1
2026-07-01 00:00:00.000;2026 07;RELX;RELX;United Arab Emirates;United Arab Emirates;AE;Lyra Health International Ltd;1;1;1;44
2026-07-01 00:00:00.000;2026 07;RELX;RELX;United Kingdom;;null;Lyra Health International Ltd;7;9;9;9
2026-07-01 00:00:00.000;2026 07;RELX;RELX;United Kingdom;France;FR;Lyra Health International Ltd;2;2;2;10
2026-07-01 00:00:00.000;2026 07;RELX;RELX;United Kingdom;Germany;DE;Lyra Health International Ltd;1;1;2;24
2026-07-01 00:00:00.000;2026 07;RELX;RELX;United Kingdom;India;IN;Lyra Health International Ltd;2;3;3;17
2026-07-01 00:00:00.000;2026 07;RELX;RELX;United Kingdom;Netherlands;NL;Lyra Health International Ltd;1;2;3;39
2026-07-01 00:00:00.000;2026 07;RELX;RELX;United Kingdom;Spain;ES;Lyra Health International Ltd;2;2;2;6
2026-07-01 00:00:00.000;2026 07;RELX;RELX;United States of America;;null;Lyra Health International Ltd;2;2;4;4
2026-07-01 00:00:00.000;2026 07;RELX;RELX;United States of America;Philippines;PH;Lyra Health International Ltd;1;1;1;3
2026-07-01 00:00:00.000;2026 07;RELX;RELX;United States of America;Republic of Korea;KR;Lyra Health International Ltd;1;1;3;57
2026-07-01 00:00:00.000;2026 07;REMONDISNORDEAP;Remondis Nord;Germany;;null;Lyra Deutschland GmBH;0;1;1;1
2026-07-01 00:00:00.000;2026 07;REMONDISNORDEAP;Remondis Nord;Germany;Germany;DE;Lyra Deutschland GmBH;0;1;2;28
2026-07-01 00:00:00.000;2026 07;REN002;Rentokil Initial South Africa;South Africa;;null;Lyra Southern Africa Pty Ltd;13;13;13;13
2026-07-01 00:00:00.000;2026 07;REN002;Rentokil Initial South Africa;South Africa;South Africa;ZA;Lyra Southern Africa Pty Ltd;11;11;15;138
2026-07-01 00:00:00.000;2026 07;RENISHAW;Renishaw;France;;null;Lyra Health International Ltd;1;1;1;1
2026-07-01 00:00:00.000;2026 07;RENISHAW;Renishaw;France;France;FR;Lyra Health International Ltd;1;1;1;3
2026-07-01 00:00:00.000;2026 07;RENISHAW;Renishaw;Germany;Germany;DE;Lyra Health International Ltd;0;1;2;9
2026-07-01 00:00:00.000;2026 07;RENISHAW;Renishaw;Spain;;null;Lyra Health International Ltd;1;1;1;1
2026-07-01 00:00:00.000;2026 07;RENISHAW;Renishaw;Spain;Spain;ES;Lyra Health International Ltd;1;1;1;6
2026-07-01 00:00:00.000;2026 07;RENISHAW;Renishaw;United Kingdom;;null;Lyra Health International Ltd;22;25;25;25
2026-07-01 00:00:00.000;2026 07;RENISHAW;Renishaw;United Kingdom;United Kingdom;GB;Lyra Health International Ltd;23;27;41;269
2026-07-01 00:00:00.000;2026 07;REPRISK;RepRisk AG;Philippines;;null;Lyra Health International Ltd;1;1;1;1
2026-07-01 00:00:00.000;2026 07;REPRISK;RepRisk AG;Philippines;Philippines;PH;Lyra Health International Ltd;1;1;2;21
2026-07-01 00:00:00.000;2026 07;REPRISK;RepRisk AG;Switzerland;;null;Lyra Health International Ltd;1;1;1;1
2026-07-01 00:00:00.000;2026 07;REPRISK;RepRisk AG;Switzerland;Switzerland;CH;Lyra Health International Ltd;1;1;2;5
2026-07-01 00:00:00.000;2026 07;RFD001;RFD Reach for a Dream;South Africa;;null;Lyra Southern Africa Pty Ltd;6;6;6;6
2026-07-01 00:00:00.000;2026 07;RFD001;RFD Reach for a Dream;South Africa;South Africa;ZA;Lyra Southern Africa Pty Ltd;6;6;8;53
2026-07-01 00:00:00.000;2026 07;RICALV;Ricalv Industrial;Mexico;;null;Lyra Mexico and Central America;1;1;1;1
2026-07-01 00:00:00.000;2026 07;RICALV;Ricalv Industrial;Mexico;Mexico;MX;Lyra Mexico and Central America;1;1;1;2
2026-07-01 00:00:00.000;2026 07;RIDGELINEEAP;Ridgeline Discovery GmbH;Switzerland;;null;Lyra Schweiz GmbH;2;2;2;2
2026-07-01 00:00:00.000;2026 07;RIDGELINEEAP;Ridgeline Discovery GmbH;Switzerland;Switzerland;CH;Lyra Schweiz GmbH;2;2;5;69
2026-07-01 00:00:00.000;2026 07;RIH001;Rihati Live Work Maintenance;South Africa;South Africa;ZA;Lyra Southern Africa Pty Ltd;0;1;1;1
2026-07-01 00:00:00.000;2026 07;RIS001;Riscura;South Africa;;null;Lyra Southern Africa Pty Ltd;1;2;2;2
2026-07-01 00:00:00.000;2026 07;RIS001;Riscura;South Africa;South Africa;ZA;Lyra Southern Africa Pty Ltd;1;2;3;19
2026-07-01 00:00:00.000;2026 07;RIS003;Risimaconvert (Pty) Ltd T/A Cash Converters Norwood;South Africa;;null;Lyra Southern Africa Pty Ltd;1;1;1;1
2026-07-01 00:00:00.000;2026 07;RIS003;Risimaconvert (Pty) Ltd T/A Cash Converters Norwood;South Africa;South Africa;ZA;Lyra Southern Africa Pty Ltd;1;1;1;4
2026-07-01 00:00:00.000;2026 07;RIV001;Riversands Incubation Hub;South Africa;;null;Lyra Southern Africa Pty Ltd;0;1;1;1
2026-07-01 00:00:00.000;2026 07;RIV001;Riversands Incubation Hub;South Africa;South Africa;ZA;Lyra Southern Africa Pty Ltd;0;1;2;5
2026-07-01 00:00:00.000;2026 07;RJXLYRA;ROYAL JET L.L.C.;United Arab Emirates;;null;Lyra Health International Ltd;1;1;1;1
2026-07-01 00:00:00.000;2026 07;RJXLYRA;ROYAL JET L.L.C.;United Arab Emirates;United Arab Emirates;AE;Lyra Health International Ltd;1;1;1;6
2026-07-01 00:00:00.000;2026 07;RL;Ralph Lauren;France;;null;Lyra Health International Ltd;1;1;1;1
2026-07-01 00:00:00.000;2026 07;RL;Ralph Lauren;France;Switzerland;CH;Lyra Health International Ltd;1;1;1;2
2026-07-01 00:00:00.000;2026 07;RL;Ralph Lauren;Germany;;null;Lyra Health International Ltd;1;2;2;2
2026-07-01 00:00:00.000;2026 07;RL;Ralph Lauren;Germany;Germany;DE;Lyra Health International Ltd;1;2;5;25
2026-07-01 00:00:00.000;2026 07;RL;Ralph Lauren;Germany;Poland;PL;Lyra Health International Ltd;0;1;1;1
2026-07-01 00:00:00.000;2026 07;RL;Ralph Lauren;Ireland;;null;Lyra Health International Ltd;1;1;2;2
2026-07-01 00:00:00.000;2026 07;RL;Ralph Lauren;Ireland;Ireland;IE;Lyra Health International Ltd;1;1;2;9
2026-07-01 00:00:00.000;2026 07;RL;Ralph Lauren;Italy;;null;Lyra Health International Ltd;1;2;2;2
2026-07-01 00:00:00.000;2026 07;RL;Ralph Lauren;Italy;Italy;IT;Lyra Health International Ltd;0;1;1;2
2026-07-01 00:00:00.000;2026 07;RL;Ralph Lauren;Italy;Switzerland;CH;Lyra Health International Ltd;1;1;1;3
2026-07-01 00:00:00.000;2026 07;RL;Ralph Lauren;Poland;;null;Lyra Health International Ltd;1;1;1;1
2026-07-01 00:00:00.000;2026 07;RL;Ralph Lauren;Poland;Poland;PL;Lyra Health International Ltd;1;2;2;36
2026-07-01 00:00:00.000;2026 07;RL;Ralph Lauren;Spain;;null;Lyra Health International Ltd;1;1;1;1
2026-07-01 00:00:00.000;2026 07;RL;Ralph Lauren;Spain;Spain;ES;Lyra Health International Ltd;1;1;3;24
2026-07-01 00:00:00.000;2026 07;RL;Ralph Lauren;Switzerland;Spain;ES;Lyra Health International Ltd;1;1;1;18
2026-07-01 00:00:00.000;2026 07;ROA001;Road Accident Fund;South Africa;;null;Lyra Southern Africa Pty Ltd;13;15;15;16
2026-07-01 00:00:00.000;2026 07;ROA001;Road Accident Fund;South Africa;South Africa;ZA;Lyra Southern Africa Pty Ltd;13;18;22;179
2026-07-01 00:00:00.000;2026 07;ROCHE;ROCHE;Algeria;;null;Lyra Health International Ltd;1;1;1;1
2026-07-01 00:00:00.000;2026 07;ROCHE;ROCHE;Algeria;Algeria;DZ;Lyra Health International Ltd;1;1;1;10
2026-07-01 00:00:00.000;2026 07;ROCHE;ROCHE;Argentina;;null;Lyra Health International Ltd;3;3;4;4
2026-07-01 00:00:00.000;2026 07;ROCHE;ROCHE;Argentina;Argentina;AR;Lyra Health International Ltd;1;1;1;2
2026-07-01 00:00:00.000;2026 07;ROCHE;ROCHE;Argentina;Peru;PE;Lyra Health International Ltd;2;2;4;51
2026-07-01 00:00:00.000;2026 07;ROCHE;ROCHE;Australia;;null;Lyra Health International Ltd;2;2;2;3
2026-07-01 00:00:00.000;2026 07;ROCHE;ROCHE;Australia;Australia;AU;Lyra Health International Ltd;2;2;4;82
2026-07-01 00:00:00.000;2026 07;ROCHE;ROCHE;Austria;Austria;AT;Lyra Health International Ltd;1;1;1;22
2026-07-01 00:00:00.000;2026 07;ROCHE;ROCHE;Belgium;;null;Lyra Health International Ltd;0;1;1;1
2026-07-01 00:00:00.000;2026 07;ROCHE;ROCHE;Belgium;Belgium;BE;Lyra Health International Ltd;0;1;2;14
2026-07-01 00:00:00.000;2026 07;ROCHE;ROCHE;Colombia;;null;Lyra Health International Ltd;1;1;1;1
2026-07-01 00:00:00.000;2026 07;ROCHE;ROCHE;Colombia;Colombia;CO;Lyra Health International Ltd;1;1;1;7
2026-07-01 00:00:00.000;2026 07;ROCHE;ROCHE;Costa Rica;;null;Lyra Health International Ltd;7;8;8;8
2026-07-01 00:00:00.000;2026 07;ROCHE;ROCHE;Costa Rica;Costa Rica;CR;Lyra Health International Ltd;7;8;8;39
2026-07-01 00:00:00.000;2026 07;ROCHE;ROCHE;Curaçao;;null;Lyra Health International Ltd;2;2;2;2
2026-07-01 00:00:00.000;2026 07;ROCHE;ROCHE;Curaçao;Curaçao;CW;Lyra Health International Ltd;2;2;3;30
2026-07-01 00:00:00.000;2026 07;ROCHE;ROCHE;Czech Republic;;null;Lyra Health International Ltd;2;2;2;2
2026-07-01 00:00:00.000;2026 07;ROCHE;ROCHE;Czech Republic;Czech Republic;CZ;Lyra Health International Ltd;2;2;2;5
2026-07-01 00:00:00.000;2026 07;ROCHE;ROCHE;Czech Republic;Slovakia;SK;Lyra Health International Ltd;1;2;2;7
2026-07-01 00:00:00.000;2026 07;ROCHE;ROCHE;Côte d`Ivoire;;null;Lyra Health International Ltd;1;1;1;1
2026-07-01 00:00:00.000;2026 07;ROCHE;ROCHE;Côte d`Ivoire;Democratic Republic Congo;CD;Lyra Health International Ltd;1;1;1;2
2026-07-01 00:00:00.000;2026 07;ROCHE;ROCHE;Germany;;null;Lyra Health International Ltd;1;2;2;2
2026-07-01 00:00:00.000;2026 07;ROCHE;ROCHE;Germany;Belgium;BE;Lyra Health International Ltd;0;1;1;54
2026-07-01 00:00:00.000;2026 07;ROCHE;ROCHE;Germany;Bosnia and Herzegovina;BA;Lyra Health International Ltd;1;1;2;31
2026-07-01 00:00:00.000;2026 07;ROCHE;ROCHE;Guatemala;Guatemala;GT;Lyra Health International Ltd;1;1;1;4
2026-07-01 00:00:00.000;2026 07;ROCHE;ROCHE;Hungary;;null;Lyra Health International Ltd;4;7;7;7
2026-07-01 00:00:00.000;2026 07;ROCHE;ROCHE;Hungary;Hungary;HU;Lyra Health International Ltd;4;7;12;90
2026-07-01 00:00:00.000;2026 07;ROCHE;ROCHE;Malaysia;;null;Lyra Health International Ltd;6;8;8;8
2026-07-01 00:00:00.000;2026 07;ROCHE;ROCHE;Malaysia;Australia;AU;Lyra Health International Ltd;0;1;1;4
2026-07-01 00:00:00.000;2026 07;ROCHE;ROCHE;Malaysia;Indonesia;ID;Lyra Health International Ltd;1;1;1;4
2026-07-01 00:00:00.000;2026 07;ROCHE;ROCHE;Malaysia;Malaysia;MY;Lyra Health International Ltd;5;6;13;91
2026-07-01 00:00:00.000;2026 07;ROCHE;ROCHE;Mauritius;;null;Lyra Health International Ltd;0;1;1;1
2026-07-01 00:00:00.000;2026 07;ROCHE;ROCHE;Mauritius;New Zealand;NZ;Lyra Health International Ltd;1;2;2;10
2026-07-01 00:00:00.000;2026 07;ROCHE;ROCHE;Mexico;;null;Lyra Health International Ltd;3;5;7;10
2026-07-01 00:00:00.000;2026 07;ROCHE;ROCHE;Mexico;Mexico;MX;Lyra Health International Ltd;3;5;13;115
2026-07-01 00:00:00.000;2026 07;ROCHE;ROCHE;Netherlands;;null;Lyra Health International Ltd;2;2;2;2
2026-07-01 00:00:00.000;2026 07;ROCHE;ROCHE;Netherlands;Netherlands;NL;Lyra Health International Ltd;2;2;2;23
2026-07-01 00:00:00.000;2026 07;ROCHE;ROCHE;New Zealand;;null;Lyra Health International Ltd;1;1;2;2
2026-07-01 00:00:00.000;2026 07;ROCHE;ROCHE;New Zealand;New Zealand;NZ;Lyra Health International Ltd;1;1;2;18
2026-07-01 00:00:00.000;2026 07;ROCHE;ROCHE;Nigeria;;null;Lyra Health International Ltd;1;1;1;1
2026-07-01 00:00:00.000;2026 07;ROCHE;ROCHE;Nigeria;Nigeria;NG;Lyra Health International Ltd;1;1;1;4
2026-07-01 00:00:00.000;2026 07;ROCHE;ROCHE;Pakistan;;null;Lyra Health International Ltd;1;1;1;1
2026-07-01 00:00:00.000;2026 07;ROCHE;ROCHE;Pakistan;Pakistan;PK;Lyra Health International Ltd;1;1;1;39
2026-07-01 00:00:00.000;2026 07;ROCHE;ROCHE;Peru;;null;Lyra Health International Ltd;0;1;1;1
2026-07-01 00:00:00.000;2026 07;ROCHE;ROCHE;Peru;Peru;PE;Lyra Health International Ltd;0;1;1;2
2026-07-01 00:00:00.000;2026 07;ROCHE;ROCHE;Philippines;;null;Lyra Health International Ltd;1;1;1;1
2026-07-01 00:00:00.000;2026 07;ROCHE;ROCHE;Philippines;Philippines;PH;Lyra Health International Ltd;1;1;1;3
2026-07-01 00:00:00.000;2026 07;ROCHE;ROCHE;Poland;;null;Lyra Health International Ltd;1;3;3;3
2026-07-01 00:00:00.000;2026 07;ROCHE;ROCHE;Poland;Poland;PL;Lyra Health International Ltd;1;2;2;10
2026-07-01 00:00:00.000;2026 07;ROCHE;ROCHE;Poland;Ukraine;UA;Lyra Health International Ltd;0;1;2;2
2026-07-01 00:00:00.000;2026 07;ROCHE;ROCHE;Singapore;;null;Lyra Health International Ltd;8;8;9;10
2026-07-01 00:00:00.000;2026 07;ROCHE;ROCHE;Singapore;Indonesia;ID;Lyra Health International Ltd;1;1;2;27
2026-07-01 00:00:00.000;2026 07;ROCHE;ROCHE;Singapore;Malaysia;MY;Lyra Health International Ltd;3;3;4;49
2026-07-01 00:00:00.000;2026 07;ROCHE;ROCHE;Singapore;Singapore;SG;Lyra Health International Ltd;4;4;7;40
2026-07-01 00:00:00.000;2026 07;ROCHE;ROCHE;Switzerland;;null;Lyra Health International Ltd;8;10;10;10
2026-07-01 00:00:00.000;2026 07;ROCHE;ROCHE;Switzerland;Austria;AT;Lyra Health International Ltd;1;1;2;85
2026-07-01 00:00:00.000;2026 07;ROCHE;ROCHE;Switzerland;Czech Republic;CZ;Lyra Health International Ltd;2;2;5;24
2026-07-01 00:00:00.000;2026 07;ROCHE;ROCHE;Switzerland;Hungary;HU;Lyra Health International Ltd;0;1;1;2
2026-07-01 00:00:00.000;2026 07;ROCHE;ROCHE;Switzerland;Morocco;MA;Lyra Health International Ltd;1;1;2;13
2026-07-01 00:00:00.000;2026 07;ROCHE;ROCHE;Switzerland;Netherlands;NL;Lyra Health International Ltd;1;1;1;5
2026-07-01 00:00:00.000;2026 07;ROCHE;ROCHE;Switzerland;Poland;PL;Lyra Health International Ltd;1;2;2;23
2026-07-01 00:00:00.000;2026 07;ROCHE;ROCHE;Switzerland;Slovenia;SI;Lyra Health International Ltd;1;2;2;41
2026-07-01 00:00:00.000;2026 07;ROCHE;ROCHE;Ukraine;;null;Lyra Health International Ltd;0;1;1;1
2026-07-01 00:00:00.000;2026 07;ROCHE;ROCHE;Ukraine;Ukraine;UA;Lyra Health International Ltd;0;1;1;4
2026-07-01 00:00:00.000;2026 07;ROCHE;ROCHE;United States of America;;null;Lyra Health International Ltd;4;4;4;4
2026-07-01 00:00:00.000;2026 07;ROCHE;ROCHE;United States of America;Costa Rica;CR;Lyra Health International Ltd;4;4;5;71
2026-07-01 00:00:00.000;2026 07;ROCHE;ROCHE;Vietnam;;null;Lyra Health International Ltd;2;2;2;2
2026-07-01 00:00:00.000;2026 07;ROCHE;ROCHE;Vietnam;Vietnam;VN;Lyra Health International Ltd;2;2;2;11
2026-07-01 00:00:00.000;2026 07;ROH001;Rohlig Grindrod Pty Ltd;South Africa;;null;Lyra Southern Africa Pty Ltd;1;1;1;1
2026-07-01 00:00:00.000;2026 07;ROH001;Rohlig Grindrod Pty Ltd;South Africa;South Africa;ZA;Lyra Southern Africa Pty Ltd;2;2;6;57
2026-07-01 00:00:00.000;2026 07;ROMA212;ROMA 212;Mexico;;null;Lyra Mexico and Central America;2;2;2;2
2026-07-01 00:00:00.000;2026 07;ROMA212;ROMA 212;Mexico;Mexico;MX;Lyra Mexico and Central America;2;2;2;16
2026-07-01 00:00:00.000;2026 07;ROOBET;Roobet;Canada;;null;Lyra Health International Ltd;1;2;2;2
2026-07-01 00:00:00.000;2026 07;ROOBET;Roobet;Canada;Canada;CA;Lyra Health International Ltd;0;1;2;29
2026-07-01 00:00:00.000;2026 07;ROOBET;Roobet;Canada;Philippines;PH;Lyra Health International Ltd;1;1;1;2
2026-07-01 00:00:00.000;2026 07;ROOBET;Roobet;United States of America;;null;Lyra Health International Ltd;2;2;2;2
2026-07-01 00:00:00.000;2026 07;ROOBET;Roobet;United States of America;United States of America;US;Lyra Health International Ltd;2;2;3;6
2026-07-01 00:00:00.000;2026 07;ROS001;Rosond (Pty)Ltd;South Africa;;null;Lyra Southern Africa Pty Ltd;1;1;1;1
2026-07-01 00:00:00.000;2026 07;ROS001;Rosond (Pty)Ltd;South Africa;South Africa;ZA;Lyra Southern Africa Pty Ltd;1;1;1;9
2026-07-01 00:00:00.000;2026 07;ROTKAEPPCHENEAP;Rotkäppchen-Mumm Sektkellerei;Germany;;null;Lyra Deutschland GmBH;2;2;2;2
2026-07-01 00:00:00.000;2026 07;ROTKAEPPCHENEAP;Rotkäppchen-Mumm Sektkellerei;Germany;Germany;DE;Lyra Deutschland GmBH;2;2;3;10
2026-07-01 00:00:00.000;2026 07;ROTTLERHUB;Rottler Brillen GmbH & Co. KG;Germany;;null;Lyra Deutschland GmBH;10;11;11;11
2026-07-01 00:00:00.000;2026 07;ROTTLERHUB;Rottler Brillen GmbH & Co. KG;Germany;Germany;DE;Lyra Deutschland GmBH;10;13;22;155
2026-07-01 00:00:00.000;2026 07;RRE001;RRES Retro Rabbit Enterprise Services;South Africa;;null;Lyra Southern Africa Pty Ltd;2;2;3;3
2026-07-01 00:00:00.000;2026 07;RRE001;RRES Retro Rabbit Enterprise Services;South Africa;South Africa;ZA;Lyra Southern Africa Pty Ltd;2;2;2;17
2026-07-01 00:00:00.000;2026 07;RSGROUP;RS Group PLC;Canada;;null;Lyra Health International Ltd;2;2;2;3
2026-07-01 00:00:00.000;2026 07;RSGROUP;RS Group PLC;Canada;Latvia;LV;Lyra Health International Ltd;1;1;1;10
2026-07-01 00:00:00.000;2026 07;RSGROUP;RS Group PLC;Finland;;null;Lyra Health International Ltd;12;15;15;17
2026-07-01 00:00:00.000;2026 07;RSGROUP;RS Group PLC;Finland;Latvia;LV;Lyra Health International Ltd;12;15;23;424
2026-07-01 00:00:00.000;2026 07;RSGROUP;RS Group PLC;Germany;;null;Lyra Health International Ltd;1;1;1;1
2026-07-01 00:00:00.000;2026 07;RSGROUP;RS Group PLC;Germany;Germany;DE;Lyra Health International Ltd;1;1;2;6
2026-07-01 00:00:00.000;2026 07;RSGROUP;RS Group PLC;Hong Kong;;null;Lyra Health International Ltd;1;1;1;1
2026-07-01 00:00:00.000;2026 07;RSGROUP;RS Group PLC;Hong Kong;Philippines;PH;Lyra Health International Ltd;1;1;1;10
2026-07-01 00:00:00.000;2026 07;RSGROUP;RS Group PLC;Italy;;null;Lyra Health International Ltd;1;2;2;2
2026-07-01 00:00:00.000;2026 07;RSGROUP;RS Group PLC;Italy;Italy;IT;Lyra Health International Ltd;1;2;2;26
2026-07-01 00:00:00.000;2026 07;RSGROUP;RS Group PLC;Latvia;;null;Lyra Health International Ltd;5;5;5;5
2026-07-01 00:00:00.000;2026 07;RSGROUP;RS Group PLC;Latvia;Latvia;LV;Lyra Health International Ltd;5;6;9;83
2026-07-01 00:00:00.000;2026 07;RSGROUP;RS Group PLC;Poland;;null;Lyra Health International Ltd;1;2;2;2
2026-07-01 00:00:00.000;2026 07;RSGROUP;RS Group PLC;Poland;Poland;PL;Lyra Health International Ltd;1;2;2;12
2026-07-01 00:00:00.000;2026 07;RSGROUP;RS Group PLC;South Africa;;null;Lyra Health International Ltd;1;1;1;1
2026-07-01 00:00:00.000;2026 07;RSGROUP;RS Group PLC;South Africa;South Africa;ZA;Lyra Health International Ltd;3;3;3;39
2026-07-01 00:00:00.000;2026 07;RSGROUP;RS Group PLC;Spain;;null;Lyra Health International Ltd;2;3;3;3
2026-07-01 00:00:00.000;2026 07;RSGROUP;RS Group PLC;Spain;Spain;ES;Lyra Health International Ltd;1;2;2;14
2026-07-01 00:00:00.000;2026 07;RSGROUP;RS Group PLC;Spain;United Kingdom;GB;Lyra Health International Ltd;1;1;1;12
2026-07-01 00:00:00.000;2026 07;RSGROUP;RS Group PLC;Sweden;;null;Lyra Health International Ltd;1;1;1;1
2026-07-01 00:00:00.000;2026 07;RSGROUP;RS Group PLC;Sweden;Latvia;LV;Lyra Health International Ltd;1;1;1;10
2026-07-01 00:00:00.000;2026 07;RSGROUP;RS Group PLC;Switzerland;;null;Lyra Health International Ltd;5;8;9;9
2026-07-01 00:00:00.000;2026 07;RSGROUP;RS Group PLC;Switzerland;Latvia;LV;Lyra Health International Ltd;6;8;9;138
2026-07-01 00:00:00.000;2026 07;RSGROUP;RS Group PLC;Switzerland;Switzerland;CH;Lyra Health International Ltd;0;1;1;3
2026-07-01 00:00:00.000;2026 07;RSGROUP;RS Group PLC;United Kingdom;;null;Lyra Health International Ltd;8;11;11;11
2026-07-01 00:00:00.000;2026 07;RSGROUP;RS Group PLC;United Kingdom;United Kingdom;GB;Lyra Health International Ltd;8;11;17;158
2026-07-01 00:00:00.000;2026 07;RSKXLYRA;RSK Environment;Tanzania;;null;Lyra Health International Ltd (DMCC) Branch (MENA);1;1;1;1
2026-07-01 00:00:00.000;2026 07;RSKXLYRA;RSK Environment;Tanzania;Tanzania;TZ;Lyra Health International Ltd (DMCC) Branch (MENA);1;1;2;9
2026-07-01 00:00:00.000;2026 07;RSKXLYRA;RSK Environment;United Arab Emirates;;null;Lyra Health International Ltd (DMCC) Branch (MENA);1;2;2;2
2026-07-01 00:00:00.000;2026 07;RSKXLYRA;RSK Environment;United Arab Emirates;United Arab Emirates;AE;Lyra Health International Ltd (DMCC) Branch (MENA);1;1;2;8
2026-07-01 00:00:00.000;2026 07;RSM;RSM Malta;Malta;;null;Lyra Health International Ltd;1;2;2;3
2026-07-01 00:00:00.000;2026 07;RSM;RSM Malta;Malta;Malta;MT;Lyra Health International Ltd;1;2;4;36
2026-07-01 00:00:00.000;2026 07;RWC001;Ingenico;South Africa;;null;Lyra Southern Africa Pty Ltd;1;2;2;2
2026-07-01 00:00:00.000;2026 07;RWC001;Ingenico;South Africa;South Africa;ZA;Lyra Southern Africa Pty Ltd;1;1;2;18
2026-07-01 00:00:00.000;2026 07;SAA001;SAA South African Airways;South Africa;;null;Lyra Southern Africa Pty Ltd;6;7;8;8
2026-07-01 00:00:00.000;2026 07;SAA001;SAA South African Airways;South Africa;South Africa;ZA;Lyra Southern Africa Pty Ltd;6;7;10;116
2026-07-01 00:00:00.000;2026 07;SAA002;SAA Technical;South Africa;;null;Lyra Southern Africa Pty Ltd;3;3;3;3
2026-07-01 00:00:00.000;2026 07;SAA002;SAA Technical;South Africa;South Africa;ZA;Lyra Southern Africa Pty Ltd;4;4;4;29
2026-07-01 00:00:00.000;2026 07;SAB001;SABiomedical;South Africa;;null;Lyra Southern Africa Pty Ltd;1;1;1;1
2026-07-01 00:00:00.000;2026 07;SAB001;SABiomedical;South Africa;South Africa;ZA;Lyra Southern Africa Pty Ltd;1;1;1;7
2026-07-01 00:00:00.000;2026 07;SAB002;SABMR South African Bone Marrow Registry;South Africa;South Africa;ZA;Lyra Southern Africa Pty Ltd;1;1;2;6
2026-07-01 00:00:00.000;2026 07;SABC001;SABC;South Africa;;null;Lyra Southern Africa Pty Ltd;9;10;10;10
2026-07-01 00:00:00.000;2026 07;SABC001;SABC;South Africa;South Africa;ZA;Lyra Southern Africa Pty Ltd;9;10;11;71
2026-07-01 00:00:00.000;2026 07;SAEINSTITUTE;SAE Institute Of North America;Canada;;null;Lyra Health International Ltd;1;1;1;1
2026-07-01 00:00:00.000;2026 07;SAEINSTITUTE;SAE Institute Of North America;Canada;Canada;CA;Lyra Health International Ltd;1;1;1;3
2026-07-01 00:00:00.000;2026 07;SAF003;Safair Operations (Pty) Ltd;South Africa;;null;Lyra Southern Africa Pty Ltd;1;2;2;2
2026-07-01 00:00:00.000;2026 07;SAF003;Safair Operations (Pty) Ltd;South Africa;South Africa;ZA;Lyra Southern Africa Pty Ltd;1;5;5;15
2026-07-01 00:00:00.000;2026 07;SAI002;SAICA;South Africa;;null;Lyra Southern Africa Pty Ltd;1;1;1;1
2026-07-01 00:00:00.000;2026 07;SAI002;SAICA;South Africa;South Africa;ZA;Lyra Southern Africa Pty Ltd;1;1;1;1
2026-07-01 00:00:00.000;2026 07;SAICA001;SAICA Enterprise Development (Pty)Ltd;South Africa;;null;Lyra Southern Africa Pty Ltd;8;9;9;9
2026-07-01 00:00:00.000;2026 07;SAICA001;SAICA Enterprise Development (Pty)Ltd;South Africa;South Africa;ZA;Lyra Southern Africa Pty Ltd;7;8;12;92
2026-07-01 00:00:00.000;2026 07;SAL003;SALGA;South Africa;South Africa;ZA;Lyra Southern Africa Pty Ltd;1;2;2;2
2026-07-01 00:00:00.000;2026 07;SALESFORCE;Salesforce;Brazil;;null;Lyra;1;1;1;1
2026-07-01 00:00:00.000;2026 07;SALESFORCE;Salesforce;Brazil;Brazil;BR;Lyra;1;1;1;3
2026-07-01 00:00:00.000;2026 07;SALESFORCE;Salesforce;Germany;;null;Lyra;1;1;1;1
2026-07-01 00:00:00.000;2026 07;SALESFORCE;Salesforce;Germany;Germany;DE;Lyra;1;1;10;87
2026-07-01 00:00:00.000;2026 07;SALESFORCE;Salesforce;Ireland;;null;Lyra;1;1;1;1
2026-07-01 00:00:00.000;2026 07;SALESFORCE;Salesforce;Ireland;Ireland;IE;Lyra;1;1;1;3
2026-07-01 00:00:00.000;2026 07;SALESFORCE;Salesforce;United Kingdom;;null;Lyra;2;2;2;2
2026-07-01 00:00:00.000;2026 07;SALESFORCE;Salesforce;United Kingdom;Ireland;IE;Lyra;2;2;3;41
2026-07-01 00:00:00.000;2026 07;SALUDMICHELIN;MICHELIN;Mexico;;null;Lyra Mexico and Central America;7;7;7;7
2026-07-01 00:00:00.000;2026 07;SALUDMICHELIN;MICHELIN;Mexico;Mexico;MX;Lyra Mexico and Central America;7;7;9;77
2026-07-01 00:00:00.000;2026 07;SAMRC001;South African Medical Research Council;South Africa;;null;Lyra Southern Africa Pty Ltd;7;8;9;9
2026-07-01 00:00:00.000;2026 07;SAMRC001;South African Medical Research Council;South Africa;South Africa;ZA;Lyra Southern Africa Pty Ltd;8;10;13;65
2026-07-01 00:00:00.000;2026 07;SAN008;SANParks;South Africa;;null;Lyra Southern Africa Pty Ltd;2;2;2;2
2026-07-01 00:00:00.000;2026 07;SAN008;SANParks;South Africa;South Africa;ZA;Lyra Southern Africa Pty Ltd;2;2;2;5
2026-07-01 00:00:00.000;2026 07;SAN014;Sanlam Evolve Siza Water;South Africa;South Africa;ZA;Lyra Southern Africa Pty Ltd;0;1;1;2
2026-07-01 00:00:00.000;2026 07;SAN016;Sandton Radiology;South Africa;;null;Lyra Southern Africa Pty Ltd;2;2;2;2
2026-07-01 00:00:00.000;2026 07;SAN016;Sandton Radiology;South Africa;South Africa;ZA;Lyra Southern Africa Pty Ltd;2;2;2;16
2026-07-01 00:00:00.000;2026 07;SANBI001;SOUTH AFRICAN NATIONAL BIODIVERSITY INSTITUTE;South Africa;;null;Lyra Southern Africa Pty Ltd;1;1;1;1
2026-07-01 00:00:00.000;2026 07;SANBI001;SOUTH AFRICAN NATIONAL BIODIVERSITY INSTITUTE;South Africa;South Africa;ZA;Lyra Southern Africa Pty Ltd;1;1;1;3
2026-07-01 00:00:00.000;2026 07;SANDVIK;Sandvik Mining and Construction SEA Pte Ltd.;Australia;;null;Lyra Health International Ltd;1;1;1;1
2026-07-01 00:00:00.000;2026 07;SANDVIK;Sandvik Mining and Construction SEA Pte Ltd.;Australia;Indonesia;ID;Lyra Health International Ltd;1;1;1;5
2026-07-01 00:00:00.000;2026 07;SANDVIK;Sandvik Mining and Construction SEA Pte Ltd.;Hong Kong;;null;Lyra Health International Ltd;1;1;1;1
2026-07-01 00:00:00.000;2026 07;SANDVIK;Sandvik Mining and Construction SEA Pte Ltd.;Hong Kong;Philippines;PH;Lyra Health International Ltd;1;1;1;2
2026-07-01 00:00:00.000;2026 07;SANDVIK;Sandvik Mining and Construction SEA Pte Ltd.;Indonesia;;null;Lyra Health International Ltd;6;9;12;13
2026-07-01 00:00:00.000;2026 07;SANDVIK;Sandvik Mining and Construction SEA Pte Ltd.;Indonesia;Indonesia;ID;Lyra Health International Ltd;5;9;11;150
2026-07-01 00:00:00.000;2026 07;SANDVIK;Sandvik Mining and Construction SEA Pte Ltd.;Indonesia;Japan;JP;Lyra Health International Ltd;0;1;1;49
2026-07-01 00:00:00.000;2026 07;SANDVIK;Sandvik Mining and Construction SEA Pte Ltd.;Japan;Japan;JP;Lyra Health International Ltd;0;1;1;4
2026-07-01 00:00:00.000;2026 07;SANDVIK;Sandvik Mining and Construction SEA Pte Ltd.;Republic of Korea;;null;Lyra Health International Ltd;2;3;3;3
2026-07-01 00:00:00.000;2026 07;SANDVIK;Sandvik Mining and Construction SEA Pte Ltd.;Republic of Korea;Republic of Korea;KR;Lyra Health International Ltd;2;3;6;61
2026-07-01 00:00:00.000;2026 07;SANDVIK;Sandvik Mining and Construction SEA Pte Ltd.;Singapore;;null;Lyra Health International Ltd;4;6;7;7
2026-07-01 00:00:00.000;2026 07;SANDVIK;Sandvik Mining and Construction SEA Pte Ltd.;Singapore;Indonesia;ID;Lyra Health International Ltd;4;5;7;107
2026-07-01 00:00:00.000;2026 07;SANDVIK;Sandvik Mining and Construction SEA Pte Ltd.;Singapore;Singapore;SG;Lyra Health International Ltd;0;2;2;13
2026-07-01 00:00:00.000;2026 07;SANSXICAS;SANS (Saudi Air Navigation Services);Egypt;;null;Lyra Health International Ltd (DMCC) Branch (MENA);1;1;1;1
2026-07-01 00:00:00.000;2026 07;SANSXICAS;SANS (Saudi Air Navigation Services);Egypt;Saudi Arabia;SA;Lyra Health International Ltd (DMCC) Branch (MENA);1;1;1;12
2026-07-01 00:00:00.000;2026 07;SANSXICAS;SANS (Saudi Air Navigation Services);Saudi Arabia;;null;Lyra Health International Ltd (DMCC) Branch (MENA);9;9;9;10
2026-07-01 00:00:00.000;2026 07;SANSXICAS;SANS (Saudi Air Navigation Services);Saudi Arabia;Saudi Arabia;SA;Lyra Health International Ltd (DMCC) Branch (MENA);11;12;16;74
2026-07-01 00:00:00.000;2026 07;SANSXICAS;SANS (Saudi Air Navigation Services);United Arab Emirates;Saudi Arabia;SA;Lyra Health International Ltd (DMCC) Branch (MENA);0;1;1;1
2026-07-01 00:00:00.000;2026 07;SAP;SAP;Argentina;;null;Lyra Health International Ltd;7;8;10;10
2026-07-01 00:00:00.000;2026 07;SAP;SAP;Argentina;Argentina;AR;Lyra Health International Ltd;5;6;7;22
2026-07-01 00:00:00.000;2026 07;SAP;SAP;Australia;;null;Lyra Health International Ltd;24;28;29;29
2026-07-01 00:00:00.000;2026 07;SAP;SAP;Australia;Australia;AU;Lyra Health International Ltd;22;25;32;171
2026-07-01 00:00:00.000;2026 07;SAP;SAP;Australia;United Kingdom;GB;Lyra Health International Ltd;1;1;1;7
2026-07-01 00:00:00.000;2026 07;SAP;SAP;Austria;;null;Lyra Health International Ltd;4;4;4;4
2026-07-01 00:00:00.000;2026 07;SAP;SAP;Austria;Austria;AT;Lyra Health International Ltd;5;5;5;23
2026-07-01 00:00:00.000;2026 07;SAP;SAP;Belgium;;null;Lyra Health International Ltd;3;3;3;3
2026-07-01 00:00:00.000;2026 07;SAP;SAP;Belgium;Belgium;BE;Lyra Health International Ltd;2;2;3;34
2026-07-01 00:00:00.000;2026 07;SAP;SAP;Belgium;Netherlands;NL;Lyra Health International Ltd;1;1;1;11
2026-07-01 00:00:00.000;2026 07;SAP;SAP;Brazil;;null;Lyra Health International Ltd;7;8;8;8
2026-07-01 00:00:00.000;2026 07;SAP;SAP;Brazil;Brazil;BR;Lyra Health International Ltd;6;7;11;91
2026-07-01 00:00:00.000;2026 07;SAP;SAP;Brazil;Chile;CL;Lyra Health International Ltd;1;1;1;24
2026-07-01 00:00:00.000;2026 07;SAP;SAP;Bulgaria;;null;Lyra Health International Ltd;13;13;13;13
2026-07-01 00:00:00.000;2026 07;SAP;SAP;Bulgaria;Bulgaria;BG;Lyra Health International Ltd;10;10;14;63
2026-07-01 00:00:00.000;2026 07;SAP;SAP;Bulgaria;Ukraine;UA;Lyra Health International Ltd;1;1;3;4
2026-07-01 00:00:00.000;2026 07;SAP;SAP;China;;null;Lyra Health International Ltd;8;8;8;8
2026-07-01 00:00:00.000;2026 07;SAP;SAP;China;China;CN;Lyra Health International Ltd;5;5;5;16
2026-07-01 00:00:00.000;2026 07;SAP;SAP;Colombia;;null;Lyra Health International Ltd;4;4;5;5
2026-07-01 00:00:00.000;2026 07;SAP;SAP;Colombia;Colombia;CO;Lyra Health International Ltd;3;3;5;20
2026-07-01 00:00:00.000;2026 07;SAP;SAP;Colombia;Czech Republic;CZ;Lyra Health International Ltd;1;1;1;4
2026-07-01 00:00:00.000;2026 07;SAP;SAP;Croatia;;null;Lyra Health International Ltd;1;1;1;1
2026-07-01 00:00:00.000;2026 07;SAP;SAP;Croatia;Hungary;HU;Lyra Health International Ltd;1;1;1;14
2026-07-01 00:00:00.000;2026 07;SAP;SAP;Czech Republic;;null;Lyra Health International Ltd;34;38;40;46
2026-07-01 00:00:00.000;2026 07;SAP;SAP;Czech Republic;Austria;AT;Lyra Health International Ltd;1;1;1;9
2026-07-01 00:00:00.000;2026 07;SAP;SAP;Czech Republic;Czech Republic;CZ;Lyra Health International Ltd;29;34;42;268
2026-07-01 00:00:00.000;2026 07;SAP;SAP;Czech Republic;Slovakia;SK;Lyra Health International Ltd;1;1;1;11
2026-07-01 00:00:00.000;2026 07;SAP;SAP;Czech Republic;Spain;ES;Lyra Health International Ltd;1;1;1;1
2026-07-01 00:00:00.000;2026 07;SAP;SAP;Denmark;;null;Lyra Health International Ltd;1;2;2;2
2026-07-01 00:00:00.000;2026 07;SAP;SAP;Denmark;Denmark;DK;Lyra Health International Ltd;1;2;2;15
2026-07-01 00:00:00.000;2026 07;SAP;SAP;Egypt;;null;Lyra Health International Ltd;4;4;4;4
2026-07-01 00:00:00.000;2026 07;SAP;SAP;Egypt;Czech Republic;CZ;Lyra Health International Ltd;1;1;1;4
2026-07-01 00:00:00.000;2026 07;SAP;SAP;Egypt;Egypt;EG;Lyra Health International Ltd;3;3;3;36
2026-07-01 00:00:00.000;2026 07;SAP;SAP;Egypt;United Kingdom;GB;Lyra Health International Ltd;1;1;3;35
2026-07-01 00:00:00.000;2026 07;SAP;SAP;Finland;;null;Lyra Health International Ltd;5;6;6;7
2026-07-01 00:00:00.000;2026 07;SAP;SAP;Finland;Hungary;HU;Lyra Health International Ltd;2;2;2;7
2026-07-01 00:00:00.000;2026 07;SAP;SAP;Finland;Serbia;RS;Lyra Health International Ltd;1;1;1;8
2026-07-01 00:00:00.000;2026 07;SAP;SAP;Finland;Spain;ES;Lyra Health International Ltd;1;1;1;9
2026-07-01 00:00:00.000;2026 07;SAP;SAP;Finland;United Arab Emirates;AE;Lyra Health International Ltd;0;1;1;4
2026-07-01 00:00:00.000;2026 07;SAP;SAP;France;;null;Lyra Health International Ltd;5;5;5;5
2026-07-01 00:00:00.000;2026 07;SAP;SAP;France;France;FR;Lyra Health International Ltd;4;4;4;47
2026-07-01 00:00:00.000;2026 07;SAP;SAP;Germany;;null;Lyra Health International Ltd;10;10;10;10
2026-07-01 00:00:00.000;2026 07;SAP;SAP;Germany;Australia;AU;Lyra Health International Ltd;1;1;1;1
2026-07-01 00:00:00.000;2026 07;SAP;SAP;Germany;Austria;AT;Lyra Health International Ltd;1;1;1;2
2026-07-01 00:00:00.000;2026 07;SAP;SAP;Germany;Bulgaria;BG;Lyra Health International Ltd;1;1;1;41
2026-07-01 00:00:00.000;2026 07;SAP;SAP;Germany;Czech Republic;CZ;Lyra Health International Ltd;2;2;3;17
2026-07-01 00:00:00.000;2026 07;SAP;SAP;Germany;Spain;ES;Lyra Health International Ltd;2;2;2;14
2026-07-01 00:00:00.000;2026 07;SAP;SAP;Greece;;null;Lyra Health International Ltd;1;1;1;1
2026-07-01 00:00:00.000;2026 07;SAP;SAP;Greece;Greece;GR;Lyra Health International Ltd;1;1;2;5
2026-07-01 00:00:00.000;2026 07;SAP;SAP;Hong Kong;;null;Lyra Health International Ltd;1;1;1;1
2026-07-01 00:00:00.000;2026 07;SAP;SAP;Hong Kong;Japan;JP;Lyra Health International Ltd;2;2;2;6
2026-07-01 00:00:00.000;2026 07;SAP;SAP;Hungary;;null;Lyra Health International Ltd;21;25;28;30
2026-07-01 00:00:00.000;2026 07;SAP;SAP;Hungary;Hungary;HU;Lyra Health International Ltd;18;22;34;327
2026-07-01 00:00:00.000;2026 07;SAP;SAP;India;Czech Republic;CZ;Lyra Health International Ltd;1;1;1;5
2026-07-01 00:00:00.000;2026 07;SAP;SAP;Indonesia;;null;Lyra Health International Ltd;8;9;9;10
2026-07-01 00:00:00.000;2026 07;SAP;SAP;Indonesia;Indonesia;ID;Lyra Health International Ltd;5;6;6;38
2026-07-01 00:00:00.000;2026 07;SAP;SAP;Ireland;;null;Lyra Health International Ltd;1;3;3;3
2026-07-01 00:00:00.000;2026 07;SAP;SAP;Ireland;Hungary;HU;Lyra Health International Ltd;0;1;1;12
2026-07-01 00:00:00.000;2026 07;SAP;SAP;Ireland;United Kingdom;GB;Lyra Health International Ltd;1;2;2;16
2026-07-01 00:00:00.000;2026 07;SAP;SAP;Italy;;null;Lyra Health International Ltd;14;15;16;26
2026-07-01 00:00:00.000;2026 07;SAP;SAP;Italy;Czech Republic;CZ;Lyra Health International Ltd;1;1;1;9
2026-07-01 00:00:00.000;2026 07;SAP;SAP;Italy;Italy;IT;Lyra Health International Ltd;11;13;19;156
2026-07-01 00:00:00.000;2026 07;SAP;SAP;Japan;;null;Lyra Health International Ltd;3;7;8;8
2026-07-01 00:00:00.000;2026 07;SAP;SAP;Japan;Greece;GR;Lyra Health International Ltd;0;1;1;4
2026-07-01 00:00:00.000;2026 07;SAP;SAP;Japan;Japan;JP;Lyra Health International Ltd;4;7;11;80
2026-07-01 00:00:00.000;2026 07;SAP;SAP;Kenya;;null;Lyra Health International Ltd;1;1;1;1
2026-07-01 00:00:00.000;2026 07;SAP;SAP;Kenya;Kenya;KE;Lyra Health International Ltd;1;1;1;2
2026-07-01 00:00:00.000;2026 07;SAP;SAP;Malaysia;;null;Lyra Health International Ltd;4;5;6;7
2026-07-01 00:00:00.000;2026 07;SAP;SAP;Malaysia;Malaysia;MY;Lyra Health International Ltd;3;4;5;28
2026-07-01 00:00:00.000;2026 07;SAP;SAP;Mexico;;null;Lyra Health International Ltd;4;4;4;4
2026-07-01 00:00:00.000;2026 07;SAP;SAP;Mexico;Mexico;MX;Lyra Health International Ltd;4;4;4;33
2026-07-01 00:00:00.000;2026 07;SAP;SAP;Netherlands;;null;Lyra Health International Ltd;3;3;3;3
2026-07-01 00:00:00.000;2026 07;SAP;SAP;Netherlands;Czech Republic;CZ;Lyra Health International Ltd;0;1;1;6
2026-07-01 00:00:00.000;2026 07;SAP;SAP;Netherlands;Netherlands;NL;Lyra Health International Ltd;3;3;3;34
2026-07-01 00:00:00.000;2026 07;SAP;SAP;Netherlands;Ukraine;UA;Lyra Health International Ltd;1;1;1;11
2026-07-01 00:00:00.000;2026 07;SAP;SAP;Philippines;;null;Lyra Health International Ltd;6;9;9;10
2026-07-01 00:00:00.000;2026 07;SAP;SAP;Philippines;Philippines;PH;Lyra Health International Ltd;5;8;10;76
2026-07-01 00:00:00.000;2026 07;SAP;SAP;Poland;;null;Lyra Health International Ltd;7;8;9;9
2026-07-01 00:00:00.000;2026 07;SAP;SAP;Poland;Poland;PL;Lyra Health International Ltd;6;7;14;97
2026-07-01 00:00:00.000;2026 07;SAP;SAP;Portugal;;null;Lyra Health International Ltd;2;2;2;2
2026-07-01 00:00:00.000;2026 07;SAP;SAP;Portugal;Czech Republic;CZ;Lyra Health International Ltd;1;1;2;11
2026-07-01 00:00:00.000;2026 07;SAP;SAP;Republic of Korea;;null;Lyra Health International Ltd;8;8;8;8
2026-07-01 00:00:00.000;2026 07;SAP;SAP;Republic of Korea;Japan;JP;Lyra Health International Ltd;1;1;1;22
2026-07-01 00:00:00.000;2026 07;SAP;SAP;Republic of Korea;Philippines;PH;Lyra Health International Ltd;1;1;1;2
2026-07-01 00:00:00.000;2026 07;SAP;SAP;Republic of Korea;Republic of Korea;KR;Lyra Health International Ltd;5;5;5;52
2026-07-01 00:00:00.000;2026 07;SAP;SAP;Romania;;null;Lyra Health International Ltd;2;2;2;2
2026-07-01 00:00:00.000;2026 07;SAP;SAP;Romania;Romania;RO;Lyra Health International Ltd;2;2;2;11
2026-07-01 00:00:00.000;2026 07;SAP;SAP;Saudi Arabia;;null;Lyra Health International Ltd;2;2;2;2
2026-07-01 00:00:00.000;2026 07;SAP;SAP;Saudi Arabia;Saudi Arabia;SA;Lyra Health International Ltd;2;2;2;10
2026-07-01 00:00:00.000;2026 07;SAP;SAP;Serbia;;null;Lyra Health International Ltd;4;4;4;4
2026-07-01 00:00:00.000;2026 07;SAP;SAP;Serbia;Serbia;RS;Lyra Health International Ltd;4;4;4;12
2026-07-01 00:00:00.000;2026 07;SAP;SAP;Singapore;;null;Lyra Health International Ltd;6;7;7;7
2026-07-01 00:00:00.000;2026 07;SAP;SAP;Singapore;Singapore;SG;Lyra Health International Ltd;5;6;8;99
2026-07-01 00:00:00.000;2026 07;SAP;SAP;Slovenia;;null;Lyra Health International Ltd;5;5;5;5
2026-07-01 00:00:00.000;2026 07;SAP;SAP;Slovenia;Slovenia;SI;Lyra Health International Ltd;5;5;6;62
2026-07-01 00:00:00.000;2026 07;SAP;SAP;South Africa;;null;Lyra Health International Ltd;5;9;9;9
2026-07-01 00:00:00.000;2026 07;SAP;SAP;South Africa;France;FR;Lyra Health International Ltd;0;1;2;16
2026-07-01 00:00:00.000;2026 07;SAP;SAP;South Africa;South Africa;ZA;Lyra Health International Ltd;5;8;11;90
2026-07-01 00:00:00.000;2026 07;SAP;SAP;Spain;;null;Lyra Health International Ltd;35;36;37;37
2026-07-01 00:00:00.000;2026 07;SAP;SAP;Spain;Belgium;BE;Lyra Health International Ltd;1;1;1;5
2026-07-01 00:00:00.000;2026 07;SAP;SAP;Spain;Colombia;CO;Lyra Health International Ltd;1;1;1;1
2026-07-01 00:00:00.000;2026 07;SAP;SAP;Spain;Czech Republic;CZ;Lyra Health International Ltd;0;1;1;4
2026-07-01 00:00:00.000;2026 07;SAP;SAP;Spain;Italy;IT;Lyra Health International Ltd;1;1;1;11
2026-07-01 00:00:00.000;2026 07;SAP;SAP;Spain;Portugal;PT;Lyra Health International Ltd;1;1;3;31
2026-07-01 00:00:00.000;2026 07;SAP;SAP;Spain;Spain;ES;Lyra Health International Ltd;28;30;31;219
2026-07-01 00:00:00.000;2026 07;SAP;SAP;Spain;United Kingdom;GB;Lyra Health International Ltd;1;1;1;14
2026-07-01 00:00:00.000;2026 07;SAP;SAP;Spain;Venezuela;VE;Lyra Health International Ltd;1;1;1;7
2026-07-01 00:00:00.000;2026 07;SAP;SAP;Switzerland;;null;Lyra Health International Ltd;4;4;4;4
2026-07-01 00:00:00.000;2026 07;SAP;SAP;Switzerland;Switzerland;CH;Lyra Health International Ltd;4;4;4;12
2026-07-01 00:00:00.000;2026 07;SAP;SAP;Taiwan (Republic of China);;null;Lyra Health International Ltd;2;2;2;2
2026-07-01 00:00:00.000;2026 07;SAP;SAP;Taiwan (Republic of China);Philippines;PH;Lyra Health International Ltd;2;2;2;9
2026-07-01 00:00:00.000;2026 07;SAP;SAP;Thailand;;null;Lyra Health International Ltd;1;1;1;1
2026-07-01 00:00:00.000;2026 07;SAP;SAP;Thailand;Thailand;TH;Lyra Health International Ltd;1;1;1;7
2026-07-01 00:00:00.000;2026 07;SAP;SAP;Turkey;;null;Lyra Health International Ltd;3;3;3;3
2026-07-01 00:00:00.000;2026 07;SAP;SAP;Turkey;Czech Republic;CZ;Lyra Health International Ltd;1;1;1;3
2026-07-01 00:00:00.000;2026 07;SAP;SAP;Turkey;Italy;IT;Lyra Health International Ltd;1;1;2;25
2026-07-01 00:00:00.000;2026 07;SAP;SAP;Turkey;Turkey;TR;Lyra Health International Ltd;1;1;1;7
2026-07-01 00:00:00.000;2026 07;SAP;SAP;Ukraine;;null;Lyra Health International Ltd;1;1;1;1
2026-07-01 00:00:00.000;2026 07;SAP;SAP;Ukraine;Ukraine;UA;Lyra Health International Ltd;1;1;1;7
2026-07-01 00:00:00.000;2026 07;SAP;SAP;United Kingdom;;null;Lyra Health International Ltd;20;21;27;34
2026-07-01 00:00:00.000;2026 07;SAP;SAP;United Kingdom;Czech Republic;CZ;Lyra Health International Ltd;1;1;1;10
2026-07-01 00:00:00.000;2026 07;SAP;SAP;United Kingdom;United Kingdom;GB;Lyra Health International Ltd;19;21;36;243
2026-07-01 00:00:00.000;2026 07;SAP;SAP;United States of America;;null;Lyra Health International Ltd;2;2;2;2
2026-07-01 00:00:00.000;2026 07;SAP;SAP;United States of America;Mexico;MX;Lyra Health International Ltd;1;1;1;2
2026-07-01 00:00:00.000;2026 07;SAP;SAP;Vietnam;;null;Lyra Health International Ltd;4;4;4;4
2026-07-01 00:00:00.000;2026 07;SAP;SAP;Vietnam;Vietnam;VN;Lyra Health International Ltd;3;3;4;32
2026-07-01 00:00:00.000;2026 07;SAPHUB;SAP (Test Preview);South Africa;;null;Lyra Health International Ltd;1;1;1;1
2026-07-01 00:00:00.000;2026 07;SAPHUB;SAP (Test Preview);South Africa;South Africa;ZA;Lyra Health International Ltd;1;1;1;9
2026-07-01 00:00:00.000;2026 07;SAR004;South African Revenue Service;Eswatini;;null;Lyra Southern Africa Pty Ltd;2;2;2;2
2026-07-01 00:00:00.000;2026 07;SAR004;South African Revenue Service;Eswatini;South Africa;ZA;Lyra Southern Africa Pty Ltd;2;2;2;4
2026-07-01 00:00:00.000;2026 07;SAR004;South African Revenue Service;South Africa;;null;Lyra Southern Africa Pty Ltd;136;157;164;172
2026-07-01 00:00:00.000;2026 07;SAR004;South African Revenue Service;South Africa;South Africa;ZA;Lyra Southern Africa Pty Ltd;131;161;226;1351
2026-07-01 00:00:00.000;2026 07;SAR004;South African Revenue Service;United Kingdom;;null;Lyra Southern Africa Pty Ltd;0;1;1;1
2026-07-01 00:00:00.000;2026 07;SAR004;South African Revenue Service;United Kingdom;South Africa;ZA;Lyra Southern Africa Pty Ltd;0;1;2;7
2026-07-01 00:00:00.000;2026 07;SAW001;South African Weather Service;South Africa;South Africa;ZA;Lyra Southern Africa Pty Ltd;1;1;1;1
2026-07-01 00:00:00.000;2026 07;SB001;SBV;Ghana;South Africa;ZA;Lyra Southern Africa Pty Ltd;0;1;1;1
2026-07-01 00:00:00.000;2026 07;SBDHUB22;Stanley Black & Decker;Argentina;;null;Lyra Health International Ltd;1;1;1;1
2026-07-01 00:00:00.000;2026 07;SBDHUB22;Stanley Black & Decker;Argentina;Argentina;AR;Lyra Health International Ltd;1;1;1;2
2026-07-01 00:00:00.000;2026 07;SBDHUB22;Stanley Black & Decker;Australia;;null;Lyra Health International Ltd;0;1;1;1
2026-07-01 00:00:00.000;2026 07;SBDHUB22;Stanley Black & Decker;Australia;Australia;AU;Lyra Health International Ltd;0;1;3;3
2026-07-01 00:00:00.000;2026 07;SBDHUB22;Stanley Black & Decker;Belgium;;null;Lyra Health International Ltd;0;1;1;1
2026-07-01 00:00:00.000;2026 07;SBDHUB22;Stanley Black & Decker;Belgium;China;CN;Lyra Health International Ltd;0;1;1;25
2026-07-01 00:00:00.000;2026 07;SBDHUB22;Stanley Black & Decker;Brazil;;null;Lyra Health International Ltd;1;1;1;1
2026-07-01 00:00:00.000;2026 07;SBDHUB22;Stanley Black & Decker;Brazil;Brazil;BR;Lyra Health International Ltd;1;1;1;7
2026-07-01 00:00:00.000;2026 07;SBDHUB22;Stanley Black & Decker;Canada;;null;Lyra Health International Ltd;3;3;3;3
2026-07-01 00:00:00.000;2026 07;SBDHUB22;Stanley Black & Decker;Canada;Canada;CA;Lyra Health International Ltd;3;3;4;44
2026-07-01 00:00:00.000;2026 07;SBDHUB22;Stanley Black & Decker;Chile;;null;Lyra Health International Ltd;1;1;1;1
2026-07-01 00:00:00.000;2026 07;SBDHUB22;Stanley Black & Decker;Chile;Chile;CL;Lyra Health International Ltd;1;1;1;10
2026-07-01 00:00:00.000;2026 07;SBDHUB22;Stanley Black & Decker;Colombia;;null;Lyra Health International Ltd;2;2;2;2
2026-07-01 00:00:00.000;2026 07;SBDHUB22;Stanley Black & Decker;Colombia;Colombia;CO;Lyra Health International Ltd;2;2;3;10
2026-07-01 00:00:00.000;2026 07;SBDHUB22;Stanley Black & Decker;Denmark;;null;Lyra Health International Ltd;0;1;1;2
2026-07-01 00:00:00.000;2026 07;SBDHUB22;Stanley Black & Decker;Denmark;Denmark;DK;Lyra Health International Ltd;0;1;1;1
2026-07-01 00:00:00.000;2026 07;SBDHUB22;Stanley Black & Decker;France;;null;Lyra Health International Ltd;2;3;3;3
2026-07-01 00:00:00.000;2026 07;SBDHUB22;Stanley Black & Decker;France;France;FR;Lyra Health International Ltd;1;2;4;23
2026-07-01 00:00:00.000;2026 07;SBDHUB22;Stanley Black & Decker;Germany;;null;Lyra Health International Ltd;5;5;5;5
2026-07-01 00:00:00.000;2026 07;SBDHUB22;Stanley Black & Decker;Germany;Germany;DE;Lyra Health International Ltd;5;5;6;85
2026-07-01 00:00:00.000;2026 07;SBDHUB22;Stanley Black & Decker;India;;null;Lyra Health International Ltd;1;1;1;1
2026-07-01 00:00:00.000;2026 07;SBDHUB22;Stanley Black & Decker;India;India;IN;Lyra Health International Ltd;1;1;1;11
2026-07-01 00:00:00.000;2026 07;SBDHUB22;Stanley Black & Decker;Italy;;null;Lyra Health International Ltd;1;1;1;1
2026-07-01 00:00:00.000;2026 07;SBDHUB22;Stanley Black & Decker;Italy;Italy;IT;Lyra Health International Ltd;1;1;1;7
2026-07-01 00:00:00.000;2026 07;SBDHUB22;Stanley Black & Decker;Malaysia;;null;Lyra Health International Ltd;1;1;1;1
2026-07-01 00:00:00.000;2026 07;SBDHUB22;Stanley Black & Decker;Malaysia;Malaysia;MY;Lyra Health International Ltd;1;1;1;3
2026-07-01 00:00:00.000;2026 07;SBDHUB22;Stanley Black & Decker;Mexico;;null;Lyra Health International Ltd;6;6;6;6
2026-07-01 00:00:00.000;2026 07;SBDHUB22;Stanley Black & Decker;Mexico;Mexico;MX;Lyra Health International Ltd;5;5;8;125
2026-07-01 00:00:00.000;2026 07;SBDHUB22;Stanley Black & Decker;Netherlands;;null;Lyra Health International Ltd;1;1;1;1
2026-07-01 00:00:00.000;2026 07;SBDHUB22;Stanley Black & Decker;Netherlands;Netherlands;NL;Lyra Health International Ltd;1;1;1;4
2026-07-01 00:00:00.000;2026 07;SBDHUB22;Stanley Black & Decker;Spain;;null;Lyra Health International Ltd;1;2;2;2
2026-07-01 00:00:00.000;2026 07;SBDHUB22;Stanley Black & Decker;Spain;Spain;ES;Lyra Health International Ltd;1;3;4;16
2026-07-01 00:00:00.000;2026 07;SBDHUB22;Stanley Black & Decker;Sweden;;null;Lyra Health International Ltd;1;1;1;1
2026-07-01 00:00:00.000;2026 07;SBDHUB22;Stanley Black & Decker;Sweden;Sweden;SE;Lyra Health International Ltd;1;1;2;17
2026-07-01 00:00:00.000;2026 07;SBDHUB22;Stanley Black & Decker;Taiwan (Republic of China);;null;Lyra Health International Ltd;0;1;1;1
2026-07-01 00:00:00.000;2026 07;SBDHUB22;Stanley Black & Decker;Taiwan (Republic of China);Taiwan (Republic of China);TW;Lyra Health International Ltd;0;1;1;8
2026-07-01 00:00:00.000;2026 07;SBDHUB22;Stanley Black & Decker;United Kingdom;;null;Lyra Health International Ltd;10;10;11;11
2026-07-01 00:00:00.000;2026 07;SBDHUB22;Stanley Black & Decker;United Kingdom;United Kingdom;GB;Lyra Health International Ltd;8;10;17;329
2026-07-01 00:00:00.000;2026 07;SBDHUB22;Stanley Black & Decker;United States of America;;null;Lyra Health International Ltd;0;1;1;1
2026-07-01 00:00:00.000;2026 07;SBDHUB22;Stanley Black & Decker;United States of America;Mexico;MX;Lyra Health International Ltd;0;1;1;4
2026-07-01 00:00:00.000;2026 07;SBDHUB22;Stanley Black & Decker;United States of America;Spain;ES;Lyra Health International Ltd;0;1;2;4
2026-07-01 00:00:00.000;2026 07;SBG;SBG India (Sesamme Bank);India;;null;Lyra Mental Health India Private Limited;3;3;3;3
2026-07-01 00:00:00.000;2026 07;SBG;SBG India (Sesamme Bank);India;India;IN;Lyra Mental Health India Private Limited;4;4;5;36
2026-07-01 00:00:00.000;2026 07;SBG001;SBGhana;Ghana;;null;Lyra Southern Africa Pty Ltd;4;5;5;5
2026-07-01 00:00:00.000;2026 07;SBG001;SBGhana;Ghana;Ghana;GH;Lyra Southern Africa Pty Ltd;5;7;9;30
2026-07-01 00:00:00.000;2026 07;SBV001;SBV Services;South Africa;;null;Lyra Southern Africa Pty Ltd;2;4;4;4
2026-07-01 00:00:00.000;2026 07;SBV001;SBV Services;South Africa;South Africa;ZA;Lyra Southern Africa Pty Ltd;2;4;6;105
2026-07-01 00:00:00.000;2026 07;SCHUFAEAP;SCHUFA Holding AG;Germany;;null;Lyra Deutschland GmBH;2;2;2;2
2026-07-01 00:00:00.000;2026 07;SCHUFAEAP;SCHUFA Holding AG;Germany;Germany;DE;Lyra Deutschland GmBH;2;2;2;14
2026-07-01 00:00:00.000;2026 07;SCHUTZWERKHUB;SCHUTZWERK GmbH;Germany;;null;Lyra Deutschland GmBH;1;2;2;2
2026-07-01 00:00:00.000;2026 07;SCHUTZWERKHUB;SCHUTZWERK GmbH;Germany;Germany;DE;Lyra Deutschland GmBH;1;2;5;80
2026-07-01 00:00:00.000;2026 07;SCI002;Sci Bono Discovery Centre;South Africa;;null;Lyra Southern Africa Pty Ltd;1;1;1;1
2026-07-01 00:00:00.000;2026 07;SCI002;Sci Bono Discovery Centre;South Africa;South Africa;ZA;Lyra Southern Africa Pty Ltd;1;2;2;5
2026-07-01 00:00:00.000;2026 07;SCJOHNSON;SC Johnson;Austria;;null;Lyra Health International Ltd;1;1;1;1
2026-07-01 00:00:00.000;2026 07;SCJOHNSON;SC Johnson;Austria;Czech Republic;CZ;Lyra Health International Ltd;1;1;1;9
2026-07-01 00:00:00.000;2026 07;SCJOHNSON;SC Johnson;Belgium;;null;Lyra Health International Ltd;1;1;1;1
2026-07-01 00:00:00.000;2026 07;SCJOHNSON;SC Johnson;Belgium;Belgium;BE;Lyra Health International Ltd;1;1;1;3
2026-07-01 00:00:00.000;2026 07;SCJOHNSON;SC Johnson;Chile;;null;Lyra Health International Ltd;1;1;1;1
2026-07-01 00:00:00.000;2026 07;SCJOHNSON;SC Johnson;Chile;Chile;CL;Lyra Health International Ltd;1;1;1;36
2026-07-01 00:00:00.000;2026 07;SCJOHNSON;SC Johnson;China;;null;Lyra Health International Ltd;0;1;1;1
2026-07-01 00:00:00.000;2026 07;SCJOHNSON;SC Johnson;China;China;CN;Lyra Health International Ltd;0;1;1;3
2026-07-01 00:00:00.000;2026 07;SCJOHNSON;SC Johnson;Colombia;;null;Lyra Health International Ltd;1;1;1;1
2026-07-01 00:00:00.000;2026 07;SCJOHNSON;SC Johnson;Colombia;Colombia;CO;Lyra Health International Ltd;1;1;2;5
2026-07-01 00:00:00.000;2026 07;SCJOHNSON;SC Johnson;Czech Republic;Czech Republic;CZ;Lyra Health International Ltd;1;1;1;3
2026-07-01 00:00:00.000;2026 07;SCJOHNSON;SC Johnson;Germany;;null;Lyra Health International Ltd;0;1;1;1
2026-07-01 00:00:00.000;2026 07;SCJOHNSON;SC Johnson;Germany;Germany;DE;Lyra Health International Ltd;0;2;3;25
2026-07-01 00:00:00.000;2026 07;SCJOHNSON;SC Johnson;Indonesia;;null;Lyra Health International Ltd;1;2;2;2
2026-07-01 00:00:00.000;2026 07;SCJOHNSON;SC Johnson;Indonesia;Indonesia;ID;Lyra Health International Ltd;1;3;4;22
2026-07-01 00:00:00.000;2026 07;SCJOHNSON;SC Johnson;Mexico;;null;Lyra Health International Ltd;2;3;3;3
2026-07-01 00:00:00.000;2026 07;SCJOHNSON;SC Johnson;Mexico;Mexico;MX;Lyra Health International Ltd;2;4;4;11
2026-07-01 00:00:00.000;2026 07;SCJOHNSON;SC Johnson;United Kingdom;;null;Lyra Health International Ltd;2;3;3;3
2026-07-01 00:00:00.000;2026 07;SCJOHNSON;SC Johnson;United Kingdom;United Kingdom;GB;Lyra Health International Ltd;2;3;4;55
2026-07-01 00:00:00.000;2026 07;SCJOHNSON;SC Johnson;United States of America;;null;Lyra Health International Ltd;0;2;2;2
2026-07-01 00:00:00.000;2026 07;SCJOHNSON;SC Johnson;United States of America;Philippines;PH;Lyra Health International Ltd;0;1;1;3
2026-07-01 00:00:00.000;2026 07;SCJOHNSON;SC Johnson;United States of America;United Kingdom;GB;Lyra Health International Ltd;1;1;1;4
2026-07-01 00:00:00.000;2026 07;SCJOHNSON;SC Johnson;United States of America;Venezuela;VE;Lyra Health International Ltd;0;1;1;23
2026-07-01 00:00:00.000;2026 07;SCJOHNSON;SC Johnson;Venezuela;;null;Lyra Health International Ltd;2;2;2;2
2026-07-01 00:00:00.000;2026 07;SCJOHNSON;SC Johnson;Venezuela;Venezuela;VE;Lyra Health International Ltd;2;2;3;14
2026-07-01 00:00:00.000;2026 07;SCO001;Scott Bader South Africa;South Africa;South Africa;ZA;Lyra Southern Africa Pty Ltd;0;1;1;5
2026-07-01 00:00:00.000;2026 07;SDCMY;StarDream Cruises (Malaysia);Malaysia;;null;Lyra Health Malaysia Sdn Bhd;1;4;4;4
2026-07-01 00:00:00.000;2026 07;SDCMY;StarDream Cruises (Malaysia);Malaysia;Malaysia;MY;Lyra Health Malaysia Sdn Bhd;1;4;12;30
2026-07-01 00:00:00.000;2026 07;SDCSI;StarDream Cruises (Singapore);Malaysia;;null;Lyra Health Malaysia Sdn Bhd;0;1;1;1
2026-07-01 00:00:00.000;2026 07;SDCSI;StarDream Cruises (Singapore);Malaysia;Singapore;SG;Lyra Health Malaysia Sdn Bhd;0;1;3;14
2026-07-01 00:00:00.000;2026 07;SEA003;SEACOM South Africa;South Africa;;null;Lyra Southern Africa Pty Ltd;2;2;2;2
2026-07-01 00:00:00.000;2026 07;SEA003;SEACOM South Africa;South Africa;South Africa;ZA;Lyra Southern Africa Pty Ltd;2;2;2;17
2026-07-01 00:00:00.000;2026 07;SEC002;Section27;South Africa;South Africa;ZA;Lyra Southern Africa Pty Ltd;0;1;2;55
2026-07-01 00:00:00.000;2026 07;SEC003;Securitas SA Holdings;South Africa;;null;Lyra Southern Africa Pty Ltd;1;2;2;2
2026-07-01 00:00:00.000;2026 07;SEC003;Securitas SA Holdings;South Africa;South Africa;ZA;Lyra Southern Africa Pty Ltd;1;2;2;32
2026-07-01 00:00:00.000;2026 07;SECURITAS;Securitas Technology France;France;France;FR;Lyra France SASU;1;1;1;1
2026-07-01 00:00:00.000;2026 07;SECUVERAHUB;Secuvera GmbH;Germany;;null;Lyra Deutschland GmBH;2;2;2;2
2026-07-01 00:00:00.000;2026 07;SECUVERAHUB;Secuvera GmbH;Germany;Germany;DE;Lyra Deutschland GmBH;2;2;3;27
2026-07-01 00:00:00.000;2026 07;SED001;Small Enterprise Development Finance Agency SEDFA;South Africa;;null;Lyra Southern Africa Pty Ltd;10;14;14;14
2026-07-01 00:00:00.000;2026 07;SED001;Small Enterprise Development Finance Agency SEDFA;South Africa;South Africa;ZA;Lyra Southern Africa Pty Ltd;12;19;29;241
2026-07-01 00:00:00.000;2026 07;SEF001;SEF The Small Enterprise Foundation;South Africa;;null;Lyra Southern Africa Pty Ltd;5;6;7;8
2026-07-01 00:00:00.000;2026 07;SEF001;SEF The Small Enterprise Foundation;South Africa;South Africa;ZA;Lyra Southern Africa Pty Ltd;5;6;11;39
2026-07-01 00:00:00.000;2026 07;SEMI;SEMI;Germany;;null;Lyra Health International Ltd;2;2;2;2
2026-07-01 00:00:00.000;2026 07;SEMI;SEMI;Germany;Belgium;BE;Lyra Health International Ltd;1;1;1;11
2026-07-01 00:00:00.000;2026 07;SEMI;SEMI;Germany;Germany;DE;Lyra Health International Ltd;1;1;1;19
2026-07-01 00:00:00.000;2026 07;SEMI;SEMI;Republic of Korea;;null;Lyra Health International Ltd;1;1;1;1
2026-07-01 00:00:00.000;2026 07;SEMI;SEMI;Republic of Korea;Republic of Korea;KR;Lyra Health International Ltd;1;1;1;17
2026-07-01 00:00:00.000;2026 07;SEMI;SEMI;United States of America;;null;Lyra Health International Ltd;1;2;2;2
2026-07-01 00:00:00.000;2026 07;SEMI;SEMI;United States of America;Japan;JP;Lyra Health International Ltd;0;1;2;3
2026-07-01 00:00:00.000;2026 07;SEN001;Senet;South Africa;;null;Lyra Southern Africa Pty Ltd;1;1;1;1
2026-07-01 00:00:00.000;2026 07;SEN001;Senet;South Africa;South Africa;ZA;Lyra Southern Africa Pty Ltd;1;1;1;38
2026-07-01 00:00:00.000;2026 07;SEN002;SENTECH SOC LIMITED;South Africa;;null;Lyra Southern Africa Pty Ltd;1;1;1;1
2026-07-01 00:00:00.000;2026 07;SEN002;SENTECH SOC LIMITED;South Africa;South Africa;ZA;Lyra Southern Africa Pty Ltd;2;3;3;10
2026-07-01 00:00:00.000;2026 07;SENERGY;Siemens Energy;Mexico;;null;Lyra Mexico and Central America;1;3;4;4
2026-07-01 00:00:00.000;2026 07;SENERGY;Siemens Energy;Mexico;Mexico;MX;Lyra Mexico and Central America;2;4;7;44
2026-07-01 00:00:00.000;2026 07;SEP001;Siemens Energy Proprietary Limited;South Africa;;null;Lyra Southern Africa Pty Ltd;1;1;1;1
2026-07-01 00:00:00.000;2026 07;SEP001;Siemens Energy Proprietary Limited;South Africa;South Africa;ZA;Lyra Southern Africa Pty Ltd;1;1;1;2
2026-07-01 00:00:00.000;2026 07;SET001;Setshaba Research Centre;South Africa;;null;Lyra Southern Africa Pty Ltd;1;1;1;1
2026-07-01 00:00:00.000;2026 07;SET001;Setshaba Research Centre;South Africa;South Africa;ZA;Lyra Southern Africa Pty Ltd;1;1;2;8
2026-07-01 00:00:00.000;2026 07;SEW001;SEW Eurodrive;South Africa;;null;Lyra Southern Africa Pty Ltd;1;1;1;1
2026-07-01 00:00:00.000;2026 07;SEW001;SEW Eurodrive;South Africa;South Africa;ZA;Lyra Southern Africa Pty Ltd;1;1;4;38
2026-07-01 00:00:00.000;2026 07;SGAMESA;Siemens Gamesa;Argentina;;null;Lyra Mexico and Central America;0;1;1;1
2026-07-01 00:00:00.000;2026 07;SGAMESA;Siemens Gamesa;Argentina;Argentina;AR;Lyra Mexico and Central America;0;1;1;3
2026-07-01 00:00:00.000;2026 07;SGAMESA;Siemens Gamesa;Mexico;;null;Lyra Mexico and Central America;1;3;3;3
2026-07-01 00:00:00.000;2026 07;SGAMESA;Siemens Gamesa;Mexico;Mexico;MX;Lyra Mexico and Central America;2;4;5;73
2026-07-01 00:00:00.000;2026 07;SGAMESA;Siemens Gamesa;United States of America;;null;Lyra Mexico and Central America;1;1;1;1
2026-07-01 00:00:00.000;2026 07;SGAMESA;Siemens Gamesa;United States of America;Mexico;MX;Lyra Mexico and Central America;1;1;1;8
2026-07-01 00:00:00.000;2026 07;SGS001;SGS;Qatar;South Africa;ZA;Lyra Southern Africa Pty Ltd;1;1;1;1
2026-07-01 00:00:00.000;2026 07;SGS001;SGS;South Africa;;null;Lyra Southern Africa Pty Ltd;2;5;5;5
2026-07-01 00:00:00.000;2026 07;SGS001;SGS;South Africa;South Africa;ZA;Lyra Southern Africa Pty Ltd;2;5;10;53
2026-07-01 00:00:00.000;2026 07;SHE002;Shell Downstream South Africa;South Africa;;null;Lyra Southern Africa Pty Ltd;5;6;6;6
2026-07-01 00:00:00.000;2026 07;SHE002;Shell Downstream South Africa;South Africa;South Africa;ZA;Lyra Southern Africa Pty Ltd;5;8;14;80
2026-07-01 00:00:00.000;2026 07;SHELLEGYPTXICAS;Shell Egypt;Egypt;;null;Lyra Health International Ltd (DMCC) Branch (MENA);1;1;1;1
2026-07-01 00:00:00.000;2026 07;SHELLIT;Shell Italy;Italy;;null;Lyra Italy SRL;0;1;1;1
2026-07-01 00:00:00.000;2026 07;SHELLIT;Shell Italy;Italy;Italy;IT;Lyra Italy SRL;2;3;5;57
2026-07-01 00:00:00.000;2026 07;SHELLMENAXICAS;Shell MENA;Poland;;null;Lyra Health International Ltd (DMCC) Branch (MENA);1;1;1;1
2026-07-01 00:00:00.000;2026 07;SHELLOMANXICAS;Shell Oman;Egypt;Oman;OM;Lyra Health International Ltd (DMCC) Branch (MENA);1;1;1;1
2026-07-01 00:00:00.000;2026 07;SHELLOMANXICAS;Shell Oman;Oman;;null;Lyra Health International Ltd (DMCC) Branch (MENA);4;4;4;4
2026-07-01 00:00:00.000;2026 07;SHELLOMANXICAS;Shell Oman;Oman;Oman;OM;Lyra Health International Ltd (DMCC) Branch (MENA);5;5;6;56
2026-07-01 00:00:00.000;2026 07;SHELLOMANXLYRA;Shell Oman;United Arab Emirates;;null;Lyra Health International Ltd (DMCC) Branch (MENA);0;1;1;1
2026-07-01 00:00:00.000;2026 07;SHELLOMANXLYRA;Shell Oman;United Arab Emirates;Oman;OM;Lyra Health International Ltd (DMCC) Branch (MENA);0;1;1;3
2026-07-01 00:00:00.000;2026 07;SHELLQATARXICAS;Shell Qatar;Qatar;;null;Lyra Health International Ltd (DMCC) Branch (MENA);3;4;4;4
2026-07-01 00:00:00.000;2026 07;SHELLQATARXICAS;Shell Qatar;Qatar;Qatar;QA;Lyra Health International Ltd (DMCC) Branch (MENA);3;5;8;61
2026-07-01 00:00:00.000;2026 07;SHURE;Shure;United Kingdom;;null;Lyra;0;1;1;2
2026-07-01 00:00:00.000;2026 07;SHURE;Shure;United Kingdom;United Kingdom;GB;Lyra;0;1;4;13
2026-07-01 00:00:00.000;2026 07;SHURE;Shure;United States of America;;null;Lyra;1;1;1;1
2026-07-01 00:00:00.000;2026 07;SIB001;Sibanye Stillwater;South Africa;;null;Lyra Southern Africa Pty Ltd;3;3;3;3
2026-07-01 00:00:00.000;2026 07;SIB001;Sibanye Stillwater;South Africa;South Africa;ZA;Lyra Southern Africa Pty Ltd;3;3;3;31
2026-07-01 00:00:00.000;2026 07;SIB002;Sibona Ilanga Trust;South Africa;;null;Lyra Southern Africa Pty Ltd;1;1;1;1
2026-07-01 00:00:00.000;2026 07;SIB002;Sibona Ilanga Trust;South Africa;South Africa;ZA;Lyra Southern Africa Pty Ltd;2;2;12;38
2026-07-01 00:00:00.000;2026 07;SIE001;Siemens;South Africa;;null;Lyra Southern Africa Pty Ltd;2;2;2;2
2026-07-01 00:00:00.000;2026 07;SIE001;Siemens;South Africa;South Africa;ZA;Lyra Southern Africa Pty Ltd;2;2;4;17
2026-07-01 00:00:00.000;2026 07;SIEGWERK;Siegwerk;Argentina;;null;Lyra Health International Ltd;1;1;1;1
2026-07-01 00:00:00.000;2026 07;SIEGWERK;Siegwerk;Argentina;Argentina;AR;Lyra Health International Ltd;1;1;1;2
2026-07-01 00:00:00.000;2026 07;SIEGWERK;Siegwerk;Italy;;null;Lyra Health International Ltd;1;1;1;1
2026-07-01 00:00:00.000;2026 07;SIEGWERK;Siegwerk;Italy;Italy;IT;Lyra Health International Ltd;1;1;1;2
2026-07-01 00:00:00.000;2026 07;SIEGWERK;Siegwerk;Mexico;;null;Lyra Health International Ltd;0;1;1;1
2026-07-01 00:00:00.000;2026 07;SIEGWERK;Siegwerk;Mexico;Mexico;MX;Lyra Health International Ltd;0;1;1;2
2026-07-01 00:00:00.000;2026 07;SIEGWERK;Siegwerk;Philippines;;null;Lyra Health International Ltd;1;1;1;1
2026-07-01 00:00:00.000;2026 07;SIEGWERK;Siegwerk;Philippines;Philippines;PH;Lyra Health International Ltd;1;1;5;25
2026-07-01 00:00:00.000;2026 07;SIEGWERK;Siegwerk;Spain;Spain;ES;Lyra Health International Ltd;1;1;1;1
2026-07-01 00:00:00.000;2026 07;SIEGWERK;Siegwerk;Turkey;;null;Lyra Health International Ltd;0;1;1;1
2026-07-01 00:00:00.000;2026 07;SIEGWERK;Siegwerk;Turkey;Turkey;TR;Lyra Health International Ltd;1;3;6;30
2026-07-01 00:00:00.000;2026 07;SIEGWERK;Siegwerk;United States of America;;null;Lyra Health International Ltd;0;1;1;1
2026-07-01 00:00:00.000;2026 07;SIEGWERK;Siegwerk;United States of America;Mexico;MX;Lyra Health International Ltd;0;1;1;8
2026-07-01 00:00:00.000;2026 07;SIKA123;Sika México;Mexico;;null;Lyra Mexico and Central America;4;4;4;4
2026-07-01 00:00:00.000;2026 07;SIKA123;Sika México;Mexico;Mexico;MX;Lyra Mexico and Central America;4;5;5;26
2026-07-01 00:00:00.000;2026 07;SIKAFRANCEHUB;SIKA FRANCE;France;France;FR;Lyra France SASU;2;3;3;3
2026-07-01 00:00:00.000;2026 07;SIMPLYVC;Simply VC;Malta;;null;Lyra Health International Ltd;1;2;2;2
2026-07-01 00:00:00.000;2026 07;SIMPLYVC;Simply VC;Malta;Malta;MT;Lyra Health International Ltd;1;2;3;18
2026-07-01 00:00:00.000;2026 07;SIU001;SIU Special Investigating Unit;South Africa;;null;Lyra Southern Africa Pty Ltd;3;3;3;3
2026-07-01 00:00:00.000;2026 07;SIU001;SIU Special Investigating Unit;South Africa;South Africa;ZA;Lyra Southern Africa Pty Ltd;3;3;5;27
2026-07-01 00:00:00.000;2026 07;SIYA001;Siyaya Free to Air;South Africa;;null;Lyra Southern Africa Pty Ltd;3;3;3;3
2026-07-01 00:00:00.000;2026 07;SIYA001;Siyaya Free to Air;South Africa;South Africa;ZA;Lyra Southern Africa Pty Ltd;3;3;3;27
2026-07-01 00:00:00.000;2026 07;SKANEAP;SKAN AG;Belgium;;null;Lyra Schweiz GmbH;1;1;1;1
2026-07-01 00:00:00.000;2026 07;SKANEAP;SKAN AG;Belgium;Luxembourg;LU;Lyra Schweiz GmbH;1;1;1;1
2026-07-01 00:00:00.000;2026 07;SKANEAP;SKAN AG;Switzerland;;null;Lyra Schweiz GmbH;9;10;10;10
2026-07-01 00:00:00.000;2026 07;SKANEAP;SKAN AG;Switzerland;Germany;DE;Lyra Schweiz GmbH;1;1;1;1
2026-07-01 00:00:00.000;2026 07;SKANEAP;SKAN AG;Switzerland;Switzerland;CH;Lyra Schweiz GmbH;7;8;16;93
2026-07-01 00:00:00.000;2026 07;SKIONWATERDACH;Skion Water Group;Germany;;null;Lyra Deutschland GmBH;4;4;4;4
2026-07-01 00:00:00.000;2026 07;SKIONWATERDACH;Skion Water Group;Germany;Germany;DE;Lyra Deutschland GmBH;4;5;7;100
2026-07-01 00:00:00.000;2026 07;SKIONWATEREAP;SKion Water GmbH;Chile;;null;Lyra Health International Ltd;4;4;4;4
2026-07-01 00:00:00.000;2026 07;SKIONWATEREAP;SKion Water GmbH;Chile;Chile;CL;Lyra Health International Ltd;3;4;6;41
2026-07-01 00:00:00.000;2026 07;SKIONWATEREAP;SKion Water GmbH;Spain;;null;Lyra Health International Ltd;1;1;1;1
2026-07-01 00:00:00.000;2026 07;SKIONWATEREAP;SKion Water GmbH;Spain;Spain;ES;Lyra Health International Ltd;2;2;3;25
2026-07-01 00:00:00.000;2026 07;SKIONWATEREAP;SKion Water GmbH;United Kingdom;;null;Lyra Health International Ltd;0;1;1;1
2026-07-01 00:00:00.000;2026 07;SKIONWATEREAP;SKion Water GmbH;United Kingdom;United Kingdom;GB;Lyra Health International Ltd;0;2;2;4
2026-07-01 00:00:00.000;2026 07;SKPEICAS;SK Primakor;Spain;;null;Lyra Spain SLU;1;1;1;1
2026-07-01 00:00:00.000;2026 07;SKPEICAS;SK Primakor;Spain;Spain;ES;Lyra Spain SLU;1;1;2;56
2026-07-01 00:00:00.000;2026 07;SKYWORKS;Skyworks Solutions;Japan;;null;Lyra Health International Ltd;1;1;1;1
2026-07-01 00:00:00.000;2026 07;SKYWORKS;Skyworks Solutions;Japan;Japan;JP;Lyra Health International Ltd;1;1;1;2
2026-07-01 00:00:00.000;2026 07;SKYWORKS;Skyworks Solutions;Mexico;;null;Lyra Health International Ltd;3;3;3;3
2026-07-01 00:00:00.000;2026 07;SKYWORKS;Skyworks Solutions;Mexico;Mexico;MX;Lyra Health International Ltd;3;3;6;24
2026-07-01 00:00:00.000;2026 07;SKYWORKS;Skyworks Solutions;United States of America;;null;Lyra Health International Ltd;2;2;2;2
2026-07-01 00:00:00.000;2026 07;SL001;Sasol Limited;South Africa;;null;Lyra Southern Africa Pty Ltd;26;27;31;33
2026-07-01 00:00:00.000;2026 07;SL001;Sasol Limited;South Africa;South Africa;ZA;Lyra Southern Africa Pty Ltd;26;27;53;436
2026-07-01 00:00:00.000;2026 07;SL001;Sasol Limited;United Kingdom;;null;Lyra Southern Africa Pty Ltd;0;1;1;1
2026-07-01 00:00:00.000;2026 07;SL001;Sasol Limited;United Kingdom;South Africa;ZA;Lyra Southern Africa Pty Ltd;0;1;2;15
2026-07-01 00:00:00.000;2026 07;SLB;SLB;Mexico;;null;Lyra Mexico and Central America;3;4;4;4
2026-07-01 00:00:00.000;2026 07;SLB;SLB;Mexico;Mexico;MX;Lyra Mexico and Central America;3;4;4;24
2026-07-01 00:00:00.000;2026 07;SLB;SLB;United States of America;;null;Lyra Mexico and Central America;1;1;1;1
2026-07-01 00:00:00.000;2026 07;SLR001;SLR Consulting;South Africa;;null;Lyra Southern Africa Pty Ltd;0;1;1;1
2026-07-01 00:00:00.000;2026 07;SLR001;SLR Consulting;South Africa;South Africa;ZA;Lyra Southern Africa Pty Ltd;0;2;2;16
2026-07-01 00:00:00.000;2026 07;SMA001;SmartStart;South Africa;;null;Lyra Southern Africa Pty Ltd;4;4;4;4
2026-07-01 00:00:00.000;2026 07;SMA001;SmartStart;South Africa;South Africa;ZA;Lyra Southern Africa Pty Ltd;4;8;11;73
2026-07-01 00:00:00.000;2026 07;SMA002;Smarter Business BPO Pty Ltd;South Africa;;null;Lyra Southern Africa Pty Ltd;5;5;8;9
2026-07-01 00:00:00.000;2026 07;SMA002;Smarter Business BPO Pty Ltd;South Africa;South Africa;ZA;Lyra Southern Africa Pty Ltd;4;4;6;57
2026-07-01 00:00:00.000;2026 07;SNA;Stardream Cruises Star Navigator;United Kingdom;;null;Lyra Health Malaysia Sdn Bhd;3;3;3;6
2026-07-01 00:00:00.000;2026 07;SNA;Stardream Cruises Star Navigator;United Kingdom;Malaysia;MY;Lyra Health Malaysia Sdn Bhd;2;2;2;5
2026-07-01 00:00:00.000;2026 07;SODEXOBIENESTAR;Sodexo On Site;Mexico;;null;Lyra Mexico and Central America;8;10;11;12
2026-07-01 00:00:00.000;2026 07;SODEXOBIENESTAR;Sodexo On Site;Mexico;Mexico;MX;Lyra Mexico and Central America;7;9;18;129
2026-07-01 00:00:00.000;2026 07;SODEXOBIENESTAR;Sodexo On Site;United States of America;Mexico;MX;Lyra Mexico and Central America;0;1;1;3
2026-07-01 00:00:00.000;2026 07;SODEXOHUB22;Sodexo;France;;null;Lyra Health International Ltd;1;1;1;1
2026-07-01 00:00:00.000;2026 07;SODEXOHUB22;Sodexo;France;France;FR;Lyra Health International Ltd;1;2;2;12
2026-07-01 00:00:00.000;2026 07;SODEXOHUB22;Sodexo;Germany;;null;Lyra Health International Ltd;0;1;1;1
2026-07-01 00:00:00.000;2026 07;SODEXOHUB22;Sodexo;Germany;Germany;DE;Lyra Health International Ltd;0;1;1;32
2026-07-01 00:00:00.000;2026 07;SODEXOHUB22;Sodexo;India;;null;Lyra Health International Ltd;10;10;10;10
2026-07-01 00:00:00.000;2026 07;SODEXOHUB22;Sodexo;India;India;IN;Lyra Health International Ltd;10;11;12;52
2026-07-01 00:00:00.000;2026 07;SODEXOHUB22;Sodexo;Luxembourg;;null;Lyra Health International Ltd;1;1;1;1
2026-07-01 00:00:00.000;2026 07;SODEXOHUB22;Sodexo;Luxembourg;Luxembourg;LU;Lyra Health International Ltd;1;1;1;3
2026-07-01 00:00:00.000;2026 07;SODEXOHUB22;Sodexo;Portugal;;null;Lyra Health International Ltd;2;3;3;3
2026-07-01 00:00:00.000;2026 07;SODEXOHUB22;Sodexo;Portugal;Portugal;PT;Lyra Health International Ltd;2;3;3;49
2026-07-01 00:00:00.000;2026 07;SONARDYNE;Sonardyne;Brazil;;null;Lyra Health International Ltd;1;1;1;1
2026-07-01 00:00:00.000;2026 07;SONOVA;Sonova Audiological Care;Netherlands;;null;Lyra Netherlands BV;0;1;1;1
2026-07-01 00:00:00.000;2026 07;SONOVA;Sonova Audiological Care;Netherlands;Netherlands;NL;Lyra Netherlands BV;0;1;1;5
2026-07-01 00:00:00.000;2026 07;SONOVAEAP;Sonova;Germany;;null;Lyra Schweiz GmbH;1;1;1;1
2026-07-01 00:00:00.000;2026 07;SONOVAEAP;Sonova;Germany;Germany;DE;Lyra Schweiz GmbH;1;1;2;11
2026-07-01 00:00:00.000;2026 07;SONYEUHUB22;Sony Europe;Germany;;null;Lyra Health International Ltd;1;1;2;2
2026-07-01 00:00:00.000;2026 07;SONYEUHUB22;Sony Europe;Germany;Germany;DE;Lyra Health International Ltd;1;1;3;55
2026-07-01 00:00:00.000;2026 07;SONYEUHUB22;Sony Europe;Hungary;;null;Lyra Health International Ltd;0;1;1;1
2026-07-01 00:00:00.000;2026 07;SONYEUHUB22;Sony Europe;Hungary;Hungary;HU;Lyra Health International Ltd;0;1;1;6
2026-07-01 00:00:00.000;2026 07;SONYEUHUB22;Sony Europe;Netherlands;Netherlands;NL;Lyra Health International Ltd;0;1;1;2
2026-07-01 00:00:00.000;2026 07;SONYEUHUB22;Sony Europe;Portugal;;null;Lyra Health International Ltd;1;1;1;1
2026-07-01 00:00:00.000;2026 07;SONYEUHUB22;Sony Europe;Portugal;Portugal;PT;Lyra Health International Ltd;1;1;1;22
2026-07-01 00:00:00.000;2026 07;SONYEUHUB22;Sony Europe;United Kingdom;;null;Lyra Health International Ltd;1;1;1;1
2026-07-01 00:00:00.000;2026 07;SONYEUHUB22;Sony Europe;United Kingdom;Hungary;HU;Lyra Health International Ltd;1;1;2;18
2026-07-01 00:00:00.000;2026 07;SOU011;South African Postbank;South Africa;;null;Lyra Southern Africa Pty Ltd;1;1;1;1
2026-07-01 00:00:00.000;2026 07;SOU011;South African Postbank;South Africa;South Africa;ZA;Lyra Southern Africa Pty Ltd;1;1;1;4
2026-07-01 00:00:00.000;2026 07;SPARKASSEBIELEFELD;Sparkasse Bielefeld;Germany;;null;Lyra Deutschland GmBH;2;2;2;2
2026-07-01 00:00:00.000;2026 07;SPARKASSEBIELEFELD;Sparkasse Bielefeld;Germany;Germany;DE;Lyra Deutschland GmBH;2;2;2;53
2026-07-01 00:00:00.000;2026 07;SPC002;SPCA Cape of Good Hope;South Africa;;null;Lyra Southern Africa Pty Ltd;0;1;1;1
2026-07-01 00:00:00.000;2026 07;SPC002;SPCA Cape of Good Hope;South Africa;South Africa;ZA;Lyra Southern Africa Pty Ltd;0;1;3;18
2026-07-01 00:00:00.000;2026 07;SPECIALIZED;Specialized Bicycle Components;South Africa;;null;Lyra;1;1;1;1
2026-07-01 00:00:00.000;2026 07;SPECIALIZED;Specialized Bicycle Components;South Africa;South Africa;ZA;Lyra;1;1;1;2
2026-07-01 00:00:00.000;2026 07;SPELLMAN;Spellman;Mexico;;null;Lyra Mexico and Central America;1;1;1;1
2026-07-01 00:00:00.000;2026 07;SPELLMAN;Spellman;Mexico;Mexico;MX;Lyra Mexico and Central America;1;1;1;5
2026-07-01 00:00:00.000;2026 07;SPITALLIMMATTAL;Spital Limmattal;Switzerland;;null;Lyra Schweiz GmbH;2;2;2;2
2026-07-01 00:00:00.000;2026 07;SPITALLIMMATTAL;Spital Limmattal;Switzerland;Switzerland;CH;Lyra Schweiz GmbH;2;3;4;69
2026-07-01 00:00:00.000;2026 07;SPO001;Spoor and Fischer;South Africa;;null;Lyra Southern Africa Pty Ltd;6;7;7;7
2026-07-01 00:00:00.000;2026 07;SPO001;Spoor and Fischer;South Africa;South Africa;ZA;Lyra Southern Africa Pty Ltd;7;8;18;83
2026-07-01 00:00:00.000;2026 07;SPR001;Springbok Emulsion Polymers PTY Ltd;South Africa;South Africa;ZA;Lyra Southern Africa Pty Ltd;1;1;1;1
2026-07-01 00:00:00.000;2026 07;SPSIO001;SPS Investment Operations (Pty) Ltd;South Africa;;null;Lyra Southern Africa Pty Ltd;43;44;44;47
2026-07-01 00:00:00.000;2026 07;SPSIO001;SPS Investment Operations (Pty) Ltd;South Africa;South Africa;ZA;Lyra Southern Africa Pty Ltd;40;41;62;348
2026-07-01 00:00:00.000;2026 07;SPSIO001;SPS Investment Operations (Pty) Ltd;United Kingdom;;null;Lyra Southern Africa Pty Ltd;1;1;1;1
2026-07-01 00:00:00.000;2026 07;SPSIO001;SPS Investment Operations (Pty) Ltd;United Kingdom;South Africa;ZA;Lyra Southern Africa Pty Ltd;1;1;1;3
2026-07-01 00:00:00.000;2026 07;SPSIO001;SPS Investment Operations (Pty) Ltd;United States of America;;null;Lyra Southern Africa Pty Ltd;1;1;1;1
2026-07-01 00:00:00.000;2026 07;SPSIO001;SPS Investment Operations (Pty) Ltd;United States of America;South Africa;ZA;Lyra Southern Africa Pty Ltd;1;1;1;13
2026-07-01 00:00:00.000;2026 07;SPU001;SPU Sol Plaatje University;South Africa;;null;Lyra Southern Africa Pty Ltd;24;26;26;27
2026-07-01 00:00:00.000;2026 07;SPU001;SPU Sol Plaatje University;South Africa;South Africa;ZA;Lyra Southern Africa Pty Ltd;24;26;38;245
2026-07-01 00:00:00.000;2026 07;SPU001;SPU Sol Plaatje University;Spain;;null;Lyra Southern Africa Pty Ltd;1;1;1;1
2026-07-01 00:00:00.000;2026 07;SPU001;SPU Sol Plaatje University;Spain;South Africa;ZA;Lyra Southern Africa Pty Ltd;1;1;1;32
2026-07-01 00:00:00.000;2026 07;SRG;SRG;Mexico;;null;Lyra Health International Ltd;3;4;4;4
2026-07-01 00:00:00.000;2026 07;SRG;SRG;Mexico;Mexico;MX;Lyra Health International Ltd;3;4;6;22
2026-07-01 00:00:00.000;2026 07;SRS;Strategic Risk Solutions Europe PCC Limited;Guernsey;;null;Lyra Health International Ltd;1;1;1;1
2026-07-01 00:00:00.000;2026 07;SRS;Strategic Risk Solutions Europe PCC Limited;Guernsey;Guernsey;GG;Lyra Health International Ltd;2;2;2;5
2026-07-01 00:00:00.000;2026 07;SRS;Strategic Risk Solutions Europe PCC Limited;United Kingdom;United Kingdom;GB;Lyra Health International Ltd;1;1;1;4
2026-07-01 00:00:00.000;2026 07;SSK002;Die Humansdorpse Landbou Koöperasie Ltd;South Africa;;null;Lyra Southern Africa Pty Ltd;17;18;18;18
2026-07-01 00:00:00.000;2026 07;SSK002;Die Humansdorpse Landbou Koöperasie Ltd;South Africa;South Africa;ZA;Lyra Southern Africa Pty Ltd;14;15;22;215
2026-07-01 00:00:00.000;2026 07;STA;STA Pharmaceticals;Switzerland;;null;Lyra Health International Ltd;2;2;2;2
2026-07-01 00:00:00.000;2026 07;STA;STA Pharmaceticals;Switzerland;Switzerland;CH;Lyra Health International Ltd;2;2;2;6
2026-07-01 00:00:00.000;2026 07;STA003;Standard Bank Lesotho;Lesotho;Lesotho;LS;Lyra Southern Africa Pty Ltd;1;1;2;2
2026-07-01 00:00:00.000;2026 07;STADTUETERSENHUB;Stadt Uetersen;Germany;;null;Lyra Deutschland GmBH;16;17;17;17
2026-07-01 00:00:00.000;2026 07;STADTUETERSENHUB;Stadt Uetersen;Germany;Germany;DE;Lyra Deutschland GmBH;16;17;27;162
2026-07-01 00:00:00.000;2026 07;STANDARDBANKRDC;Standard Bank République Démocratique du Congo;Democratic Republic Congo;Democratic Republic Congo;CD;Lyra France SASU;1;1;1;1
2026-07-01 00:00:00.000;2026 07;STATESOFGUERNSEY;States of Guernsey;Guernsey;;null;Lyra Health International Ltd;39;50;53;53
2026-07-01 00:00:00.000;2026 07;STATESOFGUERNSEY;States of Guernsey;Guernsey;Guernsey;GG;Lyra Health International Ltd;41;56;98;842
2026-07-01 00:00:00.000;2026 07;STATESOFGUERNSEY;States of Guernsey;Jersey;;null;Lyra Health International Ltd;6;7;7;7
2026-07-01 00:00:00.000;2026 07;STATESOFGUERNSEY;States of Guernsey;Jersey;Guernsey;GG;Lyra Health International Ltd;5;6;8;43
2026-07-01 00:00:00.000;2026 07;STATESOFGUERNSEY;States of Guernsey;United Kingdom;;null;Lyra Health International Ltd;2;3;3;3
2026-07-01 00:00:00.000;2026 07;STATESOFGUERNSEY;States of Guernsey;United Kingdom;Guernsey;GG;Lyra Health International Ltd;3;4;5;65
2026-07-01 00:00:00.000;2026 07;STEPHENSON;Stephenson Harwood LLP;Hong Kong;;null;Lyra Health International Ltd;2;2;2;2
2026-07-01 00:00:00.000;2026 07;STEPHENSON;Stephenson Harwood LLP;Hong Kong;Hong Kong;HK;Lyra Health International Ltd;2;2;2;29
2026-07-01 00:00:00.000;2026 07;STEPHENSON;Stephenson Harwood LLP;United Arab Emirates;;null;Lyra Health International Ltd;0;1;1;1
2026-07-01 00:00:00.000;2026 07;STEPHENSON;Stephenson Harwood LLP;United Arab Emirates;United Arab Emirates;AE;Lyra Health International Ltd;0;1;1;3
2026-07-01 00:00:00.000;2026 07;STJAMES;St. James Place (Hong Kong) Limited;Singapore;;null;Lyra Health International Ltd;0;1;1;1
2026-07-01 00:00:00.000;2026 07;STJAMES;St. James Place (Hong Kong) Limited;Singapore;Singapore;SG;Lyra Health International Ltd;0;1;1;23
2026-07-01 00:00:00.000;2026 07;STOCKSPIRITS;Stock Spirits Group;Czech Republic;;null;Lyra Health International Ltd;6;9;9;9
2026-07-01 00:00:00.000;2026 07;STOCKSPIRITS;Stock Spirits Group;Czech Republic;Czech Republic;CZ;Lyra Health International Ltd;4;5;6;74
2026-07-01 00:00:00.000;2026 07;STOCKSPIRITS;Stock Spirits Group;Czech Republic;Slovakia;SK;Lyra Health International Ltd;2;4;10;106
2026-07-01 00:00:00.000;2026 07;STOCKSPIRITS;Stock Spirits Group;Italy;;null;Lyra Health International Ltd;1;1;1;1
2026-07-01 00:00:00.000;2026 07;STOCKSPIRITS;Stock Spirits Group;Italy;Italy;IT;Lyra Health International Ltd;1;1;1;6
2026-07-01 00:00:00.000;2026 07;STOCKSPIRITS;Stock Spirits Group;Poland;;null;Lyra Health International Ltd;2;2;2;2
2026-07-01 00:00:00.000;2026 07;STOCKSPIRITS;Stock Spirits Group;Poland;Poland;PL;Lyra Health International Ltd;3;3;3;55
2026-07-01 00:00:00.000;2026 07;STONEWEGEAP;Stoneweg;Spain;;null;Lyra Health International Ltd;1;1;1;1
2026-07-01 00:00:00.000;2026 07;STONEWEGEAP;Stoneweg;Spain;Spain;ES;Lyra Health International Ltd;1;1;1;10
2026-07-01 00:00:00.000;2026 07;STONEWEGEAP;Stoneweg;United Kingdom;United Kingdom;GB;Lyra Health International Ltd;0;1;1;3
2026-07-01 00:00:00.000;2026 07;STR001;Strate;South Africa;;null;Lyra Southern Africa Pty Ltd;9;9;9;9
2026-07-01 00:00:00.000;2026 07;STR001;Strate;South Africa;South Africa;ZA;Lyra Southern Africa Pty Ltd;9;9;17;44
2026-07-01 00:00:00.000;2026 07;STRAUMANNHUB;Institut Straumann AG;Switzerland;;null;Lyra Schweiz GmbH;2;2;2;2
2026-07-01 00:00:00.000;2026 07;STRAUMANNHUB;Institut Straumann AG;Switzerland;Switzerland;CH;Lyra Schweiz GmbH;3;5;6;30
2026-07-01 00:00:00.000;2026 07;STROHM;Strohm;Netherlands;;null;Lyra Netherlands BV;1;1;1;1
2026-07-01 00:00:00.000;2026 07;STROHM;Strohm;Netherlands;Netherlands;NL;Lyra Netherlands BV;2;2;2;58
2026-07-01 00:00:00.000;2026 07;STU001;Study Trust;South Africa;South Africa;ZA;Lyra Southern Africa Pty Ltd;2;2;2;3
2026-07-01 00:00:00.000;2026 07;SUL001;Sulzer Pumps (PTY) LTD;South Africa;;null;Lyra Southern Africa Pty Ltd;4;4;4;4
2026-07-01 00:00:00.000;2026 07;SUL001;Sulzer Pumps (PTY) LTD;South Africa;South Africa;ZA;Lyra Southern Africa Pty Ltd;4;5;6;44
2026-07-01 00:00:00.000;2026 07;SULZERSCHMIDHUB;Sulzer & Schmid Laboratories AG;Switzerland;;null;Lyra Schweiz GmbH;3;3;3;3
2026-07-01 00:00:00.000;2026 07;SULZERSCHMIDHUB;Sulzer & Schmid Laboratories AG;Switzerland;Switzerland;CH;Lyra Schweiz GmbH;2;2;2;38
2026-07-01 00:00:00.000;2026 07;SUNWEB;Sunweb;Netherlands;;null;Lyra Health International Ltd;1;1;1;1
2026-07-01 00:00:00.000;2026 07;SUNWEB;Sunweb;Netherlands;Netherlands;NL;Lyra Health International Ltd;1;1;1;2
2026-07-01 00:00:00.000;2026 07;SURVENTIS;Basf Coatings Surventis;Mexico;;null;Lyra Mexico and Central America;6;8;8;8
2026-07-01 00:00:00.000;2026 07;SURVENTIS;Basf Coatings Surventis;Mexico;Mexico;MX;Lyra Mexico and Central America;6;8;15;116
2026-07-01 00:00:00.000;2026 07;SURVENTIS;Basf Coatings Surventis;United States of America;Mexico;MX;Lyra Mexico and Central America;1;1;1;4
2026-07-01 00:00:00.000;2026 07;SUSO;Susonity;Germany;;null;Lyra Health International Ltd;1;2;2;2
2026-07-01 00:00:00.000;2026 07;SUSO;Susonity;Germany;Germany;DE;Lyra Health International Ltd;2;3;3;26
2026-07-01 00:00:00.000;2026 07;SUSO;Susonity;United States of America;;null;Lyra Health International Ltd;5;5;5;5
2026-07-01 00:00:00.000;2026 07;SUSO;Susonity;United States of America;United States of America;US;Lyra Health International Ltd;6;6;8;60
2026-07-01 00:00:00.000;2026 07;SUVA;SUVA;Switzerland;;null;Lyra Schweiz GmbH;10;10;10;10
2026-07-01 00:00:00.000;2026 07;SUVA;SUVA;Switzerland;Switzerland;CH;Lyra Schweiz GmbH;11;11;15;84
2026-07-01 00:00:00.000;2026 07;SVO;Stardream Cruises Star Voyager;Malaysia;;null;Lyra Health Malaysia Sdn Bhd;1;1;3;3
2026-07-01 00:00:00.000;2026 07;SVO;Stardream Cruises Star Voyager;Malaysia;Malaysia;MY;Lyra Health Malaysia Sdn Bhd;1;1;1;3
2026-07-01 00:00:00.000;2026 07;SVO;Stardream Cruises Star Voyager;United Kingdom;;null;Lyra Health Malaysia Sdn Bhd;0;1;1;1
2026-07-01 00:00:00.000;2026 07;SVO;Stardream Cruises Star Voyager;United Kingdom;Singapore;SG;Lyra Health Malaysia Sdn Bhd;0;1;2;4
2026-07-01 00:00:00.000;2026 07;SWARCOHUB;SWARCO AG;Austria;;null;Lyra Austria GmBH;2;2;2;2
2026-07-01 00:00:00.000;2026 07;SWARCOHUB;SWARCO AG;Austria;Austria;AT;Lyra Austria GmBH;2;3;4;28
2026-07-01 00:00:00.000;2026 07;SWAROVSKIHUB22;Swarovski;Australia;;null;Lyra Health International Ltd;3;3;3;3
2026-07-01 00:00:00.000;2026 07;SWAROVSKIHUB22;Swarovski;Australia;Australia;AU;Lyra Health International Ltd;3;3;11;117
2026-07-01 00:00:00.000;2026 07;SWAROVSKIHUB22;Swarovski;Austria;;null;Lyra Health International Ltd;9;10;10;10
2026-07-01 00:00:00.000;2026 07;SWAROVSKIHUB22;Swarovski;Austria;Austria;AT;Lyra Health International Ltd;9;11;13;169
2026-07-01 00:00:00.000;2026 07;SWAROVSKIHUB22;Swarovski;Canada;;null;Lyra Health International Ltd;1;1;1;1
2026-07-01 00:00:00.000;2026 07;SWAROVSKIHUB22;Swarovski;Canada;Canada;CA;Lyra Health International Ltd;1;1;1;2
2026-07-01 00:00:00.000;2026 07;SWAROVSKIHUB22;Swarovski;Germany;;null;Lyra Health International Ltd;11;11;11;11
2026-07-01 00:00:00.000;2026 07;SWAROVSKIHUB22;Swarovski;Germany;Austria;AT;Lyra Health International Ltd;4;4;4;51
2026-07-01 00:00:00.000;2026 07;SWAROVSKIHUB22;Swarovski;Germany;Italy;IT;Lyra Health International Ltd;1;1;1;3
2026-07-01 00:00:00.000;2026 07;SWAROVSKIHUB22;Swarovski;Germany;Liechtenstein;LI;Lyra Health International Ltd;1;1;1;3
2026-07-01 00:00:00.000;2026 07;SWAROVSKIHUB22;Swarovski;Germany;Poland;PL;Lyra Health International Ltd;5;5;7;35
2026-07-01 00:00:00.000;2026 07;SWAROVSKIHUB22;Swarovski;Malaysia;;null;Lyra Health International Ltd;2;2;2;2
2026-07-01 00:00:00.000;2026 07;SWAROVSKIHUB22;Swarovski;Malaysia;Malaysia;MY;Lyra Health International Ltd;2;2;3;12
2026-07-01 00:00:00.000;2026 07;SWAROVSKIHUB22;Swarovski;Mexico;;null;Lyra Health International Ltd;1;2;2;2
2026-07-01 00:00:00.000;2026 07;SWAROVSKIHUB22;Swarovski;Mexico;Mexico;MX;Lyra Health International Ltd;1;2;2;15
2026-07-01 00:00:00.000;2026 07;SWAROVSKIHUB22;Swarovski;Poland;;null;Lyra Health International Ltd;1;1;1;1
2026-07-01 00:00:00.000;2026 07;SWAROVSKIHUB22;Swarovski;Poland;Poland;PL;Lyra Health International Ltd;1;1;1;1
2026-07-01 00:00:00.000;2026 07;SWAROVSKIHUB22;Swarovski;Portugal;;null;Lyra Health International Ltd;0;1;1;1
2026-07-01 00:00:00.000;2026 07;SWAROVSKIHUB22;Swarovski;Portugal;Australia;AU;Lyra Health International Ltd;0;1;2;10
2026-07-01 00:00:00.000;2026 07;SWAROVSKIHUB22;Swarovski;Singapore;;null;Lyra Health International Ltd;7;7;7;7
2026-07-01 00:00:00.000;2026 07;SWAROVSKIHUB22;Swarovski;Singapore;Malaysia;MY;Lyra Health International Ltd;6;6;7;33
2026-07-01 00:00:00.000;2026 07;SWAROVSKIHUB22;Swarovski;Switzerland;;null;Lyra Health International Ltd;4;6;6;6
2026-07-01 00:00:00.000;2026 07;SWAROVSKIHUB22;Swarovski;Switzerland;Switzerland;CH;Lyra Health International Ltd;5;7;7;36
2026-07-01 00:00:00.000;2026 07;SWAROVSKIHUB22;Swarovski;Turkey;;null;Lyra Health International Ltd;1;1;1;1
2026-07-01 00:00:00.000;2026 07;SWAROVSKIHUB22;Swarovski;Turkey;Turkey;TR;Lyra Health International Ltd;1;1;1;3
2026-07-01 00:00:00.000;2026 07;SWAROVSKIHUB22;Swarovski;United States of America;;null;Lyra Health International Ltd;5;5;5;5
2026-07-01 00:00:00.000;2026 07;SWAROVSKIHUB22;Swarovski;United States of America;Austria;AT;Lyra Health International Ltd;1;1;1;14
2026-07-01 00:00:00.000;2026 07;SWAROVSKIHUB22;Swarovski;United States of America;Canada;CA;Lyra Health International Ltd;1;1;1;19
2026-07-01 00:00:00.000;2026 07;SWAROVSKIHUB22;Swarovski;United States of America;Switzerland;CH;Lyra Health International Ltd;1;1;1;5
2026-07-01 00:00:00.000;2026 07;SWAROVSKIHUB22;Swarovski;Vietnam;;null;Lyra Health International Ltd;1;1;1;1
2026-07-01 00:00:00.000;2026 07;SWAROVSKIHUB22;Swarovski;Vietnam;Vietnam;VN;Lyra Health International Ltd;1;1;3;16
2026-07-01 00:00:00.000;2026 07;SWICAEAP;SWICA;Switzerland;;null;Lyra Schweiz GmbH;2;2;2;2
2026-07-01 00:00:00.000;2026 07;SWICAEAP;SWICA;Switzerland;Switzerland;CH;Lyra Schweiz GmbH;2;2;3;43
2026-07-01 00:00:00.000;2026 07;SWISSOLARHUB;Swissolar;Switzerland;;null;Lyra Schweiz GmbH;1;1;1;1
2026-07-01 00:00:00.000;2026 07;SWISSOLARHUB;Swissolar;Switzerland;Switzerland;CH;Lyra Schweiz GmbH;1;1;1;7
2026-07-01 00:00:00.000;2026 07;SYLVAMO;Sylvamo;France;;null;Lyra Health International Ltd;1;2;2;2
2026-07-01 00:00:00.000;2026 07;SYLVAMO;Sylvamo;France;France;FR;Lyra Health International Ltd;1;3;5;49
2026-07-01 00:00:00.000;2026 07;SYLVAMO;Sylvamo;Poland;;null;Lyra Health International Ltd;1;1;1;1
2026-07-01 00:00:00.000;2026 07;SYLVAMO;Sylvamo;Poland;Poland;PL;Lyra Health International Ltd;1;1;1;5
2026-07-01 00:00:00.000;2026 07;SYM001;Symrise Pty Ltd;South Africa;;null;Lyra Southern Africa Pty Ltd;3;3;3;3
2026-07-01 00:00:00.000;2026 07;SYM001;Symrise Pty Ltd;South Africa;South Africa;ZA;Lyra Southern Africa Pty Ltd;3;3;4;30
2026-07-01 00:00:00.000;2026 07;SYM002;Symplexity Pty Ltd;South Africa;;null;Lyra Southern Africa Pty Ltd;5;5;5;5
2026-07-01 00:00:00.000;2026 07;SYM002;Symplexity Pty Ltd;South Africa;South Africa;ZA;Lyra Southern Africa Pty Ltd;6;6;9;82
2026-07-01 00:00:00.000;2026 07;SYN003;Syntech Distribution PTY Ltd;South Africa;;null;Lyra Southern Africa Pty Ltd;5;7;7;7
2026-07-01 00:00:00.000;2026 07;SYN003;Syntech Distribution PTY Ltd;South Africa;South Africa;ZA;Lyra Southern Africa Pty Ltd;4;7;9;45
2026-07-01 00:00:00.000;2026 07;SYN003;Syntech Distribution PTY Ltd;United Kingdom;South Africa;ZA;Lyra Southern Africa Pty Ltd;1;1;1;3
2026-07-01 00:00:00.000;2026 07;SYN004;Synergy Biomed Research Institute PTY (Ltd);South Africa;;null;Lyra Southern Africa Pty Ltd;1;1;1;1
2026-07-01 00:00:00.000;2026 07;SYN004;Synergy Biomed Research Institute PTY (Ltd);South Africa;South Africa;ZA;Lyra Southern Africa Pty Ltd;1;1;4;21
2026-07-01 00:00:00.000;2026 07;SYRAH;Syrah/Twigg;Australia;;null;Lyra Health International Ltd;0;1;1;1
2026-07-01 00:00:00.000;2026 07;SYRAH;Syrah/Twigg;Australia;Australia;AU;Lyra Health International Ltd;0;1;1;6
2026-07-01 00:00:00.000;2026 07;SYRAH;Syrah/Twigg;United States of America;;null;Lyra Health International Ltd;0;2;2;2
2026-07-01 00:00:00.000;2026 07;SYRAH;Syrah/Twigg;United States of America;United States of America;US;Lyra Health International Ltd;0;2;2;28
2026-07-01 00:00:00.000;2026 07;TADWEERXLYRA;Tadweer;United Arab Emirates;;null;Lyra Health International Ltd (DMCC) Branch (MENA);2;3;3;3
2026-07-01 00:00:00.000;2026 07;TADWEERXLYRA;Tadweer;United Arab Emirates;United Arab Emirates;AE;Lyra Health International Ltd (DMCC) Branch (MENA);2;2;2;23
2026-07-01 00:00:00.000;2026 07;TAILLENSEAP;Taillens SA;Switzerland;;null;Lyra Schweiz GmbH;1;1;1;1
2026-07-01 00:00:00.000;2026 07;TAILLENSEAP;Taillens SA;Switzerland;Switzerland;CH;Lyra Schweiz GmbH;1;1;2;9
2026-07-01 00:00:00.000;2026 07;TAQAXICAS;TAQA;United Arab Emirates;;null;Lyra Health International Ltd (DMCC) Branch (MENA);3;4;4;4
2026-07-01 00:00:00.000;2026 07;TAQAXICAS;TAQA;United Arab Emirates;United Arab Emirates;AE;Lyra Health International Ltd (DMCC) Branch (MENA);3;6;6;19
2026-07-01 00:00:00.000;2026 07;TAR002;Tarsus Distribution Pty;South Africa;;null;Lyra Southern Africa Pty Ltd;6;7;7;7
2026-07-01 00:00:00.000;2026 07;TAR002;Tarsus Distribution Pty;South Africa;South Africa;ZA;Lyra Southern Africa Pty Ltd;6;6;6;21
2026-07-01 00:00:00.000;2026 07;TAS001;TASEZ Tshwane Automative Special Economic Zone;South Africa;;null;Lyra Southern Africa Pty Ltd;1;1;2;2
2026-07-01 00:00:00.000;2026 07;TAS001;TASEZ Tshwane Automative Special Economic Zone;South Africa;South Africa;ZA;Lyra Southern Africa Pty Ltd;1;1;3;7
2026-07-01 00:00:00.000;2026 07;TBW001;TBWA;South Africa;;null;Lyra Southern Africa Pty Ltd;1;1;1;1
2026-07-01 00:00:00.000;2026 07;TBW001;TBWA;South Africa;South Africa;ZA;Lyra Southern Africa Pty Ltd;1;2;2;17
2026-07-01 00:00:00.000;2026 07;TBWARAADXICAS;TBWA\RAAD;Pakistan;;null;Lyra Health International Ltd (DMCC) Branch (MENA);0;1;1;1
2026-07-01 00:00:00.000;2026 07;TBWARAADXICAS;TBWA\RAAD;Pakistan;United Arab Emirates;AE;Lyra Health International Ltd (DMCC) Branch (MENA);0;1;2;19
2026-07-01 00:00:00.000;2026 07;TBWARAADXICAS;TBWA\RAAD;United Arab Emirates;;null;Lyra Health International Ltd (DMCC) Branch (MENA);1;1;1;1
2026-07-01 00:00:00.000;2026 07;TBWARAADXICAS;TBWA\RAAD;United Arab Emirates;United Arab Emirates;AE;Lyra Health International Ltd (DMCC) Branch (MENA);1;1;2;5
2026-07-01 00:00:00.000;2026 07;TELESPAZIO;TELESPAZIO;Netherlands;;null;Lyra Health International Ltd;1;1;1;1
2026-07-01 00:00:00.000;2026 07;TELESPAZIO;TELESPAZIO;Netherlands;Spain;ES;Lyra Health International Ltd;1;1;1;3
2026-07-01 00:00:00.000;2026 07;TELUSHUB22;Telus International;Poland;Poland;PL;Lyra Health International Ltd;1;1;1;1
2026-07-01 00:00:00.000;2026 07;TERTIANUMHUB;Tertianum Gruppe;Switzerland;;null;Lyra Schweiz GmbH;15;16;16;16
2026-07-01 00:00:00.000;2026 07;TERTIANUMHUB;Tertianum Gruppe;Switzerland;Switzerland;CH;Lyra Schweiz GmbH;18;19;40;259
2026-07-01 00:00:00.000;2026 07;TERUMOHUB22;Terumo;Belgium;;null;Lyra Health International Ltd;3;3;3;3
2026-07-01 00:00:00.000;2026 07;TERUMOHUB22;Terumo;Belgium;Belgium;BE;Lyra Health International Ltd;3;3;3;38
2026-07-01 00:00:00.000;2026 07;TERUMOHUB22;Terumo;United Kingdom;United Kingdom;GB;Lyra Health International Ltd;0;1;4;34
2026-07-01 00:00:00.000;2026 07;TET001;Tetra Pak;South Africa;;null;Lyra Southern Africa Pty Ltd;1;2;2;2
2026-07-01 00:00:00.000;2026 07;TET001;Tetra Pak;South Africa;South Africa;ZA;Lyra Southern Africa Pty Ltd;1;2;4;15
2026-07-01 00:00:00.000;2026 07;TETRAPAK;Tetrapak;Australia;;null;Lyra Health International Ltd;1;1;1;1
2026-07-01 00:00:00.000;2026 07;TETRAPAK;Tetrapak;Australia;Australia;AU;Lyra Health International Ltd;1;1;1;2
2026-07-01 00:00:00.000;2026 07;TETRAPAK;Tetrapak;Austria;;null;Lyra Health International Ltd;2;3;3;3
2026-07-01 00:00:00.000;2026 07;TETRAPAK;Tetrapak;Austria;Greece;GR;Lyra Health International Ltd;1;1;1;1
2026-07-01 00:00:00.000;2026 07;TETRAPAK;Tetrapak;Austria;Hungary;HU;Lyra Health International Ltd;1;1;1;6
2026-07-01 00:00:00.000;2026 07;TETRAPAK;Tetrapak;Austria;Serbia;RS;Lyra Health International Ltd;0;1;1;1
2026-07-01 00:00:00.000;2026 07;TETRAPAK;Tetrapak;Belgium;Belgium;BE;Lyra Health International Ltd;0;1;1;29
2026-07-01 00:00:00.000;2026 07;TETRAPAK;Tetrapak;Brazil;;null;Lyra Health International Ltd;1;1;1;1
2026-07-01 00:00:00.000;2026 07;TETRAPAK;Tetrapak;Brazil;Brazil;BR;Lyra Health International Ltd;1;1;1;14
2026-07-01 00:00:00.000;2026 07;TETRAPAK;Tetrapak;Chile;Chile;CL;Lyra Health International Ltd;0;1;1;3
2026-07-01 00:00:00.000;2026 07;TETRAPAK;Tetrapak;China;;null;Lyra Health International Ltd;3;3;3;3
2026-07-01 00:00:00.000;2026 07;TETRAPAK;Tetrapak;China;China;CN;Lyra Health International Ltd;3;3;3;14
2026-07-01 00:00:00.000;2026 07;TETRAPAK;Tetrapak;Croatia;Croatia;HR;Lyra Health International Ltd;0;1;2;10
2026-07-01 00:00:00.000;2026 07;TETRAPAK;Tetrapak;Denmark;;null;Lyra Health International Ltd;0;1;1;1
2026-07-01 00:00:00.000;2026 07;TETRAPAK;Tetrapak;Denmark;Denmark;DK;Lyra Health International Ltd;0;1;1;4
2026-07-01 00:00:00.000;2026 07;TETRAPAK;Tetrapak;France;;null;Lyra Health International Ltd;2;3;3;3
2026-07-01 00:00:00.000;2026 07;TETRAPAK;Tetrapak;France;France;FR;Lyra Health International Ltd;2;3;7;36
2026-07-01 00:00:00.000;2026 07;TETRAPAK;Tetrapak;Germany;;null;Lyra Health International Ltd;1;1;1;1
2026-07-01 00:00:00.000;2026 07;TETRAPAK;Tetrapak;Germany;Germany;DE;Lyra Health International Ltd;2;3;3;12
2026-07-01 00:00:00.000;2026 07;TETRAPAK;Tetrapak;Hungary;;null;Lyra Health International Ltd;1;2;2;2
2026-07-01 00:00:00.000;2026 07;TETRAPAK;Tetrapak;Hungary;Hungary;HU;Lyra Health International Ltd;1;2;2;5
2026-07-01 00:00:00.000;2026 07;TETRAPAK;Tetrapak;India;;null;Lyra Health International Ltd;9;11;11;11
2026-07-01 00:00:00.000;2026 07;TETRAPAK;Tetrapak;India;India;IN;Lyra Health International Ltd;11;13;22;156
2026-07-01 00:00:00.000;2026 07;TETRAPAK;Tetrapak;India;Panama;PA;Lyra Health International Ltd;0;1;2;8
2026-07-01 00:00:00.000;2026 07;TETRAPAK;Tetrapak;Indonesia;;null;Lyra Health International Ltd;1;2;2;2
2026-07-01 00:00:00.000;2026 07;TETRAPAK;Tetrapak;Indonesia;Indonesia;ID;Lyra Health International Ltd;1;2;4;26
2026-07-01 00:00:00.000;2026 07;TETRAPAK;Tetrapak;Ireland;;null;Lyra Health International Ltd;1;1;2;2
2026-07-01 00:00:00.000;2026 07;TETRAPAK;Tetrapak;Ireland;Ireland;IE;Lyra Health International Ltd;1;1;4;19
2026-07-01 00:00:00.000;2026 07;TETRAPAK;Tetrapak;Italy;;null;Lyra Health International Ltd;10;11;11;11
2026-07-01 00:00:00.000;2026 07;TETRAPAK;Tetrapak;Italy;Italy;IT;Lyra Health International Ltd;12;16;20;164
2026-07-01 00:00:00.000;2026 07;TETRAPAK;Tetrapak;Japan;;null;Lyra Health International Ltd;1;1;1;1
2026-07-01 00:00:00.000;2026 07;TETRAPAK;Tetrapak;Japan;Japan;JP;Lyra Health International Ltd;1;1;1;5
2026-07-01 00:00:00.000;2026 07;TETRAPAK;Tetrapak;Malaysia;;null;Lyra Health International Ltd;2;3;3;3
2026-07-01 00:00:00.000;2026 07;TETRAPAK;Tetrapak;Malaysia;Malaysia;MY;Lyra Health International Ltd;2;3;5;32
2026-07-01 00:00:00.000;2026 07;TETRAPAK;Tetrapak;Mexico;;null;Lyra Health International Ltd;5;6;6;6
2026-07-01 00:00:00.000;2026 07;TETRAPAK;Tetrapak;Mexico;Mexico;MX;Lyra Health International Ltd;4;5;10;53
2026-07-01 00:00:00.000;2026 07;TETRAPAK;Tetrapak;Morocco;;null;Lyra Health International Ltd;1;1;1;1
2026-07-01 00:00:00.000;2026 07;TETRAPAK;Tetrapak;Morocco;Morocco;MA;Lyra Health International Ltd;1;1;1;5
2026-07-01 00:00:00.000;2026 07;TETRAPAK;Tetrapak;Netherlands;;null;Lyra Health International Ltd;1;2;2;2
2026-07-01 00:00:00.000;2026 07;TETRAPAK;Tetrapak;Netherlands;Netherlands;NL;Lyra Health International Ltd;2;3;4;26
2026-07-01 00:00:00.000;2026 07;TETRAPAK;Tetrapak;New Zealand;;null;Lyra Health International Ltd;1;2;2;2
2026-07-01 00:00:00.000;2026 07;TETRAPAK;Tetrapak;New Zealand;New Zealand;NZ;Lyra Health International Ltd;1;2;3;38
2026-07-01 00:00:00.000;2026 07;TETRAPAK;Tetrapak;Pakistan;;null;Lyra Health International Ltd;1;1;1;1
2026-07-01 00:00:00.000;2026 07;TETRAPAK;Tetrapak;Pakistan;Pakistan;PK;Lyra Health International Ltd;1;1;6;25
2026-07-01 00:00:00.000;2026 07;TETRAPAK;Tetrapak;Poland;Poland;PL;Lyra Health International Ltd;2;2;2;2
2026-07-01 00:00:00.000;2026 07;TETRAPAK;Tetrapak;Republic of Korea;;null;Lyra Health International Ltd;0;1;1;1
2026-07-01 00:00:00.000;2026 07;TETRAPAK;Tetrapak;Republic of Korea;Republic of Korea;KR;Lyra Health International Ltd;0;1;1;3
2026-07-01 00:00:00.000;2026 07;TETRAPAK;Tetrapak;Serbia;;null;Lyra Health International Ltd;2;2;2;2
2026-07-01 00:00:00.000;2026 07;TETRAPAK;Tetrapak;Serbia;Serbia;RS;Lyra Health International Ltd;2;3;3;16
2026-07-01 00:00:00.000;2026 07;TETRAPAK;Tetrapak;Singapore;;null;Lyra Health International Ltd;2;3;3;3
2026-07-01 00:00:00.000;2026 07;TETRAPAK;Tetrapak;Singapore;Pakistan;PK;Lyra Health International Ltd;1;1;1;1
2026-07-01 00:00:00.000;2026 07;TETRAPAK;Tetrapak;Singapore;Singapore;SG;Lyra Health International Ltd;2;3;4;15
2026-07-01 00:00:00.000;2026 07;TETRAPAK;Tetrapak;Singapore;Vietnam;VN;Lyra Health International Ltd;1;1;1;3
2026-07-01 00:00:00.000;2026 07;TETRAPAK;Tetrapak;South Africa;;null;Lyra Health International Ltd;1;1;1;1
2026-07-01 00:00:00.000;2026 07;TETRAPAK;Tetrapak;Spain;;null;Lyra Health International Ltd;6;9;9;9
2026-07-01 00:00:00.000;2026 07;TETRAPAK;Tetrapak;Spain;Spain;ES;Lyra Health International Ltd;7;12;17;114
2026-07-01 00:00:00.000;2026 07;TETRAPAK;Tetrapak;Sri Lanka;;null;Lyra Health International Ltd;0;1;1;1
2026-07-01 00:00:00.000;2026 07;TETRAPAK;Tetrapak;Sri Lanka;Sri Lanka;LK;Lyra Health International Ltd;0;1;1;9
2026-07-01 00:00:00.000;2026 07;TETRAPAK;Tetrapak;Sweden;;null;Lyra Health International Ltd;12;14;14;14
2026-07-01 00:00:00.000;2026 07;TETRAPAK;Tetrapak;Sweden;Sweden;SE;Lyra Health International Ltd;15;18;26;138
2026-07-01 00:00:00.000;2026 07;TETRAPAK;Tetrapak;Switzerland;;null;Lyra Health International Ltd;3;3;3;3
2026-07-01 00:00:00.000;2026 07;TETRAPAK;Tetrapak;Switzerland;Switzerland;CH;Lyra Health International Ltd;3;4;8;33
2026-07-01 00:00:00.000;2026 07;TETRAPAK;Tetrapak;Thailand;;null;Lyra Health International Ltd;4;5;5;5
2026-07-01 00:00:00.000;2026 07;TETRAPAK;Tetrapak;Thailand;Thailand;TH;Lyra Health International Ltd;4;5;8;42
2026-07-01 00:00:00.000;2026 07;TETRAPAK;Tetrapak;Tunisia;Algeria;DZ;Lyra Health International Ltd;1;1;1;2
2026-07-01 00:00:00.000;2026 07;TETRAPAK;Tetrapak;Turkey;;null;Lyra Health International Ltd;0;1;1;1
2026-07-01 00:00:00.000;2026 07;TETRAPAK;Tetrapak;Turkey;Sweden;SE;Lyra Health International Ltd;0;1;1;5
2026-07-01 00:00:00.000;2026 07;TETRAPAK;Tetrapak;Turkey;Turkey;TR;Lyra Health International Ltd;1;1;1;2
2026-07-01 00:00:00.000;2026 07;TETRAPAK;Tetrapak;United Kingdom;;null;Lyra Health International Ltd;2;2;2;2
2026-07-01 00:00:00.000;2026 07;TETRAPAK;Tetrapak;United Kingdom;United Kingdom;GB;Lyra Health International Ltd;2;2;2;5
2026-07-01 00:00:00.000;2026 07;TETRAPAK;Tetrapak;United States of America;;null;Lyra Health International Ltd;9;12;12;12
2026-07-01 00:00:00.000;2026 07;TETRAPAK;Tetrapak;United States of America;Mexico;MX;Lyra Health International Ltd;0;1;1;16
2026-07-01 00:00:00.000;2026 07;TETRAPAK;Tetrapak;United States of America;United States of America;US;Lyra Health International Ltd;9;12;25;147
2026-07-01 00:00:00.000;2026 07;TETRAPAK;Tetrapak;Vietnam;;null;Lyra Health International Ltd;1;2;2;2
2026-07-01 00:00:00.000;2026 07;TETRAPAK;Tetrapak;Vietnam;Vietnam;VN;Lyra Health International Ltd;1;2;2;5
2026-07-01 00:00:00.000;2026 07;THA002;Tharisa Minerals;South Africa;;null;Lyra Southern Africa Pty Ltd;3;3;3;3
2026-07-01 00:00:00.000;2026 07;THA002;Tharisa Minerals;South Africa;South Africa;ZA;Lyra Southern Africa Pty Ltd;3;5;11;114
2026-07-01 00:00:00.000;2026 07;THE001;The Zeitz MOCAA Foundation Trust;South Africa;South Africa;ZA;Lyra Southern Africa Pty Ltd;0;1;2;3
2026-07-01 00:00:00.000;2026 07;THE016;The Sociotech Institute;South Africa;;null;Lyra Southern Africa Pty Ltd;1;1;1;1
2026-07-01 00:00:00.000;2026 07;THE016;The Sociotech Institute;South Africa;South Africa;ZA;Lyra Southern Africa Pty Ltd;1;1;1;2
2026-07-01 00:00:00.000;2026 07;THE021;The South African Credit and Risk Reporting Association;South Africa;;null;Lyra Southern Africa Pty Ltd;1;1;2;2
2026-07-01 00:00:00.000;2026 07;THE021;The South African Credit and Risk Reporting Association;South Africa;South Africa;ZA;Lyra Southern Africa Pty Ltd;1;1;2;13
2026-07-01 00:00:00.000;2026 07;THE022;The Olive Wreath Foundation NPO;South Africa;South Africa;ZA;Lyra Southern Africa Pty Ltd;0;1;1;1
2026-07-01 00:00:00.000;2026 07;THE023;The Council for Medical Schemes;South Africa;;null;Lyra Southern Africa Pty Ltd;2;3;3;3
2026-07-01 00:00:00.000;2026 07;THE023;The Council for Medical Schemes;South Africa;South Africa;ZA;Lyra Southern Africa Pty Ltd;3;4;9;63
2026-07-01 00:00:00.000;2026 07;THIRDBRIDGE;Third Bridge;Republic of Korea;;null;Lyra Health International Ltd;1;1;1;1
2026-07-01 00:00:00.000;2026 07;THIRDBRIDGE;Third Bridge;Republic of Korea;Republic of Korea;KR;Lyra Health International Ltd;1;1;1;23
2026-07-01 00:00:00.000;2026 07;THO003;Tholisiwe Chartered Accountants Inc;South Africa;;null;Lyra Southern Africa Pty Ltd;1;1;1;1
2026-07-01 00:00:00.000;2026 07;THO003;Tholisiwe Chartered Accountants Inc;South Africa;South Africa;ZA;Lyra Southern Africa Pty Ltd;1;1;2;5
2026-07-01 00:00:00.000;2026 07;THU002;Thuthuka Education Upliftment Fund;South Africa;;null;Lyra Southern Africa Pty Ltd;25;33;34;34
2026-07-01 00:00:00.000;2026 07;THU002;Thuthuka Education Upliftment Fund;South Africa;South Africa;ZA;Lyra Southern Africa Pty Ltd;25;38;71;434
2026-07-01 00:00:00.000;2026 07;TIG001;Tigerbrands;South Africa;;null;Lyra Southern Africa Pty Ltd;8;9;9;9
2026-07-01 00:00:00.000;2026 07;TIG001;Tigerbrands;South Africa;South Africa;ZA;Lyra Southern Africa Pty Ltd;8;11;25;178
2026-07-01 00:00:00.000;2026 07;TLA001;The Legends Agency South Africa (Pty) Ltd;South Africa;;null;Lyra Southern Africa Pty Ltd;4;4;4;4
2026-07-01 00:00:00.000;2026 07;TLA001;The Legends Agency South Africa (Pty) Ltd;South Africa;South Africa;ZA;Lyra Southern Africa Pty Ltd;4;4;5;22
2026-07-01 00:00:00.000;2026 07;TMD;TMD Friction;China;;null;Lyra Health International Ltd;1;2;2;2
2026-07-01 00:00:00.000;2026 07;TMD;TMD Friction;China;China;CN;Lyra Health International Ltd;0;1;1;10
2026-07-01 00:00:00.000;2026 07;TMD;TMD Friction;Germany;;null;Lyra Health International Ltd;0;1;1;1
2026-07-01 00:00:00.000;2026 07;TMD;TMD Friction;Germany;Germany;DE;Lyra Health International Ltd;0;1;3;6
2026-07-01 00:00:00.000;2026 07;TMD;TMD Friction;United Kingdom;;null;Lyra Health International Ltd;5;6;6;6
2026-07-01 00:00:00.000;2026 07;TMD;TMD Friction;United Kingdom;United Kingdom;GB;Lyra Health International Ltd;4;5;7;96
2026-07-01 00:00:00.000;2026 07;TOAST;Toast;India;;null;Lyra;0;1;1;1
2026-07-01 00:00:00.000;2026 07;TOAST;Toast;India;India;IN;Lyra;0;1;1;6
2026-07-01 00:00:00.000;2026 07;TOF001;The Other Foundation;South Africa;;null;Lyra Southern Africa Pty Ltd;1;1;1;1
2026-07-01 00:00:00.000;2026 07;TOF001;The Other Foundation;South Africa;South Africa;ZA;Lyra Southern Africa Pty Ltd;1;1;3;14
2026-07-01 00:00:00.000;2026 07;TOKIO;Tokio Marine Insurans (Malaysia) Berhad;Malaysia;;null;Lyra Health Malaysia Sdn Bhd;1;1;1;2
2026-07-01 00:00:00.000;2026 07;TOKIO;Tokio Marine Insurans (Malaysia) Berhad;Malaysia;Malaysia;MY;Lyra Health Malaysia Sdn Bhd;1;1;1;32
2026-07-01 00:00:00.000;2026 07;TOL001;Tolcon;South Africa;;null;Lyra Southern Africa Pty Ltd;32;32;36;37
2026-07-01 00:00:00.000;2026 07;TOL001;Tolcon;South Africa;South Africa;ZA;Lyra Southern Africa Pty Ltd;29;29;51;289
2026-07-01 00:00:00.000;2026 07;TOLLGROUPHUB22;Toll Group;Australia;;null;Lyra Health International Ltd;5;5;5;11
2026-07-01 00:00:00.000;2026 07;TOLLGROUPHUB22;Toll Group;Australia;India;IN;Lyra Health International Ltd;1;1;1;10
2026-07-01 00:00:00.000;2026 07;TOLLGROUPHUB22;Toll Group;Australia;New Zealand;NZ;Lyra Health International Ltd;1;1;1;22
2026-07-01 00:00:00.000;2026 07;TOLLGROUPHUB22;Toll Group;Australia;United States of America;US;Lyra Health International Ltd;1;1;2;2
2026-07-01 00:00:00.000;2026 07;TOLLGROUPHUB22;Toll Group;Germany;Germany;DE;Lyra Health International Ltd;0;1;1;3
2026-07-01 00:00:00.000;2026 07;TOLLGROUPHUB22;Toll Group;Malaysia;;null;Lyra Health International Ltd;1;2;2;2
2026-07-01 00:00:00.000;2026 07;TOLLGROUPHUB22;Toll Group;Malaysia;Malaysia;MY;Lyra Health International Ltd;1;1;2;5
2026-07-01 00:00:00.000;2026 07;TOLLGROUPHUB22;Toll Group;Malaysia;Sweden;SE;Lyra Health International Ltd;0;1;1;2
2026-07-01 00:00:00.000;2026 07;TOLLGROUPHUB22;Toll Group;South Africa;;null;Lyra Health International Ltd;1;1;1;1
2026-07-01 00:00:00.000;2026 07;TOLLGROUPHUB22;Toll Group;South Africa;South Africa;ZA;Lyra Health International Ltd;1;1;4;16
2026-07-01 00:00:00.000;2026 07;TOLLGROUPHUB22;Toll Group;United Kingdom;;null;Lyra Health International Ltd;1;1;1;1
2026-07-01 00:00:00.000;2026 07;TOLLGROUPHUB22;Toll Group;United Kingdom;United Kingdom;GB;Lyra Health International Ltd;1;1;1;29
2026-07-01 00:00:00.000;2026 07;TOR001;Torrecid South Africa PTY LTD;South Africa;;null;Lyra Southern Africa Pty Ltd;3;3;3;3
2026-07-01 00:00:00.000;2026 07;TOR001;Torrecid South Africa PTY LTD;South Africa;South Africa;ZA;Lyra Southern Africa Pty Ltd;3;4;8;51
2026-07-01 00:00:00.000;2026 07;TOU002;Tourvest Group;South Africa;;null;Lyra Southern Africa Pty Ltd;16;17;17;17
2026-07-01 00:00:00.000;2026 07;TOU002;Tourvest Group;South Africa;South Africa;ZA;Lyra Southern Africa Pty Ltd;15;18;29;179
2026-07-01 00:00:00.000;2026 07;TOY001;Toyoda Gosei;South Africa;;null;Lyra Southern Africa Pty Ltd;2;2;2;2
2026-07-01 00:00:00.000;2026 07;TOY001;Toyoda Gosei;South Africa;South Africa;ZA;Lyra Southern Africa Pty Ltd;2;2;2;16
2026-07-01 00:00:00.000;2026 07;TOY002;TOYOTA SOUTH AFRICA MOTORS;South Africa;;null;Lyra Southern Africa Pty Ltd;11;13;13;13
2026-07-01 00:00:00.000;2026 07;TOY002;TOYOTA SOUTH AFRICA MOTORS;South Africa;South Africa;ZA;Lyra Southern Africa Pty Ltd;13;16;23;91
2026-07-01 00:00:00.000;2026 07;TPIBIENESTAR;TPI;Mexico;;null;Lyra Mexico and Central America;1;1;1;1
2026-07-01 00:00:00.000;2026 07;TPIBIENESTAR;TPI;Mexico;Mexico;MX;Lyra Mexico and Central America;2;2;2;4
2026-07-01 00:00:00.000;2026 07;TPOINTHUBTEST;Turning Point (Test Preview);Malaysia;;null;Lyra Health Malaysia Sdn Bhd;4;7;7;7
2026-07-01 00:00:00.000;2026 07;TPOINTHUBTEST;Turning Point (Test Preview);Malaysia;Malaysia;MY;Lyra Health Malaysia Sdn Bhd;4;9;14;100
2026-07-01 00:00:00.000;2026 07;TPR001;The Ports Regulator of South Africa;South Africa;;null;Lyra Southern Africa Pty Ltd;1;1;1;1
2026-07-01 00:00:00.000;2026 07;TPR001;The Ports Regulator of South Africa;South Africa;South Africa;ZA;Lyra Southern Africa Pty Ltd;1;1;1;8
2026-07-01 00:00:00.000;2026 07;TQDXLYRA;Taqa Distribution;India;United Arab Emirates;AE;Lyra Health International Ltd (DMCC) Branch (MENA);0;1;1;1
2026-07-01 00:00:00.000;2026 07;TQDXLYRA;Taqa Distribution;Singapore;United Arab Emirates;AE;Lyra Health International Ltd (DMCC) Branch (MENA);1;1;1;1
2026-07-01 00:00:00.000;2026 07;TQDXLYRA;Taqa Distribution;United Arab Emirates;;null;Lyra Health International Ltd (DMCC) Branch (MENA);14;17;18;18
2026-07-01 00:00:00.000;2026 07;TQDXLYRA;Taqa Distribution;United Arab Emirates;United Arab Emirates;AE;Lyra Health International Ltd (DMCC) Branch (MENA);14;18;29;179
2026-07-01 00:00:00.000;2026 07;TRA006;Transnova Pty Ltd;South Africa;;null;Lyra Southern Africa Pty Ltd;1;1;1;1
2026-07-01 00:00:00.000;2026 07;TRA006;Transnova Pty Ltd;South Africa;South Africa;ZA;Lyra Southern Africa Pty Ltd;1;1;1;14
2026-07-01 00:00:00.000;2026 07;TRANSFERWISE;Transferwise;Estonia;;null;Lyra Health International Ltd;0;1;1;3
2026-07-01 00:00:00.000;2026 07;TRANSGUARDXLYRA;Transguard Group;United Arab Emirates;;null;Lyra Health International Ltd (DMCC) Branch (MENA);3;5;5;5
2026-07-01 00:00:00.000;2026 07;TRANSGUARDXLYRA;Transguard Group;United Arab Emirates;United Arab Emirates;AE;Lyra Health International Ltd (DMCC) Branch (MENA);4;6;9;89
2026-07-01 00:00:00.000;2026 07;TRC001;Travcorp (SA) (Pty) Ltd;South Africa;;null;Lyra Southern Africa Pty Ltd;2;3;3;3
2026-07-01 00:00:00.000;2026 07;TRC001;Travcorp (SA) (Pty) Ltd;South Africa;South Africa;ZA;Lyra Southern Africa Pty Ltd;3;4;5;9
2026-07-01 00:00:00.000;2026 07;TRINSEO;Trinseo Deutschland GmbH;Netherlands;;null;Lyra Health International Ltd;1;2;2;3
2026-07-01 00:00:00.000;2026 07;TRINSEO;Trinseo Deutschland GmbH;Netherlands;Netherlands;NL;Lyra Health International Ltd;0;1;3;31
2026-07-01 00:00:00.000;2026 07;TRITON;West Park Management Services Limited;Germany;;null;Lyra Health International Ltd;1;1;1;1
2026-07-01 00:00:00.000;2026 07;TRITON;West Park Management Services Limited;Germany;Germany;DE;Lyra Health International Ltd;1;1;1;7
2026-07-01 00:00:00.000;2026 07;TTD;Tan & Tan Development;Malaysia;;null;Lyra Health Malaysia Sdn Bhd;1;1;1;1
2026-07-01 00:00:00.000;2026 07;TTD;Tan & Tan Development;Malaysia;Malaysia;MY;Lyra Health Malaysia Sdn Bhd;1;1;1;2
2026-07-01 00:00:00.000;2026 07;TTEAP;Turner&Townsend;Ireland;;null;Lyra Schweiz GmbH;1;1;1;1
2026-07-01 00:00:00.000;2026 07;TTEAP;Turner&Townsend;Netherlands;;null;Lyra Schweiz GmbH;1;1;1;1
2026-07-01 00:00:00.000;2026 07;TTEAP;Turner&Townsend;Netherlands;Germany;DE;Lyra Schweiz GmbH;1;1;1;13
2026-07-01 00:00:00.000;2026 07;TTEAPWORLD;Turner & Townsend;Ireland;;null;Lyra Health International Ltd;4;4;4;4
2026-07-01 00:00:00.000;2026 07;TTEAPWORLD;Turner & Townsend;Ireland;Ireland;IE;Lyra Health International Ltd;4;4;6;51
2026-07-01 00:00:00.000;2026 07;TUR001;Turner and Townsend;Nigeria;;null;Lyra Southern Africa Pty Ltd;1;1;1;1
2026-07-01 00:00:00.000;2026 07;TUR001;Turner and Townsend;Nigeria;South Africa;ZA;Lyra Southern Africa Pty Ltd;1;1;1;9
2026-07-01 00:00:00.000;2026 07;TUR001;Turner and Townsend;Rwanda;;null;Lyra Southern Africa Pty Ltd;1;1;1;1
2026-07-01 00:00:00.000;2026 07;TUR001;Turner and Townsend;Rwanda;South Africa;ZA;Lyra Southern Africa Pty Ltd;1;1;2;17
2026-07-01 00:00:00.000;2026 07;TUR001;Turner and Townsend;South Africa;;null;Lyra Southern Africa Pty Ltd;1;1;1;1
2026-07-01 00:00:00.000;2026 07;TUR001;Turner and Townsend;South Africa;South Africa;ZA;Lyra Southern Africa Pty Ltd;1;1;1;7
2026-07-01 00:00:00.000;2026 07;TWBOSQUES;Tupperware Corporativo;Mexico;Mexico;MX;Lyra Mexico and Central America;1;1;1;3
2026-07-01 00:00:00.000;2026 07;TWILIO;Twilio;Finland;;null;Lyra;1;1;1;1
2026-07-01 00:00:00.000;2026 07;TWILIO;Twilio;Finland;Estonia;EE;Lyra;1;1;1;3
2026-07-01 00:00:00.000;2026 07;TWILIO;Twilio;India;;null;Lyra;1;1;1;1
2026-07-01 00:00:00.000;2026 07;TWILIO;Twilio;India;India;IN;Lyra;1;1;1;10
2026-07-01 00:00:00.000;2026 07;TWLERMA;Tupperware Lerma;Mexico;;null;Lyra Mexico and Central America;3;3;3;3
2026-07-01 00:00:00.000;2026 07;TWLERMA;Tupperware Lerma;Mexico;Mexico;MX;Lyra Mexico and Central America;4;4;5;40
2026-07-01 00:00:00.000;2026 07;TWO001;Two Mountains Holdings;South Africa;;null;Lyra Southern Africa Pty Ltd;6;6;7;8
2026-07-01 00:00:00.000;2026 07;TWO001;Two Mountains Holdings;South Africa;South Africa;ZA;Lyra Southern Africa Pty Ltd;6;6;7;48
2026-07-01 00:00:00.000;2026 07;TYM001;TymeBank Ltd;South Africa;;null;Lyra Southern Africa Pty Ltd;5;6;6;6
2026-07-01 00:00:00.000;2026 07;TYM001;TymeBank Ltd;South Africa;South Africa;ZA;Lyra Southern Africa Pty Ltd;5;7;12;49
2026-07-01 00:00:00.000;2026 07;UAS001;UASA;South Africa;;null;Lyra Southern Africa Pty Ltd;1;1;1;1
2026-07-01 00:00:00.000;2026 07;UAS001;UASA;South Africa;South Africa;ZA;Lyra Southern Africa Pty Ltd;1;1;1;3
2026-07-01 00:00:00.000;2026 07;UBU001;uBumbano Operating Company Pty Ltd;South Africa;;null;Lyra Southern Africa Pty Ltd;4;4;4;4
2026-07-01 00:00:00.000;2026 07;UBU001;uBumbano Operating Company Pty Ltd;South Africa;South Africa;ZA;Lyra Southern Africa Pty Ltd;4;4;6;40
2026-07-01 00:00:00.000;2026 07;UKZ001;University of KwaZulu Natal;South Africa;;null;Lyra Southern Africa Pty Ltd;9;16;17;17
2026-07-01 00:00:00.000;2026 07;UKZ001;University of KwaZulu Natal;South Africa;South Africa;ZA;Lyra Southern Africa Pty Ltd;9;17;27;132
2026-07-01 00:00:00.000;2026 07;UNI001;University of Stellenbosch Business School Executive Development;South Africa;;null;Lyra Southern Africa Pty Ltd;1;1;1;1
2026-07-01 00:00:00.000;2026 07;UNI001;University of Stellenbosch Business School Executive Development;South Africa;South Africa;ZA;Lyra Southern Africa Pty Ltd;1;1;1;15
2026-07-01 00:00:00.000;2026 07;UNI003;University of Cape Town;South Africa;;null;Lyra Southern Africa Pty Ltd;16;21;29;29
2026-07-01 00:00:00.000;2026 07;UNI003;University of Cape Town;South Africa;South Africa;ZA;Lyra Southern Africa Pty Ltd;17;26;43;316
2026-07-01 00:00:00.000;2026 07;UNI004;Universities of South Africa;South Africa;;null;Lyra Southern Africa Pty Ltd;7;8;8;8
2026-07-01 00:00:00.000;2026 07;UNI004;Universities of South Africa;South Africa;South Africa;ZA;Lyra Southern Africa Pty Ltd;7;8;10;26
2026-07-01 00:00:00.000;2026 07;UNI010;University Of Johannesburg;South Africa;;null;Lyra Southern Africa Pty Ltd;22;30;30;31
2026-07-01 00:00:00.000;2026 07;UNI010;University Of Johannesburg;South Africa;South Africa;ZA;Lyra Southern Africa Pty Ltd;23;31;43;367
2026-07-01 00:00:00.000;2026 07;UNI012;University of the Free State;South Africa;;null;Lyra Southern Africa Pty Ltd;4;8;8;8
2026-07-01 00:00:00.000;2026 07;UNI012;University of the Free State;South Africa;South Africa;ZA;Lyra Southern Africa Pty Ltd;4;11;13;66
2026-07-01 00:00:00.000;2026 07;UNI123;Unilever México;Mexico;;null;Lyra Mexico and Central America;20;22;22;22
2026-07-01 00:00:00.000;2026 07;UNI123;Unilever México;Mexico;Mexico;MX;Lyra Mexico and Central America;26;30;57;451
2026-07-01 00:00:00.000;2026 07;UNI123;Unilever México;United States of America;;null;Lyra Mexico and Central America;0;1;1;1
2026-07-01 00:00:00.000;2026 07;UNI123;Unilever México;United States of America;Mexico;MX;Lyra Mexico and Central America;0;1;3;11
2026-07-01 00:00:00.000;2026 07;UNILEVER;Unilever;Costa Rica;;null;ICAS Latina;0;1;1;1
2026-07-01 00:00:00.000;2026 07;UNILEVERLATAM;Unilever LATAM;Colombia;;null;Lyra Mexico and Central America;0;1;1;1
2026-07-01 00:00:00.000;2026 07;UNILEVERLATAM;Unilever LATAM;Colombia;Costa Rica;CR;Lyra Mexico and Central America;0;1;1;3
2026-07-01 00:00:00.000;2026 07;UNILEVERLATAM;Unilever LATAM;Costa Rica;;null;Lyra Mexico and Central America;3;4;4;4
2026-07-01 00:00:00.000;2026 07;UNILEVERLATAM;Unilever LATAM;Costa Rica;Costa Rica;CR;Lyra Mexico and Central America;4;7;10;27
2026-07-01 00:00:00.000;2026 07;UNILEVERLATAM;Unilever LATAM;El Salvador;;null;Lyra Mexico and Central America;1;2;2;2
2026-07-01 00:00:00.000;2026 07;UNILEVERLATAM;Unilever LATAM;El Salvador;El Salvador;SV;Lyra Mexico and Central America;1;2;3;77
2026-07-01 00:00:00.000;2026 07;UNILEVERLATAM;Unilever LATAM;Guatemala;Guatemala;GT;Lyra Mexico and Central America;0;1;1;4
2026-07-01 00:00:00.000;2026 07;UNILEVERLATAM;Unilever LATAM;Nicaragua;Nicaragua;NI;Lyra Mexico and Central America;1;1;1;4
2026-07-01 00:00:00.000;2026 07;UNITY3D;Unity Technologies;Canada;;null;Lyra;0;1;1;1
2026-07-01 00:00:00.000;2026 07;UNITY3D;Unity Technologies;Canada;Canada;CA;Lyra;0;1;2;10
2026-07-01 00:00:00.000;2026 07;UNL001;UNL The Unlimited;South Africa;;null;Lyra Southern Africa Pty Ltd;6;6;6;6
2026-07-01 00:00:00.000;2026 07;UNL001;UNL The Unlimited;South Africa;South Africa;ZA;Lyra Southern Africa Pty Ltd;8;8;8;28
2026-07-01 00:00:00.000;2026 07;UVU001;UVU Africa NPC;South Africa;;null;Lyra Southern Africa Pty Ltd;1;2;2;2
2026-07-01 00:00:00.000;2026 07;UVU001;UVU Africa NPC;South Africa;South Africa;ZA;Lyra Southern Africa Pty Ltd;1;2;2;59
2026-07-01 00:00:00.000;2026 07;V3PRODTEST;Velocity Cubed Prod Testing;South Africa;;null;Lyra Health International Ltd;0;3;3;3
2026-07-01 00:00:00.000;2026 07;V3PRODTEST;Velocity Cubed Prod Testing;South Africa;Belarus;BY;Lyra Health International Ltd;0;1;1;8
2026-07-01 00:00:00.000;2026 07;V3PRODTEST;Velocity Cubed Prod Testing;South Africa;South Africa;ZA;Lyra Health International Ltd;0;3;5;98
2026-07-01 00:00:00.000;2026 07;V3PRODTEST;Velocity Cubed Prod Testing;South Africa;United Kingdom;GB;Lyra Health International Ltd;0;1;2;17
2026-07-01 00:00:00.000;2026 07;VABALIHUB;Vabali SPA;Germany;;null;Lyra Deutschland GmBH;5;6;6;6
2026-07-01 00:00:00.000;2026 07;VABALIHUB;Vabali SPA;Germany;Germany;DE;Lyra Deutschland GmBH;6;7;10;109
2026-07-01 00:00:00.000;2026 07;VALENTPAE;Valent;Mexico;;null;Lyra Mexico and Central America;2;3;3;3
2026-07-01 00:00:00.000;2026 07;VALENTPAE;Valent;Mexico;Mexico;MX;Lyra Mexico and Central America;2;3;5;21
2026-07-01 00:00:00.000;2026 07;VALMET;VALMET GmbH;Netherlands;Netherlands;NL;Lyra Health International Ltd;1;1;1;1
2026-07-01 00:00:00.000;2026 07;VALMETEAP;VALMET GmbH;Germany;;null;Lyra Deutschland GmBH;2;2;2;2
2026-07-01 00:00:00.000;2026 07;VALMETEAP;VALMET GmbH;Germany;Germany;DE;Lyra Deutschland GmBH;2;2;2;5
2026-07-01 00:00:00.000;2026 07;VAN002;Van Schaik Bookstores;South Africa;;null;Lyra Southern Africa Pty Ltd;1;2;2;2
2026-07-01 00:00:00.000;2026 07;VAN002;Van Schaik Bookstores;South Africa;South Africa;ZA;Lyra Southern Africa Pty Ltd;1;2;3;14
2026-07-01 00:00:00.000;2026 07;VCUQXICAS;Virginia Commonwealth University - Qatar;Qatar;;null;Lyra Health International Ltd (DMCC) Branch (MENA);1;1;1;1
2026-07-01 00:00:00.000;2026 07;VCUQXICAS;Virginia Commonwealth University - Qatar;Qatar;Qatar;QA;Lyra Health International Ltd (DMCC) Branch (MENA);1;1;1;10
2026-07-01 00:00:00.000;2026 07;VELADERO;Aranca;Argentina;;null;ICAS Latina;0;2;2;2
2026-07-01 00:00:00.000;2026 07;VELADERO;Aranca;Argentina;Argentina;AR;ICAS Latina;0;1;1;8
2026-07-01 00:00:00.000;2026 07;VENTURABALANCE2025;Grupo Ventura Entertainment;Mexico;;null;Lyra Mexico and Central America;4;5;5;5
2026-07-01 00:00:00.000;2026 07;VENTURABALANCE2025;Grupo Ventura Entertainment;Mexico;Mexico;MX;Lyra Mexico and Central America;4;5;11;86
2026-07-01 00:00:00.000;2026 07;VERSIGENT;Versigent;United States of America;;null;Lyra Health International Ltd;1;2;2;2
2026-07-01 00:00:00.000;2026 07;VERSIGENT;Versigent;United States of America;United States of America;US;Lyra Health International Ltd;0;1;2;20
2026-07-01 00:00:00.000;2026 07;VES001;Vestas Southern Africa PTY Ltd;South Africa;South Africa;ZA;Lyra Southern Africa Pty Ltd;0;1;1;1
2026-07-01 00:00:00.000;2026 07;VESTASPAE;VESTAS;Mexico;;null;Lyra Mexico and Central America;0;2;2;2
2026-07-01 00:00:00.000;2026 07;VESTASPAE;VESTAS;Mexico;Mexico;MX;Lyra Mexico and Central America;0;2;2;24
2026-07-01 00:00:00.000;2026 07;VHELPEAP;Vhelp;Germany;Germany;DE;Lyra Deutschland GmBH;1;1;1;1
2026-07-01 00:00:00.000;2026 07;VINTED;Vinted;Portugal;;null;Lyra Health International Ltd;1;1;1;1
2026-07-01 00:00:00.000;2026 07;VINTED;Vinted;Portugal;Netherlands;NL;Lyra Health International Ltd;1;1;2;8
2026-07-01 00:00:00.000;2026 07;VIRTIMOHUB;Virtimo AG;Germany;;null;Lyra Deutschland GmBH;1;1;1;1
2026-07-01 00:00:00.000;2026 07;VIRTIMOHUB;Virtimo AG;Germany;Germany;DE;Lyra Deutschland GmBH;1;1;1;7
2026-07-01 00:00:00.000;2026 07;VITACARE;Vitesco Technologies/Schaeffler;Mexico;;null;Lyra Mexico and Central America;7;9;9;9
2026-07-01 00:00:00.000;2026 07;VITACARE;Vitesco Technologies/Schaeffler;Mexico;Mexico;MX;Lyra Mexico and Central America;6;8;15;114
2026-07-01 00:00:00.000;2026 07;VITALITY;HOLCIM Nicaragua;Nicaragua;Nicaragua;NI;Lyra Mexico and Central America;0;1;1;4
2026-07-01 00:00:00.000;2026 07;VIV001;Vivo Energy;South Africa;;null;Lyra Southern Africa Pty Ltd;3;3;3;3
2026-07-01 00:00:00.000;2026 07;VIV001;Vivo Energy;South Africa;South Africa;ZA;Lyra Southern Africa Pty Ltd;3;3;4;28
2026-07-01 00:00:00.000;2026 07;VIVEINTEGRAL;RCI;Mexico;;null;Lyra Mexico and Central America;2;2;2;2
2026-07-01 00:00:00.000;2026 07;VIVEINTEGRAL;RCI;Mexico;Mexico;MX;Lyra Mexico and Central America;2;3;4;7
2026-07-01 00:00:00.000;2026 07;VIVENDRAHUB;Vivendra;Switzerland;Switzerland;CH;Lyra Schweiz GmbH;1;1;1;6
2026-07-01 00:00:00.000;2026 07;VIXTECHHUB;Vix Technology (Belguim) NV;United Kingdom;;null;Lyra Health International Ltd;1;1;2;8
2026-07-01 00:00:00.000;2026 07;VIXTECHHUB;Vix Technology (Belguim) NV;United Kingdom;Ireland;IE;Lyra Health International Ltd;1;1;1;8
2026-07-01 00:00:00.000;2026 07;VIXTECHHUB;Vix Technology (Belguim) NV;United Kingdom;Thailand;TH;Lyra Health International Ltd;1;1;1;4
2026-07-01 00:00:00.000;2026 07;VNA001;VNA Consulting;South Africa;;null;Lyra Southern Africa Pty Ltd;1;1;1;1
2026-07-01 00:00:00.000;2026 07;VNA001;VNA Consulting;South Africa;South Africa;ZA;Lyra Southern Africa Pty Ltd;1;1;2;4
2026-07-01 00:00:00.000;2026 07;VOD001;Vodacom;South Africa;;null;Lyra Southern Africa Pty Ltd;36;42;43;44
2026-07-01 00:00:00.000;2026 07;VOD001;Vodacom;South Africa;South Africa;ZA;Lyra Southern Africa Pty Ltd;34;47;83;514
2026-07-01 00:00:00.000;2026 07;VOD003;Vodacom Lesotho;Lesotho;Lesotho;LS;Lyra Southern Africa Pty Ltd;0;1;1;1
2026-07-01 00:00:00.000;2026 07;VOE002;voestalpine VAE SA;South Africa;;null;Lyra Southern Africa Pty Ltd;2;3;3;3
2026-07-01 00:00:00.000;2026 07;VOE002;voestalpine VAE SA;South Africa;South Africa;ZA;Lyra Southern Africa Pty Ltd;2;3;6;33
2026-07-01 00:00:00.000;2026 07;VONTIER;Vontier;Argentina;;null;Lyra Health International Ltd;3;3;3;3
2026-07-01 00:00:00.000;2026 07;VONTIER;Vontier;Argentina;Argentina;AR;Lyra Health International Ltd;2;2;2;11
2026-07-01 00:00:00.000;2026 07;VONTIER;Vontier;Argentina;Mexico;MX;Lyra Health International Ltd;1;1;1;2
2026-07-01 00:00:00.000;2026 07;VONTIER;Vontier;Australia;;null;Lyra Health International Ltd;2;2;2;2
2026-07-01 00:00:00.000;2026 07;VONTIER;Vontier;Australia;Australia;AU;Lyra Health International Ltd;1;1;3;7
2026-07-01 00:00:00.000;2026 07;VONTIER;Vontier;Australia;New Zealand;NZ;Lyra Health International Ltd;1;1;1;1
2026-07-01 00:00:00.000;2026 07;VONTIER;Vontier;Chile;Chile;CL;Lyra Health International Ltd;1;1;1;1
2026-07-01 00:00:00.000;2026 07;VONTIER;Vontier;Colombia;;null;Lyra Health International Ltd;1;1;1;1
2026-07-01 00:00:00.000;2026 07;VONTIER;Vontier;Colombia;Colombia;CO;Lyra Health International Ltd;1;1;1;4
2026-07-01 00:00:00.000;2026 07;VONTIER;Vontier;India;;null;Lyra Health International Ltd;9;11;11;11
2026-07-01 00:00:00.000;2026 07;VONTIER;Vontier;India;India;IN;Lyra Health International Ltd;9;11;16;148
2026-07-01 00:00:00.000;2026 07;VONTIER;Vontier;Mexico;;null;Lyra Health International Ltd;2;2;2;2
2026-07-01 00:00:00.000;2026 07;VONTIER;Vontier;Mexico;Mexico;MX;Lyra Health International Ltd;2;3;3;16
2026-07-01 00:00:00.000;2026 07;VONTIER;Vontier;New Zealand;;null;Lyra Health International Ltd;3;4;4;4
2026-07-01 00:00:00.000;2026 07;VONTIER;Vontier;New Zealand;New Zealand;NZ;Lyra Health International Ltd;3;4;4;27
2026-07-01 00:00:00.000;2026 07;VONTIER;Vontier;South Africa;;null;Lyra Health International Ltd;1;1;1;1
2026-07-01 00:00:00.000;2026 07;VONTIER;Vontier;South Africa;South Africa;ZA;Lyra Health International Ltd;1;1;2;5
2026-07-01 00:00:00.000;2026 07;VONTIER;Vontier;Turkey;;null;Lyra Health International Ltd;2;2;2;2
2026-07-01 00:00:00.000;2026 07;VONTIER;Vontier;Turkey;Turkey;TR;Lyra Health International Ltd;2;2;3;21
2026-07-01 00:00:00.000;2026 07;VONTIER;Vontier;United Kingdom;United Kingdom;GB;Lyra Health International Ltd;1;1;1;1
2026-07-01 00:00:00.000;2026 07;VTTIHEALTH;VTTI;Belgium;;null;Lyra Health International Ltd;1;2;2;2
2026-07-01 00:00:00.000;2026 07;VTTIHEALTH;VTTI;Belgium;Belgium;BE;Lyra Health International Ltd;1;2;5;76
2026-07-01 00:00:00.000;2026 07;VTTIHEALTH;VTTI;Greece;;null;Lyra Health International Ltd;1;1;1;1
2026-07-01 00:00:00.000;2026 07;VTTIHEALTH;VTTI;Greece;Cyprus;CY;Lyra Health International Ltd;1;1;1;1
2026-07-01 00:00:00.000;2026 07;VTTIHEALTH;VTTI;Malaysia;;null;Lyra Health International Ltd;0;2;3;3
2026-07-01 00:00:00.000;2026 07;VTTIHEALTH;VTTI;Malaysia;Malaysia;MY;Lyra Health International Ltd;0;1;1;1
2026-07-01 00:00:00.000;2026 07;VTTIHEALTH;VTTI;Malaysia;United States of America;US;Lyra Health International Ltd;0;1;1;2
2026-07-01 00:00:00.000;2026 07;VTTIHEALTH;VTTI;Netherlands;;null;Lyra Health International Ltd;7;9;9;13
2026-07-01 00:00:00.000;2026 07;VTTIHEALTH;VTTI;Netherlands;Netherlands;NL;Lyra Health International Ltd;8;10;13;202
2026-07-01 00:00:00.000;2026 07;VTTIHEALTH;VTTI;South Africa;;null;Lyra Health International Ltd;1;1;1;1
2026-07-01 00:00:00.000;2026 07;VTTIHEALTH;VTTI;South Africa;South Africa;ZA;Lyra Health International Ltd;1;1;2;42
2026-07-01 00:00:00.000;2026 07;VVO001;VVOB South Africa;South Africa;;null;Lyra Southern Africa Pty Ltd;1;1;1;1
2026-07-01 00:00:00.000;2026 07;VVO001;VVOB South Africa;South Africa;South Africa;ZA;Lyra Southern Africa Pty Ltd;1;1;1;5
2026-07-01 00:00:00.000;2026 07;WABTEC;Wabtec;Mexico;;null;Lyra Mexico and Central America;1;1;1;1
2026-07-01 00:00:00.000;2026 07;WABTEC;Wabtec;Mexico;Mexico;MX;Lyra Mexico and Central America;1;1;2;4
2026-07-01 00:00:00.000;2026 07;WALMART;WalMart;United States of America;;null;Lyra;1;1;1;2
2026-07-01 00:00:00.000;2026 07;WAS003;Wasaa Terminals;South Africa;;null;Lyra Southern Africa Pty Ltd;1;1;1;1
2026-07-01 00:00:00.000;2026 07;WAS003;Wasaa Terminals;South Africa;South Africa;ZA;Lyra Southern Africa Pty Ltd;1;1;1;3
2026-07-01 00:00:00.000;2026 07;WATCHMEN;Watchmen BV;Netherlands;;null;Lyra Netherlands BV;4;7;8;8
2026-07-01 00:00:00.000;2026 07;WATCHMEN;Watchmen BV;Netherlands;Netherlands;NL;Lyra Netherlands BV;4;8;15;118
2026-07-01 00:00:00.000;2026 07;WCB001;WCB Western Cape Blood Service;South Africa;South Africa;ZA;Lyra Southern Africa Pty Ltd;1;2;2;14
2026-07-01 00:00:00.000;2026 07;WCG004;WCG CSC DEDAT Department of Economic Development and Tourism;South Africa;;null;Lyra Southern Africa Pty Ltd;2;3;3;3
2026-07-01 00:00:00.000;2026 07;WCG004;WCG CSC DEDAT Department of Economic Development and Tourism;South Africa;South Africa;ZA;Lyra Southern Africa Pty Ltd;3;4;4;16
2026-07-01 00:00:00.000;2026 07;WCG006;WCG DSD Department of Social Development;South Africa;South Africa;ZA;Lyra Southern Africa Pty Ltd;1;1;1;1
2026-07-01 00:00:00.000;2026 07;WCG007;WCG CSC DOTP Department of the Premier;South Africa;;null;Lyra Southern Africa Pty Ltd;1;1;1;1
2026-07-01 00:00:00.000;2026 07;WCG007;WCG CSC DOTP Department of the Premier;South Africa;South Africa;ZA;Lyra Southern Africa Pty Ltd;2;2;2;2
2026-07-01 00:00:00.000;2026 07;WCG009;WCG CSC DPOCS Department of Police Oversight and Community Safety;South Africa;;null;Lyra Southern Africa Pty Ltd;1;1;1;1
2026-07-01 00:00:00.000;2026 07;WCG009;WCG CSC DPOCS Department of Police Oversight and Community Safety;South Africa;South Africa;ZA;Lyra Southern Africa Pty Ltd;1;1;1;28
2026-07-01 00:00:00.000;2026 07;WCG010;WCG CSC DEA and DP Department of Environmental Affairs and Development Planning;South Africa;;null;Lyra Southern Africa Pty Ltd;1;1;1;1
2026-07-01 00:00:00.000;2026 07;WCG010;WCG CSC DEA and DP Department of Environmental Affairs and Development Planning;South Africa;South Africa;ZA;Lyra Southern Africa Pty Ltd;1;1;1;11
2026-07-01 00:00:00.000;2026 07;WCG011;WCG CSC DOI Department of infrastructure;South Africa;;null;Lyra Southern Africa Pty Ltd;0;2;7;8
2026-07-01 00:00:00.000;2026 07;WCG011;WCG CSC DOI Department of infrastructure;South Africa;South Africa;ZA;Lyra Southern Africa Pty Ltd;0;3;11;57
2026-07-01 00:00:00.000;2026 07;WCG012;WCG CSC WCDM Western Cape Department of Mobility;South Africa;;null;Lyra Southern Africa Pty Ltd;12;12;12;14
2026-07-01 00:00:00.000;2026 07;WCG012;WCG CSC WCDM Western Cape Department of Mobility;South Africa;South Africa;ZA;Lyra Southern Africa Pty Ltd;9;9;13;39
2026-07-01 00:00:00.000;2026 07;WCG013;WCG CSC DCAS Department of Cultural Affairs and Sport;South Africa;;null;Lyra Southern Africa Pty Ltd;1;1;1;1
2026-07-01 00:00:00.000;2026 07;WCG013;WCG CSC DCAS Department of Cultural Affairs and Sport;South Africa;South Africa;ZA;Lyra Southern Africa Pty Ltd;2;2;2;7
2026-07-01 00:00:00.000;2026 07;WCMQXICAS;Weill Cornell Medical Colllege;Qatar;;null;Lyra Health International Ltd (DMCC) Branch (MENA);2;2;2;2
2026-07-01 00:00:00.000;2026 07;WCMQXICAS;Weill Cornell Medical Colllege;Qatar;Qatar;QA;Lyra Health International Ltd (DMCC) Branch (MENA);2;2;6;64
2026-07-01 00:00:00.000;2026 07;WCMQXLYRA;Weill Cornell Medical Colllege;United Arab Emirates;;null;Lyra Health International Ltd (DMCC) Branch (MENA);0;1;1;1
2026-07-01 00:00:00.000;2026 07;WCMQXLYRA;Weill Cornell Medical Colllege;United Arab Emirates;Qatar;QA;Lyra Health International Ltd (DMCC) Branch (MENA);0;1;1;4
2026-07-01 00:00:00.000;2026 07;WEBER;Weber;Czech Republic;;null;Lyra Health International Ltd;0;1;1;1
2026-07-01 00:00:00.000;2026 07;WEBER;Weber;Czech Republic;Czech Republic;CZ;Lyra Health International Ltd;0;1;1;3
2026-07-01 00:00:00.000;2026 07;WEBER;Weber;Denmark;;null;Lyra Health International Ltd;1;1;1;1
2026-07-01 00:00:00.000;2026 07;WEBER;Weber;Denmark;Denmark;DK;Lyra Health International Ltd;1;1;2;13
2026-07-01 00:00:00.000;2026 07;WEBER;Weber;South Africa;;null;Lyra Health International Ltd;1;1;1;1
2026-07-01 00:00:00.000;2026 07;WEBER;Weber;South Africa;South Africa;ZA;Lyra Health International Ltd;1;1;2;6
2026-07-01 00:00:00.000;2026 07;WEBER;Weber;United Kingdom;;null;Lyra Health International Ltd;2;2;2;2
2026-07-01 00:00:00.000;2026 07;WEBER;Weber;United Kingdom;United Kingdom;GB;Lyra Health International Ltd;1;1;1;4
2026-07-01 00:00:00.000;2026 07;WEBINTERNATIONAL;Web International;Malta;;null;Lyra Health International Ltd;1;1;1;1
2026-07-01 00:00:00.000;2026 07;WEBINTERNATIONAL;Web International;Malta;Malta;MT;Lyra Health International Ltd;1;2;4;22
2026-07-01 00:00:00.000;2026 07;WEBMD;WebMD;France;;null;Lyra Health International Ltd;1;2;2;2
2026-07-01 00:00:00.000;2026 07;WEBMD;WebMD;France;France;FR;Lyra Health International Ltd;1;2;3;45
2026-07-01 00:00:00.000;2026 07;WEBMD;WebMD;India;;null;Lyra Health International Ltd;1;1;1;1
2026-07-01 00:00:00.000;2026 07;WEBMD;WebMD;India;India;IN;Lyra Health International Ltd;1;1;1;24
2026-07-01 00:00:00.000;2026 07;WEBMD;WebMD;United Kingdom;;null;Lyra Health International Ltd;1;1;1;1
2026-07-01 00:00:00.000;2026 07;WEBMD;WebMD;United Kingdom;United Kingdom;GB;Lyra Health International Ltd;1;1;1;3
2026-07-01 00:00:00.000;2026 07;WECARE;DS Smith;Austria;;null;Lyra Health International Ltd;1;2;2;5
2026-07-01 00:00:00.000;2026 07;WECARE;DS Smith;Austria;Austria;AT;Lyra Health International Ltd;0;1;1;4
2026-07-01 00:00:00.000;2026 07;WECARE;DS Smith;Austria;Slovakia;SK;Lyra Health International Ltd;1;1;1;8
2026-07-01 00:00:00.000;2026 07;WECARE;DS Smith;Belgium;;null;Lyra Health International Ltd;1;2;2;2
2026-07-01 00:00:00.000;2026 07;WECARE;DS Smith;Belgium;Belgium;BE;Lyra Health International Ltd;1;3;3;45
2026-07-01 00:00:00.000;2026 07;WECARE;DS Smith;Czech Republic;;null;Lyra Health International Ltd;3;3;3;3
2026-07-01 00:00:00.000;2026 07;WECARE;DS Smith;Czech Republic;Czech Republic;CZ;Lyra Health International Ltd;3;3;3;41
2026-07-01 00:00:00.000;2026 07;WECARE;DS Smith;Czech Republic;Slovakia;SK;Lyra Health International Ltd;1;2;2;6
2026-07-01 00:00:00.000;2026 07;WECARE;DS Smith;Germany;;null;Lyra Health International Ltd;16;18;18;18
2026-07-01 00:00:00.000;2026 07;WECARE;DS Smith;Germany;Germany;DE;Lyra Health International Ltd;14;14;25;323
2026-07-01 00:00:00.000;2026 07;WECARE;DS Smith;Germany;Netherlands;NL;Lyra Health International Ltd;1;3;3;37
2026-07-01 00:00:00.000;2026 07;WECARE;DS Smith;Greece;;null;Lyra Health International Ltd;0;1;1;1
2026-07-01 00:00:00.000;2026 07;WECARE;DS Smith;Greece;Austria;AT;Lyra Health International Ltd;0;1;2;11
2026-07-01 00:00:00.000;2026 07;WECARE;DS Smith;Netherlands;;null;Lyra Health International Ltd;16;20;21;21
2026-07-01 00:00:00.000;2026 07;WECARE;DS Smith;Netherlands;Germany;DE;Lyra Health International Ltd;1;1;1;2
2026-07-01 00:00:00.000;2026 07;WECARE;DS Smith;Netherlands;Netherlands;NL;Lyra Health International Ltd;15;20;34;326
2026-07-01 00:00:00.000;2026 07;WECARE;DS Smith;Poland;;null;Lyra Health International Ltd;10;11;11;11
2026-07-01 00:00:00.000;2026 07;WECARE;DS Smith;Poland;Poland;PL;Lyra Health International Ltd;11;16;30;239
2026-07-01 00:00:00.000;2026 07;WECARE;DS Smith;Switzerland;;null;Lyra Health International Ltd;1;1;1;1
2026-07-01 00:00:00.000;2026 07;WECARE;DS Smith;Switzerland;Switzerland;CH;Lyra Health International Ltd;1;1;1;9
2026-07-01 00:00:00.000;2026 07;WECARE;DS Smith;United Kingdom;;null;Lyra Health International Ltd;0;1;1;1
2026-07-01 00:00:00.000;2026 07;WECARE;DS Smith;United Kingdom;Austria;AT;Lyra Health International Ltd;0;1;2;36
2026-07-01 00:00:00.000;2026 07;WEPAIT;WEPA Italia s.r.l.;Italy;;null;Lyra Italy SRL;0;1;1;1
2026-07-01 00:00:00.000;2026 07;WEPAIT;WEPA Italia s.r.l.;Italy;Italy;IT;Lyra Italy SRL;0;1;1;1
2026-07-01 00:00:00.000;2026 07;WES001;Western Cape Gambling and Racing Board;South Africa;;null;Lyra Southern Africa Pty Ltd;1;1;1;1
2026-07-01 00:00:00.000;2026 07;WES001;Western Cape Gambling and Racing Board;South Africa;South Africa;ZA;Lyra Southern Africa Pty Ltd;1;1;1;3
2026-07-01 00:00:00.000;2026 07;WES003;Western Cape Liquor Authority;South Africa;;null;Lyra Southern Africa Pty Ltd;4;4;4;4
2026-07-01 00:00:00.000;2026 07;WES003;Western Cape Liquor Authority;South Africa;South Africa;ZA;Lyra Southern Africa Pty Ltd;4;5;11;40
2026-07-01 00:00:00.000;2026 07;WES004;Western Cape Parliament;South Africa;;null;Lyra Southern Africa Pty Ltd;1;1;1;1
2026-07-01 00:00:00.000;2026 07;WES004;Western Cape Parliament;South Africa;South Africa;ZA;Lyra Southern Africa Pty Ltd;1;1;1;14
2026-07-01 00:00:00.000;2026 07;WES006;Western Cape Department of Health and Wellness;South Africa;;null;Lyra Southern Africa Pty Ltd;50;61;63;72
2026-07-01 00:00:00.000;2026 07;WES006;Western Cape Department of Health and Wellness;South Africa;South Africa;ZA;Lyra Southern Africa Pty Ltd;51;64;93;785
2026-07-01 00:00:00.000;2026 07;WES007;Western Cape Education;South Africa;;null;Lyra Southern Africa Pty Ltd;55;63;65;66
2026-07-01 00:00:00.000;2026 07;WES007;Western Cape Education;South Africa;South Africa;ZA;Lyra Southern Africa Pty Ltd;59;69;107;795
2026-07-01 00:00:00.000;2026 07;WES008;Western Cape Corporate Service Center;South Africa;;null;Lyra Southern Africa Pty Ltd;8;12;12;12
2026-07-01 00:00:00.000;2026 07;WES008;Western Cape Corporate Service Center;South Africa;South Africa;ZA;Lyra Southern Africa Pty Ltd;9;13;28;285
2026-07-01 00:00:00.000;2026 07;WET002;Wetility;South Africa;;null;Lyra Southern Africa Pty Ltd;0;1;1;1
2026-07-01 00:00:00.000;2026 07;WET002;Wetility;South Africa;South Africa;ZA;Lyra Southern Africa Pty Ltd;0;1;12;14
2026-07-01 00:00:00.000;2026 07;WFS001;WFS Woolworths Financial Services;South Africa;;null;Lyra Southern Africa Pty Ltd;10;10;10;10
2026-07-01 00:00:00.000;2026 07;WFS001;WFS Woolworths Financial Services;South Africa;South Africa;ZA;Lyra Southern Africa Pty Ltd;9;9;14;160
2026-07-01 00:00:00.000;2026 07;WG001;WADA Group;Netherlands;;null;Lyra Southern Africa Pty Ltd;1;1;1;1
2026-07-01 00:00:00.000;2026 07;WG001;WADA Group;Netherlands;South Africa;ZA;Lyra Southern Africa Pty Ltd;1;1;1;29
2026-07-01 00:00:00.000;2026 07;WG001;WADA Group;South Africa;;null;Lyra Southern Africa Pty Ltd;13;14;15;17
2026-07-01 00:00:00.000;2026 07;WG001;WADA Group;South Africa;South Africa;ZA;Lyra Southern Africa Pty Ltd;13;14;23;124
2026-07-01 00:00:00.000;2026 07;WGHUB;William Grant;China;;null;Lyra Health International Ltd;1;1;1;1
2026-07-01 00:00:00.000;2026 07;WGHUB;William Grant;China;China;CN;Lyra Health International Ltd;1;1;2;15
2026-07-01 00:00:00.000;2026 07;WGHUB;William Grant;Germany;;null;Lyra Health International Ltd;1;1;1;1
2026-07-01 00:00:00.000;2026 07;WGHUB;William Grant;Germany;Germany;DE;Lyra Health International Ltd;1;1;1;8
2026-07-01 00:00:00.000;2026 07;WGHUB;William Grant;India;;null;Lyra Health International Ltd;1;1;1;1
2026-07-01 00:00:00.000;2026 07;WGHUB;William Grant;Singapore;;null;Lyra Health International Ltd;1;1;1;1
2026-07-01 00:00:00.000;2026 07;WGHUB;William Grant;Singapore;Singapore;SG;Lyra Health International Ltd;1;1;1;1
2026-07-01 00:00:00.000;2026 07;WGHUB;William Grant;United Kingdom;;null;Lyra Health International Ltd;0;1;1;1
2026-07-01 00:00:00.000;2026 07;WGHUB;William Grant;United Kingdom;United Arab Emirates;AE;Lyra Health International Ltd;0;1;1;4
2026-07-01 00:00:00.000;2026 07;WHGEAP;White Hat Gaming Ltd;Poland;Poland;PL;Lyra Health International Ltd;0;1;2;13
2026-07-01 00:00:00.000;2026 07;WHI001;Whitfield Property Management;South Africa;South Africa;ZA;Lyra Southern Africa Pty Ltd;1;1;1;1
2026-07-01 00:00:00.000;2026 07;WHI002;Whitehead Scientific Pty Ltd;South Africa;;null;Lyra Southern Africa Pty Ltd;1;1;1;1
2026-07-01 00:00:00.000;2026 07;WHI002;Whitehead Scientific Pty Ltd;South Africa;South Africa;ZA;Lyra Southern Africa Pty Ltd;1;1;1;1
2026-07-01 00:00:00.000;2026 07;WHSMITH;WH Smith;Singapore;;null;Lyra;1;1;1;1
2026-07-01 00:00:00.000;2026 07;WHSMITH;WH Smith;Singapore;Singapore;SG;Lyra;1;1;1;20
2026-07-01 00:00:00.000;2026 07;WHSMITH;WH Smith;Spain;;null;Lyra;1;1;1;1
2026-07-01 00:00:00.000;2026 07;WHSMITH;WH Smith;Spain;Spain;ES;Lyra;1;2;2;6
2026-07-01 00:00:00.000;2026 07;WHSMITH;WH Smith;United Kingdom;;null;Lyra;2;2;2;2
2026-07-01 00:00:00.000;2026 07;WHSMITH;WH Smith;United Kingdom;Ireland;IE;Lyra;1;2;2;28
2026-07-01 00:00:00.000;2026 07;WHSMITH;WH Smith;United Kingdom;Spain;ES;Lyra;1;1;1;4
2026-07-01 00:00:00.000;2026 07;WILMINGTONHUB22;Wilmington;United Kingdom;;null;Lyra Health International Ltd;2;2;2;2
2026-07-01 00:00:00.000;2026 07;WILMINGTONHUB22;Wilmington;United Kingdom;South Africa;ZA;Lyra Health International Ltd;1;1;2;7
2026-07-01 00:00:00.000;2026 07;WILMINGTONHUB22;Wilmington;United Kingdom;United Kingdom;GB;Lyra Health International Ltd;1;1;1;1
2026-07-01 00:00:00.000;2026 07;WIO001;WIOCC South Africa Pty Ltd;South Africa;;null;Lyra Southern Africa Pty Ltd;0;1;1;1
2026-07-01 00:00:00.000;2026 07;WIO001;WIOCC South Africa Pty Ltd;South Africa;South Africa;ZA;Lyra Southern Africa Pty Ltd;0;1;1;3
2026-07-01 00:00:00.000;2026 07;WIO002;WIOCC Africa;Mauritius;;null;Lyra Southern Africa Pty Ltd;3;3;3;3
2026-07-01 00:00:00.000;2026 07;WIO002;WIOCC Africa;Mauritius;Kenya;KE;Lyra Southern Africa Pty Ltd;1;1;1;13
2026-07-01 00:00:00.000;2026 07;WIO002;WIOCC Africa;Mauritius;Mauritius;MU;Lyra Southern Africa Pty Ltd;2;2;3;11
2026-07-01 00:00:00.000;2026 07;WIO002;WIOCC Africa;Nigeria;;null;Lyra Southern Africa Pty Ltd;1;1;1;1
2026-07-01 00:00:00.000;2026 07;WIO002;WIOCC Africa;Nigeria;Nigeria;NG;Lyra Southern Africa Pty Ltd;1;1;1;1
2026-07-01 00:00:00.000;2026 07;WIO002;WIOCC Africa;South Africa;;null;Lyra Southern Africa Pty Ltd;4;5;5;5
2026-07-01 00:00:00.000;2026 07;WIO002;WIOCC Africa;South Africa;Mauritius;MU;Lyra Southern Africa Pty Ltd;0;1;1;3
2026-07-01 00:00:00.000;2026 07;WIO002;WIOCC Africa;South Africa;South Africa;ZA;Lyra Southern Africa Pty Ltd;4;4;7;35
2026-07-01 00:00:00.000;2026 07;WISER;Wise;Belgium;;null;Lyra Health International Ltd;1;1;1;1
2026-07-01 00:00:00.000;2026 07;WISER;Wise;Belgium;Belgium;BE;Lyra Health International Ltd;1;1;1;2
2026-07-01 00:00:00.000;2026 07;WISER;Wise;Brazil;;null;Lyra Health International Ltd;1;1;1;1
2026-07-01 00:00:00.000;2026 07;WISER;Wise;Brazil;Brazil;BR;Lyra Health International Ltd;1;1;1;13
2026-07-01 00:00:00.000;2026 07;WISER;Wise;Estonia;;null;Lyra Health International Ltd;8;11;11;11
2026-07-01 00:00:00.000;2026 07;WISER;Wise;Estonia;Estonia;EE;Lyra Health International Ltd;9;12;19;116
2026-07-01 00:00:00.000;2026 07;WISER;Wise;Hungary;;null;Lyra Health International Ltd;8;8;8;8
2026-07-01 00:00:00.000;2026 07;WISER;Wise;Hungary;Hungary;HU;Lyra Health International Ltd;6;6;13;77
2026-07-01 00:00:00.000;2026 07;WISER;Wise;India;;null;Lyra Health International Ltd;1;1;1;1
2026-07-01 00:00:00.000;2026 07;WISER;Wise;India;India;IN;Lyra Health International Ltd;1;1;2;5
2026-07-01 00:00:00.000;2026 07;WISER;Wise;Indonesia;;null;Lyra Health International Ltd;1;1;1;1
2026-07-01 00:00:00.000;2026 07;WISER;Wise;Indonesia;Indonesia;ID;Lyra Health International Ltd;1;1;1;3
2026-07-01 00:00:00.000;2026 07;WISER;Wise;Latvia;;null;Lyra Health International Ltd;1;1;1;1
2026-07-01 00:00:00.000;2026 07;WISER;Wise;Latvia;Estonia;EE;Lyra Health International Ltd;1;1;1;6
2026-07-01 00:00:00.000;2026 07;WISER;Wise;Malaysia;;null;Lyra Health International Ltd;1;1;1;1
2026-07-01 00:00:00.000;2026 07;WISER;Wise;Malaysia;Malaysia;MY;Lyra Health International Ltd;1;1;1;8
2026-07-01 00:00:00.000;2026 07;WISER;Wise;Singapore;;null;Lyra Health International Ltd;4;4;4;4
2026-07-01 00:00:00.000;2026 07;WISER;Wise;Singapore;Singapore;SG;Lyra Health International Ltd;4;4;8;30
2026-07-01 00:00:00.000;2026 07;WISER;Wise;United Kingdom;;null;Lyra Health International Ltd;5;6;7;7
2026-07-01 00:00:00.000;2026 07;WISER;Wise;United Kingdom;United Kingdom;GB;Lyra Health International Ltd;6;7;9;45
2026-07-01 00:00:00.000;2026 07;WISER;Wise;United States of America;;null;Lyra Health International Ltd;2;3;3;3
2026-07-01 00:00:00.000;2026 07;WISER;Wise;United States of America;United States of America;US;Lyra Health International Ltd;2;4;8;61
2026-07-01 00:00:00.000;2026 07;WIT001;Wits University;South Africa;;null;Lyra Southern Africa Pty Ltd;11;16;16;16
2026-07-01 00:00:00.000;2026 07;WIT001;Wits University;South Africa;South Africa;ZA;Lyra Southern Africa Pty Ltd;13;20;30;171
2026-07-01 00:00:00.000;2026 07;WOO001;Woods SA;South Africa;;null;Lyra Southern Africa Pty Ltd;0;1;1;1
2026-07-01 00:00:00.000;2026 07;WOO001;Woods SA;South Africa;South Africa;ZA;Lyra Southern Africa Pty Ltd;0;1;1;3
2026-07-01 00:00:00.000;2026 07;WOR003;Wordworks;South Africa;;null;Lyra Southern Africa Pty Ltd;0;1;1;1
2026-07-01 00:00:00.000;2026 07;WOR003;Wordworks;South Africa;South Africa;ZA;Lyra Southern Africa Pty Ltd;0;1;1;13
2026-07-01 00:00:00.000;2026 07;WRC001;Water Research Commission;South Africa;;null;Lyra Southern Africa Pty Ltd;3;3;3;3
2026-07-01 00:00:00.000;2026 07;WRC001;Water Research Commission;South Africa;South Africa;ZA;Lyra Southern Africa Pty Ltd;3;3;4;18
2026-07-01 00:00:00.000;2026 07;WST001;Westfalia;South Africa;;null;Lyra Southern Africa Pty Ltd;8;8;8;8
2026-07-01 00:00:00.000;2026 07;WST001;Westfalia;South Africa;South Africa;ZA;Lyra Southern Africa Pty Ltd;8;8;11;60
2026-07-01 00:00:00.000;2026 07;WSU001;WSU Walter Sisulu University;South Africa;;null;Lyra Southern Africa Pty Ltd;1;1;2;2
2026-07-01 00:00:00.000;2026 07;WSU001;WSU Walter Sisulu University;South Africa;South Africa;ZA;Lyra Southern Africa Pty Ltd;1;1;2;25
2026-07-01 00:00:00.000;2026 07;WUR001;Wurth SA;South Africa;;null;Lyra Southern Africa Pty Ltd;2;2;2;2
2026-07-01 00:00:00.000;2026 07;WUR001;Wurth SA;South Africa;South Africa;ZA;Lyra Southern Africa Pty Ltd;2;2;4;24
2026-07-01 00:00:00.000;2026 07;WWTGLOBAL;World Wide Technology;Australia;;null;Lyra Health International Ltd;1;1;1;1
2026-07-01 00:00:00.000;2026 07;WWTGLOBAL;World Wide Technology;Australia;Australia;AU;Lyra Health International Ltd;1;1;1;2
2026-07-01 00:00:00.000;2026 07;WWTGLOBAL;World Wide Technology;India;;null;Lyra Health International Ltd;1;1;1;1
2026-07-01 00:00:00.000;2026 07;WWTGLOBAL;World Wide Technology;India;India;IN;Lyra Health International Ltd;1;1;1;6
2026-07-01 00:00:00.000;2026 07;WWTGLOBAL;World Wide Technology;Poland;;null;Lyra Health International Ltd;1;1;1;1
2026-07-01 00:00:00.000;2026 07;WWTGLOBAL;World Wide Technology;Poland;Poland;PL;Lyra Health International Ltd;1;1;1;5
2026-07-01 00:00:00.000;2026 07;WWTGLOBAL;World Wide Technology;United Kingdom;;null;Lyra Health International Ltd;1;1;1;1
2026-07-01 00:00:00.000;2026 07;WWTGLOBAL;World Wide Technology;United Kingdom;United Kingdom;GB;Lyra Health International Ltd;1;1;1;11
2026-07-01 00:00:00.000;2026 07;WYNDHAM;Wyndham Destinations Asia Pacific Pty Ltd;Hong Kong;;null;Lyra Health International Ltd;5;6;6;6
2026-07-01 00:00:00.000;2026 07;WYNDHAM;Wyndham Destinations Asia Pacific Pty Ltd;Hong Kong;Philippines;PH;Lyra Health International Ltd;4;5;6;27
2026-07-01 00:00:00.000;2026 07;WYNDHAM;Wyndham Destinations Asia Pacific Pty Ltd;Indonesia;;null;Lyra Health International Ltd;1;1;1;1
2026-07-01 00:00:00.000;2026 07;WYNDHAM;Wyndham Destinations Asia Pacific Pty Ltd;Indonesia;Indonesia;ID;Lyra Health International Ltd;1;1;1;2
2026-07-01 00:00:00.000;2026 07;WYNDHAM;Wyndham Destinations Asia Pacific Pty Ltd;Philippines;;null;Lyra Health International Ltd;2;2;3;3
2026-07-01 00:00:00.000;2026 07;WYNDHAM;Wyndham Destinations Asia Pacific Pty Ltd;Philippines;Philippines;PH;Lyra Health International Ltd;3;3;4;15
2026-07-01 00:00:00.000;2026 07;WYNDHAM;Wyndham Destinations Asia Pacific Pty Ltd;Singapore;;null;Lyra Health International Ltd;1;1;1;1
2026-07-01 00:00:00.000;2026 07;WYNDHAM;Wyndham Destinations Asia Pacific Pty Ltd;Singapore;Indonesia;ID;Lyra Health International Ltd;1;1;1;10
2026-07-01 00:00:00.000;2026 07;WYNDHAM;Wyndham Destinations Asia Pacific Pty Ltd;Thailand;Thailand;TH;Lyra Health International Ltd;1;1;1;1
2026-07-01 00:00:00.000;2026 07;XENTRALEAP;XENTRAL ERP GmbH;Germany;;null;Lyra Deutschland GmBH;1;1;2;2
2026-07-01 00:00:00.000;2026 07;XENTRALEAP;XENTRAL ERP GmbH;Germany;Germany;DE;Lyra Deutschland GmBH;1;1;3;10
2026-07-01 00:00:00.000;2026 07;XPERI;Xperi;Taiwan (Republic of China);;null;Lyra Health International Ltd;1;1;1;1
2026-07-01 00:00:00.000;2026 07;XPERI;Xperi;Taiwan (Republic of China);Taiwan (Republic of China);TW;Lyra Health International Ltd;1;1;3;48
2026-07-01 00:00:00.000;2026 07;YAR001;Yara Africa Fertilzer PTY Ltd;South Africa;;null;Lyra Southern Africa Pty Ltd;0;1;1;1
2026-07-01 00:00:00.000;2026 07;YAR001;Yara Africa Fertilzer PTY Ltd;South Africa;South Africa;ZA;Lyra Southern Africa Pty Ltd;0;2;2;17
2026-07-01 00:00:00.000;2026 07;YETTEL;Yettel Magyarország Zrt.;Hungary;;null;Lyra Health Hungary Kft;6;7;7;8
2026-07-01 00:00:00.000;2026 07;YETTEL;Yettel Magyarország Zrt.;Hungary;Hungary;HU;Lyra Health Hungary Kft;7;8;18;155
2026-07-01 00:00:00.000;2026 07;YGL0000030;YuLife Holdings Bluecube Technologies;South Africa;;null;Lyra Southern Africa Pty Ltd;1;1;1;1
2026-07-01 00:00:00.000;2026 07;YGL0000030;YuLife Holdings Bluecube Technologies;South Africa;South Africa;ZA;Lyra Southern Africa Pty Ltd;1;1;1;4
2026-07-01 00:00:00.000;2026 07;YGL0000031;YuLife Holdings Buddycentral Management Pty Ltd;South Africa;;null;Lyra Southern Africa Pty Ltd;1;1;1;1
2026-07-01 00:00:00.000;2026 07;YGL0000031;YuLife Holdings Buddycentral Management Pty Ltd;South Africa;South Africa;ZA;Lyra Southern Africa Pty Ltd;1;1;2;14
2026-07-01 00:00:00.000;2026 07;YGL0000035;YuLife Holdings Yulife Pty Ltd;South Africa;;null;Lyra Southern Africa Pty Ltd;1;2;2;2
2026-07-01 00:00:00.000;2026 07;YGL0000035;YuLife Holdings Yulife Pty Ltd;South Africa;South Africa;ZA;Lyra Southern Africa Pty Ltd;1;2;6;55
2026-07-01 00:00:00.000;2026 07;YGL0000045;YuLife Holdings Impact Radius SA;South Africa;;null;Lyra Southern Africa Pty Ltd;2;2;2;2
2026-07-01 00:00:00.000;2026 07;YGL0000045;YuLife Holdings Impact Radius SA;South Africa;South Africa;ZA;Lyra Southern Africa Pty Ltd;2;2;3;16
2026-07-01 00:00:00.000;2026 07;YGL0000048;YuLife Holdings - BirdLife South Africa;South Africa;;null;Lyra Southern Africa Pty Ltd;1;1;1;1
2026-07-01 00:00:00.000;2026 07;YGL0000048;YuLife Holdings - BirdLife South Africa;South Africa;South Africa;ZA;Lyra Southern Africa Pty Ltd;1;1;1;14
2026-07-01 00:00:00.000;2026 07;YGL0000056;YuLife Holdings Mabula Ground Hornbill;South Africa;South Africa;ZA;Lyra Southern Africa Pty Ltd;0;1;1;12
2026-07-01 00:00:00.000;2026 07;YGL0000068;YuLife Holdings Blue Lever Education;South Africa;;null;Lyra Southern Africa Pty Ltd;1;1;1;1
2026-07-01 00:00:00.000;2026 07;YGL0000068;YuLife Holdings Blue Lever Education;South Africa;South Africa;ZA;Lyra Southern Africa Pty Ltd;1;1;2;6
2026-07-01 00:00:00.000;2026 07;YGL0000095;YuLife Holdings Procera Holdings Pty Ltd;South Africa;;null;Lyra Southern Africa Pty Ltd;2;3;4;5
2026-07-01 00:00:00.000;2026 07;YGL0000095;YuLife Holdings Procera Holdings Pty Ltd;South Africa;South Africa;ZA;Lyra Southern Africa Pty Ltd;2;2;6;105
2026-07-01 00:00:00.000;2026 07;YGL0000100;YuLife Holdings Hastag Works Group Pty Ltd;South Africa;;null;Lyra Southern Africa Pty Ltd;2;2;2;2
2026-07-01 00:00:00.000;2026 07;YGL0000100;YuLife Holdings Hastag Works Group Pty Ltd;South Africa;South Africa;ZA;Lyra Southern Africa Pty Ltd;2;2;2;14
2026-07-01 00:00:00.000;2026 07;YGL0000111;YuLife Holdings - NURTURE HEALTHCARE NETWORK (PTY) LTD;South Africa;;null;Lyra Southern Africa Pty Ltd;5;7;8;10
2026-07-01 00:00:00.000;2026 07;YGL0000111;YuLife Holdings - NURTURE HEALTHCARE NETWORK (PTY) LTD;South Africa;South Africa;ZA;Lyra Southern Africa Pty Ltd;5;5;8;67
2026-07-01 00:00:00.000;2026 07;YGL0000111;YuLife Holdings - NURTURE HEALTHCARE NETWORK (PTY) LTD;United Kingdom;;null;Lyra Southern Africa Pty Ltd;1;1;1;3
2026-07-01 00:00:00.000;2026 07;ZETAHUB;Zeta Global / Selligent;France;;null;Lyra France SASU;0;1;1;1
2026-07-01 00:00:00.000;2026 07;ZETAHUB;Zeta Global / Selligent;France;France;FR;Lyra France SASU;0;1;1;1
2026-07-01 00:00:00.000;2026 07;ZIM001;Zimmer Biomet South Africa;South Africa;;null;Lyra Southern Africa Pty Ltd;1;1;1;1
2026-07-01 00:00:00.000;2026 07;ZIM001;Zimmer Biomet South Africa;South Africa;South Africa;ZA;Lyra Southern Africa Pty Ltd;1;1;1;3
2026-07-01 00:00:00.000;2026 07;ZOETIS;Zoetis;Australia;;null;Lyra Health International Ltd;2;2;2;2
2026-07-01 00:00:00.000;2026 07;ZOETIS;Zoetis;Australia;Australia;AU;Lyra Health International Ltd;2;2;2;2
2026-07-01 00:00:00.000;2026 07;ZOETIS;Zoetis;Belgium;;null;Lyra Health International Ltd;3;3;3;3
2026-07-01 00:00:00.000;2026 07;ZOETIS;Zoetis;Belgium;Belgium;BE;Lyra Health International Ltd;3;3;3;27
2026-07-01 00:00:00.000;2026 07;ZOETIS;Zoetis;Brazil;;null;Lyra Health International Ltd;2;2;2;2
2026-07-01 00:00:00.000;2026 07;ZOETIS;Zoetis;Brazil;Brazil;BR;Lyra Health International Ltd;2;2;4;20
2026-07-01 00:00:00.000;2026 07;ZOETIS;Zoetis;Costa Rica;;null;Lyra Health International Ltd;1;1;1;1
2026-07-01 00:00:00.000;2026 07;ZOETIS;Zoetis;Costa Rica;Costa Rica;CR;Lyra Health International Ltd;1;1;2;7
2026-07-01 00:00:00.000;2026 07;ZOETIS;Zoetis;India;;null;Lyra Health International Ltd;0;1;1;1
2026-07-01 00:00:00.000;2026 07;ZOETIS;Zoetis;India;India;IN;Lyra Health International Ltd;0;1;4;51
2026-07-01 00:00:00.000;2026 07;ZOETIS;Zoetis;Ireland;;null;Lyra Health International Ltd;4;5;5;5
2026-07-01 00:00:00.000;2026 07;ZOETIS;Zoetis;Ireland;Ireland;IE;Lyra Health International Ltd;1;1;3;16
2026-07-01 00:00:00.000;2026 07;ZOETIS;Zoetis;Ireland;United Kingdom;GB;Lyra Health International Ltd;3;4;4;16
2026-07-01 00:00:00.000;2026 07;ZOETIS;Zoetis;Japan;;null;Lyra Health International Ltd;1;1;1;1
2026-07-01 00:00:00.000;2026 07;ZOETIS;Zoetis;Japan;Japan;JP;Lyra Health International Ltd;1;1;1;8
2026-07-01 00:00:00.000;2026 07;ZOETIS;Zoetis;Mexico;;null;Lyra Health International Ltd;0;1;2;2
2026-07-01 00:00:00.000;2026 07;ZOETIS;Zoetis;Mexico;Mexico;MX;Lyra Health International Ltd;0;1;1;3
2026-07-01 00:00:00.000;2026 07;ZOETIS;Zoetis;Netherlands;;null;Lyra Health International Ltd;1;1;1;1
2026-07-01 00:00:00.000;2026 07;ZOETIS;Zoetis;Netherlands;Netherlands;NL;Lyra Health International Ltd;1;1;2;16
2026-07-01 00:00:00.000;2026 07;ZOETIS;Zoetis;Oman;;null;Lyra Health International Ltd;1;1;1;1
2026-07-01 00:00:00.000;2026 07;ZOETIS;Zoetis;Oman;Egypt;EG;Lyra Health International Ltd;1;1;1;6
2026-07-01 00:00:00.000;2026 07;ZOETIS;Zoetis;Singapore;;null;Lyra Health International Ltd;1;1;1;1
2026-07-01 00:00:00.000;2026 07;ZOETIS;Zoetis;Singapore;Australia;AU;Lyra Health International Ltd;1;1;1;2
2026-07-01 00:00:00.000;2026 07;ZOETIS;Zoetis;Spain;;null;Lyra Health International Ltd;1;1;1;1
2026-07-01 00:00:00.000;2026 07;ZOETIS;Zoetis;Spain;Spain;ES;Lyra Health International Ltd;1;1;1;2
2026-07-01 00:00:00.000;2026 07;ZOETIS;Zoetis;Turkey;;null;Lyra Health International Ltd;2;3;3;3
2026-07-01 00:00:00.000;2026 07;ZOETIS;Zoetis;Turkey;Turkey;TR;Lyra Health International Ltd;2;3;3;16
2026-07-01 00:00:00.000;2026 07;ZOETIS;Zoetis;United Kingdom;;null;Lyra Health International Ltd;3;4;4;4
2026-07-01 00:00:00.000;2026 07;ZOETIS;Zoetis;United Kingdom;United Kingdom;GB;Lyra Health International Ltd;3;4;7;65
2026-07-01 00:00:00.000;2026 07;ZOETIS;Zoetis;United States of America;;null;Lyra Health International Ltd;2;3;3;3
2026-07-01 00:00:00.000;2026 07;ZOETIS;Zoetis;United States of America;Canada;CA;Lyra Health International Ltd;1;2;2;30
2026-07-01 00:00:00.000;2026 07;ZOETIS;Zoetis;United States of America;Costa Rica;CR;Lyra Health International Ltd;1;1;1;7
2026-07-01 00:00:00.000;2026 07;ZUTARIXICAS;Zutari;South Africa;;null;Lyra Health International Ltd (DMCC) Branch (MENA);2;2;2;4
2026-07-01 00:00:00.000;2026 07;ZUTARIXICAS;Zutari;South Africa;Qatar;QA;Lyra Health International Ltd (DMCC) Branch (MENA);1;1;1;17
2026-07-01 00:00:00.000;2026 07;ZUTARIXICAS;Zutari;United Kingdom;;null;Lyra Health International Ltd (DMCC) Branch (MENA);1;1;1;1
2026-07-01 00:00:00.000;2026 07;ZUTARIXICAS;Zutari;United Kingdom;United Arab Emirates;AE;Lyra Health International Ltd (DMCC) Branch (MENA);1;1;1;4
